scenario,policy,reference,repeat,tokens_compared,token_mismatches,missing_tokens,mismatches_outside_events,events,rid,first_position,tokens,after_first,differing_after_first,cascade,reference_token,candidate_token,teacher_reproduced,reference_top1_logit,reference_margin,margin_ulps,max_abs_logit_diff,tie_class,note
arrivals,hybrid,heuristic,0,1192,0,0,0,0,,,,,,,,,,,,,,,
arrivals,hybrid,heuristic,1,1192,0,0,0,0,,,,,,,,,,,,,,,
arrivals,hybrid,heuristic,2,1192,0,0,0,0,,,,,,,,,,,,,,,
arrivals,table,heuristic,0,1192,0,0,0,0,,,,,,,,,,,,,,,
arrivals,table,heuristic,1,1192,0,0,0,0,,,,,,,,,,,,,,,
arrivals,table,heuristic,2,1192,0,0,0,0,,,,,,,,,,,,,,,
control_uniform_fixed8,fixed8,heuristic,0,2048,114,0,0,6,2,10,63,54,4,False,20,18,True,20.25,0.125,1.0,0.125,tie_1ulp,
control_uniform_fixed8,fixed8,heuristic,0,2048,114,0,0,6,4,10,63,54,25,False,18,20,True,20.625,0.0,0.0,0.265625,tie_1ulp,
control_uniform_fixed8,fixed8,heuristic,0,2048,114,0,0,6,8,41,63,23,22,False,25,198,True,33.75,17.5,70.0,22.625,clear,
control_uniform_fixed8,fixed8,heuristic,0,2048,114,0,0,6,20,9,63,55,25,False,19,18,True,17.875,0.125,1.0,0.125,tie_1ulp,
control_uniform_fixed8,fixed8,heuristic,0,2048,114,0,0,6,27,9,63,55,6,False,16,15,True,19.375,0.125,1.0,0.125,tie_1ulp,
control_uniform_fixed8,fixed8,heuristic,0,2048,114,0,0,6,31,26,63,38,32,False,1149,1024,True,21.625,0.125,1.0,0.125,tie_1ulp,
control_uniform_fixed8,fixed8,heuristic,1,2048,114,0,0,6,2,10,63,54,4,False,20,18,True,20.25,0.125,1.0,0.125,tie_1ulp,
control_uniform_fixed8,fixed8,heuristic,1,2048,114,0,0,6,4,10,63,54,25,False,18,20,True,20.625,0.0,0.0,0.265625,tie_1ulp,
control_uniform_fixed8,fixed8,heuristic,1,2048,114,0,0,6,8,41,63,23,22,False,25,198,True,33.75,17.5,70.0,22.625,clear,
control_uniform_fixed8,fixed8,heuristic,1,2048,114,0,0,6,20,9,63,55,25,False,19,18,True,17.875,0.125,1.0,0.125,tie_1ulp,
control_uniform_fixed8,fixed8,heuristic,1,2048,114,0,0,6,27,9,63,55,6,False,16,15,True,19.375,0.125,1.0,0.125,tie_1ulp,
control_uniform_fixed8,fixed8,heuristic,1,2048,114,0,0,6,31,26,63,38,32,False,1149,1024,True,21.625,0.125,1.0,0.125,tie_1ulp,
control_uniform_fixed8,fixed8,heuristic,2,2048,114,0,0,6,2,10,63,54,4,False,20,18,True,20.25,0.125,1.0,0.125,tie_1ulp,
control_uniform_fixed8,fixed8,heuristic,2,2048,114,0,0,6,4,10,63,54,25,False,18,20,True,20.625,0.0,0.0,0.265625,tie_1ulp,
control_uniform_fixed8,fixed8,heuristic,2,2048,114,0,0,6,8,41,63,23,22,False,25,198,True,33.75,17.5,70.0,22.625,clear,
control_uniform_fixed8,fixed8,heuristic,2,2048,114,0,0,6,20,9,63,55,25,False,19,18,True,17.875,0.125,1.0,0.125,tie_1ulp,
control_uniform_fixed8,fixed8,heuristic,2,2048,114,0,0,6,27,9,63,55,6,False,16,15,True,19.375,0.125,1.0,0.125,tie_1ulp,
control_uniform_fixed8,fixed8,heuristic,2,2048,114,0,0,6,31,26,63,38,32,False,1149,1024,True,21.625,0.125,1.0,0.125,tie_1ulp,
heldout_arrivals,hybrid,heuristic,0,896,25,0,0,2,21,14,31,18,18,True,4751,311,True,38.75,0.25,1.0,0.2734375,tie_1ulp,
heldout_arrivals,hybrid,heuristic,0,896,25,0,0,2,23,25,31,7,7,True,1447,11,True,31.25,0.125,1.0,0.2578125,tie_1ulp,
heldout_arrivals,hybrid,heuristic,1,896,25,0,0,2,21,14,31,18,18,True,4751,311,True,38.75,0.25,1.0,0.2734375,tie_1ulp,
heldout_arrivals,hybrid,heuristic,1,896,25,0,0,2,23,25,31,7,7,True,1447,11,True,31.25,0.125,1.0,0.2578125,tie_1ulp,
heldout_arrivals,hybrid,heuristic,2,896,25,0,0,2,21,14,31,18,18,True,4751,311,True,38.75,0.25,1.0,0.2734375,tie_1ulp,
heldout_arrivals,hybrid,heuristic,2,896,25,0,0,2,23,25,31,7,7,True,1447,11,True,31.25,0.125,1.0,0.2578125,tie_1ulp,
heldout_arrivals,model,heuristic,0,896,25,0,0,2,21,14,31,18,18,True,4751,311,True,38.75,0.25,1.0,0.2734375,tie_1ulp,
heldout_arrivals,model,heuristic,0,896,25,0,0,2,23,25,31,7,7,True,1447,11,True,31.25,0.125,1.0,0.2578125,tie_1ulp,
heldout_arrivals,model,heuristic,1,896,25,0,0,2,21,14,31,18,18,True,4751,311,True,38.75,0.25,1.0,0.2734375,tie_1ulp,
heldout_arrivals,model,heuristic,1,896,25,0,0,2,23,25,31,7,7,True,1447,11,True,31.25,0.125,1.0,0.2578125,tie_1ulp,
heldout_arrivals,model,heuristic,2,896,25,0,0,2,21,14,31,18,18,True,4751,311,True,38.75,0.25,1.0,0.2734375,tie_1ulp,
heldout_arrivals,model,heuristic,2,896,25,0,0,2,23,25,31,7,7,True,1447,11,True,31.25,0.125,1.0,0.2578125,tie_1ulp,
heldout_arrivals,table,heuristic,0,896,21,0,0,2,23,25,31,7,7,True,1447,11,True,31.25,0.125,1.0,0.3125,tie_1ulp,
heldout_arrivals,table,heuristic,0,896,21,0,0,2,24,18,31,14,14,True,916,382,True,37.0,0.25,1.0,0.25,tie_1ulp,
heldout_arrivals,table,heuristic,1,896,21,0,0,2,23,25,31,7,7,True,1447,11,True,31.25,0.125,1.0,0.3125,tie_1ulp,
heldout_arrivals,table,heuristic,1,896,21,0,0,2,24,18,31,14,14,True,916,382,True,37.0,0.25,1.0,0.25,tie_1ulp,
heldout_arrivals,table,heuristic,2,896,21,0,0,2,23,25,31,7,7,True,1447,11,True,31.25,0.125,1.0,0.3125,tie_1ulp,
heldout_arrivals,table,heuristic,2,896,21,0,0,2,24,18,31,14,14,True,916,382,True,37.0,0.25,1.0,0.25,tie_1ulp,
ragged,hybrid,heuristic,0,2048,0,0,0,0,,,,,,,,,,,,,,,
ragged,hybrid,heuristic,1,2048,0,0,0,0,,,,,,,,,,,,,,,
ragged,hybrid,heuristic,2,2048,0,0,0,0,,,,,,,,,,,,,,,
ragged,table,heuristic,0,2048,0,0,0,0,,,,,,,,,,,,,,,
ragged,table,heuristic,1,2048,0,0,0,0,,,,,,,,,,,,,,,
ragged,table,heuristic,2,2048,0,0,0,0,,,,,,,,,,,,,,,
uniform,hybrid,heuristic,0,2048,0,0,0,0,,,,,,,,,,,,,,,
uniform,hybrid,heuristic,1,2048,0,0,0,0,,,,,,,,,,,,,,,
uniform,hybrid,heuristic,2,2048,0,0,0,0,,,,,,,,,,,,,,,
uniform,table,heuristic,0,2048,0,0,0,0,,,,,,,,,,,,,,,
uniform,table,heuristic,1,2048,0,0,0,0,,,,,,,,,,,,,,,
uniform,table,heuristic,2,2048,0,0,0,0,,,,,,,,,,,,,,,
