rid,position,ref_top1,cand_top1,ref_top1_logit,cand_top1_logit,ref_margin,max_abs_logit_diff,cosine
0,41,15,15,18.625,18.375,7.125,0.25,0.9991502165794373
1,41,15,15,18.5,18.5,6.0625,0.0859375,0.9999208450317383
2,41,220,220,23.75,23.625,8.0,0.125,0.9999552965164185
3,41,15,15,17.75,17.875,6.3125,0.125,0.9998842477798462
4,41,15,15,28.125,28.25,4.125,0.171875,0.9994630813598633
5,41,15,15,17.625,17.625,6.1875,0.09375,0.9998821020126343
6,41,15,15,17.875,17.875,6.6875,0.0703125,0.999953031539917
7,41,15,15,17.75,17.625,6.1875,0.125,0.9998995065689087
8,41,25,25,33.75,33.75,11.875,1.96875,0.9903181195259094
9,41,15,15,16.875,17.0,5.6875,0.125,0.9998677372932434
10,41,15,15,18.0,18.0,6.375,0.109375,0.9995996952056885
11,41,15,15,16.875,16.875,5.75,0.0625,0.999948263168335
12,41,15,15,18.25,18.25,6.1875,0.078125,0.9998953342437744
13,41,15,15,31.625,31.375,14.0,2.96875,0.9581879377365112
14,41,15,15,17.125,17.125,5.6875,0.09375,0.9998390674591064
15,41,15,15,17.875,17.75,5.6875,0.125,0.9999396800994873
16,41,15,15,18.625,18.625,6.4375,0.09375,0.9998675584793091
17,41,15,15,18.625,18.75,6.6875,0.125,0.9998663663864136
18,41,16,16,23.625,23.625,8.3125,0.095703125,0.9999633431434631
19,41,279,279,26.375,26.375,2.125,0.359375,0.9998610019683838
20,41,16,16,15.3125,15.25,3.75,0.078125,0.9999537467956543
21,41,15,15,17.625,17.75,5.875,0.125,0.9998533129692078
22,41,15,15,17.625,17.625,5.625,0.078125,0.9999005794525146
23,41,15,15,18.75,18.625,6.3125,0.12890625,0.99934983253479
24,41,25,25,34.0,33.75,11.625,0.9375,0.9930912256240845
25,41,15,15,17.5,17.5,5.5625,0.1015625,0.9997401833534241
26,41,15,15,17.875,17.875,6.4375,0.1015625,0.9996172189712524
27,41,220,220,23.625,23.5,7.5,0.125,0.999958872795105
28,41,15,15,18.5,18.5,7.0,0.078125,0.9998828172683716
29,41,15,15,18.125,18.125,6.5,0.109375,0.999642014503479
30,41,15,15,18.0,17.875,5.8125,0.125,0.9999114274978638
31,41,421,421,23.5,23.5,1.0,0.125,0.9999591112136841
