policy,phase,op_class,gpu_us,share,weight_bytes,act_bytes,bytes,flops,ai,achieved_gbps,achieved_tflops,pct_dram,pct_tc,layer_mean_us,verdict
heuristic,decode,embed,25.91746040279903,0.0013851046922667897,163840.0,163840.0,327680.0,0.0,0.0,12.643214069099582,0.0,1.3272208469895133,0.0,25.91746040279903,below_ceiling_unknown
heuristic,decode,norm,2758.9404282588807,0.14744582507216705,368640.0,47185920.0,47554560.0,0.0,0.0,17.23653019576463,0.0,1.8094040076007567,0.0,76.63723411830225,below_ceiling_unknown
heuristic,decode,qkv_proj,1919.6154667389771,0.10258985058740204,1132462080.0,20054016.0,1152516096.0,36238786560.0,31.443193449334697,600.3890445610351,18.878148872993854,63.02581383898622,11.195992414090123,53.32265185386048,below_ceiling_unknown
heuristic,decode,rope,928.8965139597182,0.049642939551936854,0.0,23592960.0,23592960.0,0.0,0.0,25.39891112243222,0.0,2.666249590356465,0.0,25.802680943325505,below_ceiling_unknown
heuristic,decode,attention,3585.2825401557816,0.19160795819854526,0.0,2585788416.0,2585788416.0,10267656192.0,3.9708029197080292,721.2230520297145,2.8638346007603257,75.71035851735843,1.698443564622474,99.59118167099393,memory_bound
heuristic,decode,o_proj,1226.7220429484807,0.06555960465985856,754974720.0,21233664.0,776208384.0,24159191040.0,31.124620060790274,632.7500092313894,19.69410363078853,66.4229046977226,11.679907618910793,34.07561230412446,below_ceiling_unknown
heuristic,decode,mlp,6815.8532331387205,0.3642590804924174,5379194880.0,152174592.0,5531369472.0,172134236160.0,31.119641714651312,811.5446860132562,25.25497986416173,85.19186811625825,14.977875472824996,189.32925647607556,memory_bound
heuristic,decode,lm_head,931.3254659138029,0.04977274983028226,777917440.0,19775488.0,797692928.0,24893194240.0,31.206487316382475,856.5136004493503,26.728780808731738,89.91247795327277,15.85193702972318,931.3254659138029,memory_bound
heuristic,prefill,embed,34.86500005237758,0.0009146074118817449,2621440.0,2621440.0,5242880.0,0.0,0.0,150.37659521364225,0.0,15.785776541950401,0.0,34.86500005237758,below_ceiling_unknown
heuristic,prefill,norm,4545.873035676777,0.1192510874991328,368640.0,754974720.0,755343360.0,0.0,0.0,166.160241184023,0.0,17.44266409118441,0.0,126.27425099102159,below_ceiling_unknown
heuristic,prefill,qkv_proj,4286.801075330004,0.112454898347034,1132462080.0,320864256.0,1453326336.0,579820584960.0,398.961038961039,339.0235073802954,135.2571707366581,35.588977941482895,80.21645912991258,119.07780764805567,compute_bound
heuristic,prefill,rope,1669.7360189864412,0.04380189119623347,0.0,377487360.0,377487360.0,0.0,0.0,226.07607173087243,0.0,23.732325796812162,0.0,46.3815560829567,below_ceiling_unknown
heuristic,prefill,attention,2989.2029464244843,0.07841523494367943,0.0,377487360.0,377487360.0,77460406272.0,205.2,126.2836169927937,25.91339820692127,13.256617201136375,15.368361151289962,83.0334151784579,parallelism_candidate
heuristic,prefill,o_proj,3423.87606902048,0.08981793848806015,754974720.0,339738624.0,1094713344.0,386547056640.0,353.1034482758621,319.72925477795735,112.89750237676837,33.56356461375234,66.95569510992868,95.10766858390222,below_ceiling_unknown
heuristic,prefill,mlp,19669.56589743495,0.5159882613298206,5379194880.0,2434793472.0,7813988352.0,2754147778560.0,352.463768115942,397.2628777241596,140.02077081524,41.70265331021958,83.04158942750537,546.3768304843042,compute_bound
heuristic,prefill,lm_head,844.3729914724827,0.02215028811797836,777917440.0,316407808.0,1094325248.0,398291107840.0,363.96044829260853,1296.0211411921541,471.70043554499443,136.04976292645088,279.74959481539645,844.3729914724827,compute_bound
table,decode,embed,28.473905006807946,0.0015199019287771426,163840.0,163840.0,327680.0,0.0,0.0,11.50808081721329,0.0,1.2080602832451568,0.0,28.473905006807946,below_ceiling_unknown
table,decode,norm,2768.1198572769526,0.1477588237073775,368640.0,47185920.0,47554560.0,0.0,0.0,17.179371722285264,0.0,1.8034037993333571,0.0,76.89221825769313,below_ceiling_unknown
table,decode,qkv_proj,1919.6586415526413,0.10246901052707612,1132462080.0,20054016.0,1152516096.0,36238786560.0,31.443193449334697,600.3755412826065,18.877724286798024,63.024396332920496,11.195740606359417,53.32385115424003,below_ceiling_unknown
table,decode,rope,931.5961966261505,0.04972745591990261,0.0,23592960.0,23592960.0,0.0,0.0,25.325307343936974,0.0,2.6585230369103097,0.0,25.87767212850418,below_ceiling_unknown
table,decode,attention,3587.0567624058044,0.19147266560417825,0.0,2585788416.0,2585788416.0,10267656192.0,3.9708029197080292,720.8663222451313,2.8624180970901563,75.67291082373771,1.6976034841435856,99.64046562238346,memory_bound
table,decode,o_proj,1228.9965827431943,0.06560232170913266,754974720.0,21233664.0,776208384.0,24159191040.0,31.124620060790274,631.5789603478443,19.657655179215578,66.29997389210699,11.658291273470278,34.13879396508873,below_ceiling_unknown
table,decode,mlp,6816.387076226491,0.36385033461238137,5379194880.0,152174592.0,5531369472.0,172134236160.0,31.119641714651312,811.4811277798107,25.25300195470889,85.18519609346676,14.976702441540057,189.34408545073586,memory_bound
table,decode,lm_head,928.868570025005,0.04958185857626205,777917440.0,19775488.0,797692928.0,24893194240.0,31.206487316382475,858.7791144429897,26.799479542439332,90.15030018621695,15.89386606056202,928.868570025005,memory_bound
table,prefill,embed,36.96399979526177,0.0009602048165062259,2621440.0,2621440.0,5242880.0,0.0,0.0,141.8374642635957,0.0,14.889381641877158,0.0,36.96399979526177,below_ceiling_unknown
table,prefill,norm,4591.325031593442,0.11926773168218502,368640.0,754974720.0,755343360.0,0.0,0.0,164.51533158780842,0.0,17.26998977786682,0.0,127.53680643315117,below_ceiling_unknown
table,prefill,qkv_proj,4331.459035398439,0.11251725601465144,1132462080.0,320864256.0,1453326336.0,579820584960.0,398.961038961039,335.52812669422207,133.86265002657794,35.222050505993266,79.38941600209381,120.31830653884552,compute_bound
table,prefill,rope,1688.0920238327235,0.043851155204196836,0.0,377487360.0,377487360.0,0.0,0.0,223.6177617514802,0.0,23.474264813649192,0.0,46.891445106464545,below_ceiling_unknown
table,prefill,attention,3031.1189584899694,0.0787386386610273,0.0,377487360.0,377487360.0,77460406272.0,205.2,124.53729634816284,25.55505321064301,13.073297267422138,15.155838838485343,84.1977488469436,parallelism_candidate
table,prefill,o_proj,3454.9670659471303,0.08974883767903463,754974720.0,339738624.0,1094713344.0,386547056640.0,353.1034482758621,316.8520345069917,111.88154597764121,33.26152854095187,66.35316568746259,95.97130738742028,below_ceiling_unknown
table,prefill,mlp,19838.71398679912,0.5153454395878384,5379194880.0,2434793472.0,7813988352.0,2754147778560.0,352.463768115942,393.8757500712751,138.82693103961464,41.34708973218052,82.3335633831371,551.0753885221978,compute_bound
table,prefill,lm_head,844.8309972882271,0.02194596897584387,777917440.0,316407808.0,1094325248.0,398291107840.0,363.96044829260853,1295.3185329522823,471.4447139350367,135.97600665703015,279.59793496651685,844.8309972882271,compute_bound
