layer,variant,num_splits_called,max_abs_err,mean_abs_err,max_abs_err_target,max_abs_out,max_abs_out_target,split1_vs_candidate_max,split1_vs_candidate_max_target,exact_equal_split1
0,split1,0,0.0009644031524658203,1.2918775610160083e-05,0.0007933080196380615,0.5322014093399048,0.4117092490196228,0.0009765625,0.0009765625,True
0,split8,0,0.0009644031524658203,1.2913606042275205e-05,0.0007933080196380615,0.5322014093399048,0.4117092490196228,0.0009765625,0.0009765625,True
0,kernel_as_called,0,0.0009644031524658203,1.2918775610160083e-05,0.0007933080196380615,0.5322014093399048,0.4117092490196228,0.0009765625,0.0009765625,True
1,split1,0,0.0010164976119995117,3.0230450647650287e-05,0.0010164976119995117,0.35532695055007935,0.34565043449401855,0.001953125,0.001953125,True
1,split8,0,0.0009366273880004883,3.0197479645721614e-05,0.0009366273880004883,0.35532695055007935,0.34565043449401855,0.001953125,0.001953125,True
1,kernel_as_called,0,0.0010164976119995117,3.0230450647650287e-05,0.0010164976119995117,0.35532695055007935,0.34565043449401855,0.001953125,0.001953125,True
2,split1,0,0.0011710822582244873,3.323126657051034e-05,0.0008363425731658936,0.4912659823894501,0.4620542824268341,0.0009765625,0.0009765625,True
2,split8,0,0.0011710822582244873,3.319314419059083e-05,0.0008363425731658936,0.4912659823894501,0.4620542824268341,0.0009765625,0.0009765625,True
2,kernel_as_called,0,0.0011710822582244873,3.323126657051034e-05,0.0008363425731658936,0.4912659823894501,0.4620542824268341,0.0009765625,0.0009765625,True
3,split1,0,0.001877903938293457,4.0914561395766214e-05,0.0017760396003723145,0.7746905088424683,0.558973491191864,0.0009765625,0.0009765625,True
3,split8,0,0.001877903938293457,4.0876646380638704e-05,0.0017760396003723145,0.7746905088424683,0.558973491191864,0.0009765625,0.0009765625,True
3,kernel_as_called,0,0.001877903938293457,4.0914561395766214e-05,0.0017760396003723145,0.7746905088424683,0.558973491191864,0.0009765625,0.0009765625,True
4,split1,0,0.0021902918815612793,5.511868221219629e-05,0.0008910894393920898,1.0001366138458252,0.4531647562980652,0.0009765625,0.0009765625,True
4,split8,0,0.0021902918815612793,5.5085816711653024e-05,0.0008910894393920898,1.0001366138458252,0.4531647562980652,0.0009765625,0.0009765625,True
4,kernel_as_called,0,0.0021902918815612793,5.511868221219629e-05,0.0008910894393920898,1.0001366138458252,0.4531647562980652,0.0009765625,0.0009765625,True
5,split1,0,0.0021109580993652344,6.442875019274652e-05,0.0021109580993652344,0.8553746938705444,0.5856653451919556,0.00390625,0.00390625,True
5,split8,0,0.0019191503524780273,6.436077819671482e-05,0.0017952919006347656,0.8553746938705444,0.5856653451919556,0.00390625,0.00390625,True
5,kernel_as_called,0,0.0021109580993652344,6.442875019274652e-05,0.0021109580993652344,0.8553746938705444,0.5856653451919556,0.00390625,0.00390625,True
6,split1,0,0.0022483468055725098,8.234436245402321e-05,0.002063155174255371,1.0759385824203491,0.5535492897033691,0.001953125,0.001953125,True
6,split8,0,0.0022483468055725098,8.229605737142265e-05,0.002063155174255371,1.0759385824203491,0.5535492897033691,0.001953125,0.001953125,True
6,kernel_as_called,0,0.0022483468055725098,8.234436245402321e-05,0.002063155174255371,1.0759385824203491,0.5535492897033691,0.001953125,0.001953125,True
7,split1,0,0.0047528743743896484,9.482155292062089e-05,0.0013268589973449707,1.9483721256256104,0.8077122569084167,0.001953125,0.001953125,True
7,split8,0,0.0047528743743896484,9.480147127760574e-05,0.0013268589973449707,1.9483721256256104,0.8077122569084167,0.001953125,0.001953125,True
7,kernel_as_called,0,0.0047528743743896484,9.482155292062089e-05,0.0013268589973449707,1.9483721256256104,0.8077122569084167,0.001953125,0.001953125,True
8,split1,0,0.0044013261795043945,0.0001222770515596494,0.0013246536254882812,2.297673463821411,0.7234196066856384,0.001953125,0.001953125,True
8,split8,0,0.0044013261795043945,0.00012223901285324246,0.0009424984455108643,2.297673463821411,0.7234196066856384,0.001953125,0.001953125,True
8,kernel_as_called,0,0.0044013261795043945,0.0001222770515596494,0.0013246536254882812,2.297673463821411,0.7234196066856384,0.001953125,0.001953125,True
9,split1,0,0.004054427146911621,0.00011365560203557834,0.002696990966796875,1.7629157304763794,0.8779862523078918,0.00390625,0.00390625,True
9,split8,0,0.004054427146911621,0.00011352222645655274,0.0020281076431274414,1.7629157304763794,0.8779862523078918,0.00390625,0.00390625,True
9,kernel_as_called,0,0.004054427146911621,0.00011365560203557834,0.002696990966796875,1.7629157304763794,0.8779862523078918,0.00390625,0.00390625,True
10,split1,0,0.0037925243377685547,8.055324724409729e-05,0.002160787582397461,1.8670639991760254,0.9072615504264832,0.00390625,0.00390625,True
10,split8,0,0.0037925243377685547,8.050755423028022e-05,0.002019524574279785,1.8670639991760254,0.9072615504264832,0.00390625,0.00390625,True
10,kernel_as_called,0,0.0037925243377685547,8.055324724409729e-05,0.002160787582397461,1.8670639991760254,0.9072615504264832,0.00390625,0.00390625,True
11,split1,0,0.004163384437561035,0.00011372464359737933,0.0021164417266845703,2.3164329528808594,0.9225385189056396,0.00390625,0.00390625,True
11,split8,0,0.004163384437561035,0.00011364851525286213,0.001800239086151123,2.3164329528808594,0.9225385189056396,0.00390625,0.00390625,True
11,kernel_as_called,0,0.004163384437561035,0.00011372464359737933,0.0021164417266845703,2.3164329528808594,0.9225385189056396,0.00390625,0.00390625,True
12,split1,0,0.007330894470214844,0.00016077794134616852,0.0020735859870910645,2.1589229106903076,1.1161434650421143,0.00390625,0.00390625,True
12,split8,0,0.007330894470214844,0.0001606110017746687,0.0019380450248718262,2.1589229106903076,1.1161434650421143,0.00390625,0.00390625,True
12,kernel_as_called,0,0.007330894470214844,0.00016077794134616852,0.0020735859870910645,2.1589229106903076,1.1161434650421143,0.00390625,0.00390625,True
13,split1,0,0.021879196166992188,0.00010437950550112873,0.0035266876220703125,9.108512878417969,1.7170082330703735,0.00390625,0.00390625,True
13,split8,0,0.021879196166992188,0.00010421912156743929,0.0035266876220703125,9.108512878417969,1.7170082330703735,0.00390625,0.00390625,True
13,kernel_as_called,0,0.021879196166992188,0.00010437950550112873,0.0035266876220703125,9.108512878417969,1.7170082330703735,0.00390625,0.00390625,True
14,split1,0,0.00471186637878418,0.00015936652198433876,0.0033107995986938477,8.807849884033203,1.330918788909912,0.00390625,0.00390625,True
14,split8,0,0.00471186637878418,0.00015922299644444138,0.0033107995986938477,8.807849884033203,1.330918788909912,0.00390625,0.00390625,True
14,kernel_as_called,0,0.00471186637878418,0.00015936652198433876,0.0033107995986938477,8.807849884033203,1.330918788909912,0.00390625,0.00390625,True
15,split1,0,0.013077735900878906,0.00018069305224344134,0.004864692687988281,20.75130271911621,1.9426991939544678,0.0078125,0.0078125,True
15,split8,0,0.013077735900878906,0.00018037921108771116,0.003382563591003418,20.75130271911621,1.9426991939544678,0.0078125,0.0078125,True
15,kernel_as_called,0,0.013077735900878906,0.00018069305224344134,0.004864692687988281,20.75130271911621,1.9426991939544678,0.0078125,0.0078125,True
16,split1,0,0.055572509765625,0.0001690432836767286,0.016752243041992188,17.680572509765625,6.420747756958008,0.03125,0.03125,True
16,split8,0,0.055572509765625,0.00016873201820999384,0.014497756958007812,17.680572509765625,6.420747756958008,0.03125,0.03125,True
16,kernel_as_called,0,0.055572509765625,0.0001690432836767286,0.016752243041992188,17.680572509765625,6.420747756958008,0.03125,0.03125,True
17,split1,0,0.017705917358398438,0.00018635780725162476,0.0050356388092041016,9.67967700958252,1.3630163669586182,0.0078125,0.0078125,True
17,split8,0,0.017705917358398438,0.00018622959032654762,0.003641366958618164,9.67967700958252,1.3630163669586182,0.0078125,0.0078125,True
17,kernel_as_called,0,0.017705917358398438,0.00018635780725162476,0.0050356388092041016,9.67967700958252,1.3630163669586182,0.0078125,0.0078125,True
18,split1,0,0.006339073181152344,0.00018802611157298088,0.004106760025024414,2.177520275115967,1.4418556690216064,0.0078125,0.0078125,True
18,split8,0,0.006339073181152344,0.0001879902119981125,0.003705739974975586,2.177520275115967,1.4418556690216064,0.0078125,0.0078125,True
18,kernel_as_called,0,0.006339073181152344,0.00018802611157298088,0.004106760025024414,2.177520275115967,1.4418556690216064,0.0078125,0.0078125,True
19,split1,0,0.009528160095214844,0.00021830381592735648,0.00406038761138916,3.4484851360321045,1.1963555812835693,0.0078125,0.0078125,True
19,split8,0,0.009528160095214844,0.00021825605654157698,0.00375211238861084,3.4484851360321045,1.1963555812835693,0.0078125,0.0078125,True
19,kernel_as_called,0,0.009528160095214844,0.00021830381592735648,0.00406038761138916,3.4484851360321045,1.1963555812835693,0.0078125,0.0078125,True
20,split1,0,0.006907224655151367,0.00021626158559229225,0.003983855247497559,2.7477972507476807,1.9145309925079346,0.00390625,0.00390625,True
20,split8,0,0.006907224655151367,0.0002162257005693391,0.003983855247497559,2.7477972507476807,1.9145309925079346,0.00390625,0.00390625,True
20,kernel_as_called,0,0.006907224655151367,0.00021626158559229225,0.003983855247497559,2.7477972507476807,1.9145309925079346,0.00390625,0.00390625,True
21,split1,0,0.008425235748291016,0.00020469960873015225,0.00819087028503418,3.0704708099365234,2.351940870285034,0.015625,0.015625,True
21,split8,0,0.008425235748291016,0.000204633513931185,0.00743412971496582,3.0704708099365234,2.351940870285034,0.015625,0.015625,True
21,kernel_as_called,0,0.008425235748291016,0.00020469960873015225,0.00819087028503418,3.0704708099365234,2.351940870285034,0.015625,0.015625,True
22,split1,0,0.009474992752075195,0.0003567842941265553,0.004102349281311035,3.3814778327941895,2.032205581665039,0.0078125,0.0078125,True
22,split8,0,0.009474992752075195,0.00035668391501531005,0.003916382789611816,3.3814778327941895,2.032205581665039,0.0078125,0.0078125,True
22,kernel_as_called,0,0.009474992752075195,0.0003567842941265553,0.004102349281311035,3.3814778327941895,2.032205581665039,0.0078125,0.0078125,True
23,split1,0,0.008799314498901367,0.00024796632351353765,0.004096508026123047,3.308114528656006,1.8094245195388794,0.0078125,0.0078125,True
23,split8,0,0.008799314498901367,0.00024794196360744536,0.003715991973876953,3.308114528656006,1.8094245195388794,0.0078125,0.0078125,True
23,kernel_as_called,0,0.008799314498901367,0.00024796632351353765,0.004096508026123047,3.308114528656006,1.8094245195388794,0.0078125,0.0078125,True
24,split1,0,0.00897359848022461,0.00021382533304858953,0.003676176071166992,4.084776401519775,1.947570562362671,0.00390625,0.00390625,True
24,split8,0,0.00897359848022461,0.00021379707322921604,0.003676176071166992,4.084776401519775,1.947570562362671,0.00390625,0.00390625,True
24,kernel_as_called,0,0.00897359848022461,0.00021382533304858953,0.003676176071166992,4.084776401519775,1.947570562362671,0.00390625,0.00390625,True
25,split1,0,0.007895708084106445,0.00017087761079892516,0.0043762922286987305,2.846891403198242,2.846891403198242,0.0078125,0.0078125,True
25,split8,0,0.007895708084106445,0.00017075322102755308,0.0035631656646728516,2.846891403198242,2.846891403198242,0.0078125,0.0078125,True
25,kernel_as_called,0,0.007895708084106445,0.00017087761079892516,0.0043762922286987305,2.846891403198242,2.846891403198242,0.0078125,0.0078125,True
26,split1,0,0.006924629211425781,0.00014230803935788572,0.0020655393600463867,3.006924629211426,0.964798092842102,0.00390625,0.00390625,True
26,split8,0,0.006924629211425781,0.00014227496285457164,0.0019159317016601562,3.006924629211426,0.964798092842102,0.00390625,0.00390625,True
26,kernel_as_called,0,0.006924629211425781,0.00014230803935788572,0.0020655393600463867,3.006924629211426,0.964798092842102,0.00390625,0.00390625,True
27,split1,0,0.008516311645507812,0.00019565635011531413,0.00200045108795166,3.399322032928467,1.0839370489120483,0.001953125,0.001953125,True
27,split8,0,0.008516311645507812,0.00019561732187867165,0.00200045108795166,3.399322032928467,1.0839370489120483,0.001953125,0.001953125,True
27,kernel_as_called,0,0.008516311645507812,0.00019565635011531413,0.00200045108795166,3.399322032928467,1.0839370489120483,0.001953125,0.001953125,True
28,split1,0,0.017242431640625,0.0003005607286468148,0.004477024078369141,6.713840007781982,1.8126707077026367,0.0078125,0.0078125,True
28,split8,0,0.017242431640625,0.0003004190803039819,0.0033354759216308594,6.713840007781982,1.8126707077026367,0.0078125,0.0078125,True
28,kernel_as_called,0,0.017242431640625,0.0003005607286468148,0.004477024078369141,6.713840007781982,1.8126707077026367,0.0078125,0.0078125,True
29,split1,0,0.03500175476074219,0.00023443816462531686,0.008736848831176758,11.1683349609375,3.8425374031066895,0.0078125,0.0078125,True
29,split8,0,0.03500175476074219,0.0002343851374462247,0.008736848831176758,11.1683349609375,3.8425374031066895,0.0078125,0.0078125,True
29,kernel_as_called,0,0.03500175476074219,0.00023443816462531686,0.008736848831176758,11.1683349609375,3.8425374031066895,0.0078125,0.0078125,True
30,split1,0,0.01600360870361328,0.00026277927099727094,0.014912605285644531,8.610087394714355,8.610087394714355,0.0078125,0.0078125,True
30,split8,0,0.01600360870361328,0.0002626872737891972,0.014912605285644531,8.610087394714355,8.610087394714355,0.0078125,0.0078125,True
30,kernel_as_called,0,0.01600360870361328,0.00026277927099727094,0.014912605285644531,8.610087394714355,8.610087394714355,0.0078125,0.0078125,True
31,split1,0,0.01698160171508789,0.00035649194614961743,0.006341457366943359,6.589639663696289,2.166769027709961,0.0078125,0.0078125,True
31,split8,0,0.01698160171508789,0.00035632928484119475,0.006341457366943359,6.589639663696289,2.166769027709961,0.0078125,0.0078125,True
31,kernel_as_called,0,0.01698160171508789,0.00035649194614961743,0.006341457366943359,6.589639663696289,2.166769027709961,0.0078125,0.0078125,True
32,split1,0,0.029346466064453125,0.0005634995177388191,0.016948699951171875,10.181487083435059,6.594845771789551,0.03125,0.03125,True
32,split8,0,0.029346466064453125,0.0005632331594824791,0.014301300048828125,10.181487083435059,6.594845771789551,0.03125,0.03125,True
32,kernel_as_called,0,0.029346466064453125,0.0005634995177388191,0.016948699951171875,10.181487083435059,6.594845771789551,0.03125,0.03125,True
33,split1,0,0.062480926513671875,0.0007832517148926854,0.040130615234375,18.477907180786133,12.227630615234375,0.0625,0.0625,True
33,split8,0,0.062480926513671875,0.0007826071232557297,0.022369384765625,18.477907180786133,12.227630615234375,0.0625,0.0625,True
33,kernel_as_called,0,0.062480926513671875,0.0007832517148926854,0.040130615234375,18.477907180786133,12.227630615234375,0.0625,0.0625,True
34,split1,0,0.1230926513671875,0.00119151477701962,0.07347869873046875,36.63100051879883,31.844051361083984,0.125,0.125,True
34,split8,0,0.1230926513671875,0.0011900480603799224,0.0599517822265625,36.63100051879883,31.844051361083984,0.125,0.125,True
34,kernel_as_called,0,0.1230926513671875,0.00119151477701962,0.07347869873046875,36.63100051879883,31.844051361083984,0.125,0.125,True
35,split1,0,0.06508636474609375,0.001235301373526454,0.04495525360107422,23.56943130493164,14.250962257385254,0.0625,0.0625,True
35,split8,0,0.06508636474609375,0.0012340003158897161,0.0336456298828125,23.56943130493164,14.250962257385254,0.0625,0.0625,True
35,kernel_as_called,0,0.06508636474609375,0.001235301373526454,0.04495525360107422,23.56943130493164,14.250962257385254,0.0625,0.0625,True
