experiment,campaign_group,model,model_backend,model_dtype,scenario,scenario_family,scenario_sha256,prompt_kind,evaluation_split,dataset_id,dataset_sha256,resolved_prompts_sha256,seed,implementation,evidence_kind,warmup_runs,warmup_steps,policy,repeat,tpot_ms,decode_wall_ms,attention_ms,policy_us
/home/skkai/AI_Accelerator/kernelscope/results/serve_4090/followup_fullwarmup_20260922/qwen4b/uniform/seed_0,followup_fullwarmup_20260922,Qwen/Qwen3-4B-Instruct-2507,flash_attn_paged,bfloat16,/home/skkai/AI_Accelerator/kernelscope-design/scenarios/heldout_text_uniform.yaml,uniform,13f2bda16e7edbcfd67f960e7dac88887dc24603633d21e65fead04d50f45a49,constructed_natural_text,heldout_text,kernelscope-campus-garden-v1,0f2c2fca0b3c9aa3c0db98a815df3310ef4dfd12cfdb5a485bb615e704c279b1,391240754a1c284abd271eed1217e2721352ef5632a16ca0771f1d2fd48d37b6,0,1292a1cdd0b74b0a5c1eb85672bc848810d9eea98c8ef1753d51308f672d6104,cuda_serving,1,full_scenario,heuristic,0,30.461570291931764,17.05425819231858,2.5679277938700493,3.032099019976393
/home/skkai/AI_Accelerator/kernelscope/results/serve_4090/followup_fullwarmup_20260922/qwen4b/uniform/seed_0,followup_fullwarmup_20260922,Qwen/Qwen3-4B-Instruct-2507,flash_attn_paged,bfloat16,/home/skkai/AI_Accelerator/kernelscope-design/scenarios/heldout_text_uniform.yaml,uniform,13f2bda16e7edbcfd67f960e7dac88887dc24603633d21e65fead04d50f45a49,constructed_natural_text,heldout_text,kernelscope-campus-garden-v1,0f2c2fca0b3c9aa3c0db98a815df3310ef4dfd12cfdb5a485bb615e704c279b1,391240754a1c284abd271eed1217e2721352ef5632a16ca0771f1d2fd48d37b6,0,1292a1cdd0b74b0a5c1eb85672bc848810d9eea98c8ef1753d51308f672d6104,cuda_serving,1,full_scenario,heuristic,1,30.762302499945267,17.124895995948464,2.570756181113181,3.3813168204599813
/home/skkai/AI_Accelerator/kernelscope/results/serve_4090/followup_fullwarmup_20260922/qwen4b/uniform/seed_0,followup_fullwarmup_20260922,Qwen/Qwen3-4B-Instruct-2507,flash_attn_paged,bfloat16,/home/skkai/AI_Accelerator/kernelscope-design/scenarios/heldout_text_uniform.yaml,uniform,13f2bda16e7edbcfd67f960e7dac88887dc24603633d21e65fead04d50f45a49,constructed_natural_text,heldout_text,kernelscope-campus-garden-v1,0f2c2fca0b3c9aa3c0db98a815df3310ef4dfd12cfdb5a485bb615e704c279b1,391240754a1c284abd271eed1217e2721352ef5632a16ca0771f1d2fd48d37b6,0,1292a1cdd0b74b0a5c1eb85672bc848810d9eea98c8ef1753d51308f672d6104,cuda_serving,1,full_scenario,heuristic,2,30.706762608925573,17.10239513176343,2.5809177297257606,3.131868828448557
/home/skkai/AI_Accelerator/kernelscope/results/serve_4090/followup_fullwarmup_20260922/qwen4b/uniform/seed_0,followup_fullwarmup_20260922,Qwen/Qwen3-4B-Instruct-2507,flash_attn_paged,bfloat16,/home/skkai/AI_Accelerator/kernelscope-design/scenarios/heldout_text_uniform.yaml,uniform,13f2bda16e7edbcfd67f960e7dac88887dc24603633d21e65fead04d50f45a49,constructed_natural_text,heldout_text,kernelscope-campus-garden-v1,0f2c2fca0b3c9aa3c0db98a815df3310ef4dfd12cfdb5a485bb615e704c279b1,391240754a1c284abd271eed1217e2721352ef5632a16ca0771f1d2fd48d37b6,0,1292a1cdd0b74b0a5c1eb85672bc848810d9eea98c8ef1753d51308f672d6104,cuda_serving,1,full_scenario,model,0,31.131179645321705,17.630133036178567,2.5794385010677003,480.0305882048222
/home/skkai/AI_Accelerator/kernelscope/results/serve_4090/followup_fullwarmup_20260922/qwen4b/uniform/seed_0,followup_fullwarmup_20260922,Qwen/Qwen3-4B-Instruct-2507,flash_attn_paged,bfloat16,/home/skkai/AI_Accelerator/kernelscope-design/scenarios/heldout_text_uniform.yaml,uniform,13f2bda16e7edbcfd67f960e7dac88887dc24603633d21e65fead04d50f45a49,constructed_natural_text,heldout_text,kernelscope-campus-garden-v1,0f2c2fca0b3c9aa3c0db98a815df3310ef4dfd12cfdb5a485bb615e704c279b1,391240754a1c284abd271eed1217e2721352ef5632a16ca0771f1d2fd48d37b6,0,1292a1cdd0b74b0a5c1eb85672bc848810d9eea98c8ef1753d51308f672d6104,cuda_serving,1,full_scenario,model,1,31.292298466287992,17.628391543703696,2.579026631049571,482.86277770755754
/home/skkai/AI_Accelerator/kernelscope/results/serve_4090/followup_fullwarmup_20260922/qwen4b/uniform/seed_0,followup_fullwarmup_20260922,Qwen/Qwen3-4B-Instruct-2507,flash_attn_paged,bfloat16,/home/skkai/AI_Accelerator/kernelscope-design/scenarios/heldout_text_uniform.yaml,uniform,13f2bda16e7edbcfd67f960e7dac88887dc24603633d21e65fead04d50f45a49,constructed_natural_text,heldout_text,kernelscope-campus-garden-v1,0f2c2fca0b3c9aa3c0db98a815df3310ef4dfd12cfdb5a485bb615e704c279b1,391240754a1c284abd271eed1217e2721352ef5632a16ca0771f1d2fd48d37b6,0,1292a1cdd0b74b0a5c1eb85672bc848810d9eea98c8ef1753d51308f672d6104,cuda_serving,1,full_scenario,model,2,31.278942081224802,17.6376961565937,2.575777083394989,500.56358281102393
/home/skkai/AI_Accelerator/kernelscope/results/serve_4090/followup_fullwarmup_20260922/qwen4b/uniform/seed_0,followup_fullwarmup_20260922,Qwen/Qwen3-4B-Instruct-2507,flash_attn_paged,bfloat16,/home/skkai/AI_Accelerator/kernelscope-design/scenarios/heldout_text_uniform.yaml,uniform,13f2bda16e7edbcfd67f960e7dac88887dc24603633d21e65fead04d50f45a49,constructed_natural_text,heldout_text,kernelscope-campus-garden-v1,0f2c2fca0b3c9aa3c0db98a815df3310ef4dfd12cfdb5a485bb615e704c279b1,391240754a1c284abd271eed1217e2721352ef5632a16ca0771f1d2fd48d37b6,0,1292a1cdd0b74b0a5c1eb85672bc848810d9eea98c8ef1753d51308f672d6104,cuda_serving,1,full_scenario,table,0,30.545575036597544,17.089906839593766,2.5674385039075727,8.464676343024738
/home/skkai/AI_Accelerator/kernelscope/results/serve_4090/followup_fullwarmup_20260922/qwen4b/uniform/seed_0,followup_fullwarmup_20260922,Qwen/Qwen3-4B-Instruct-2507,flash_attn_paged,bfloat16,/home/skkai/AI_Accelerator/kernelscope-design/scenarios/heldout_text_uniform.yaml,uniform,13f2bda16e7edbcfd67f960e7dac88887dc24603633d21e65fead04d50f45a49,constructed_natural_text,heldout_text,kernelscope-campus-garden-v1,0f2c2fca0b3c9aa3c0db98a815df3310ef4dfd12cfdb5a485bb615e704c279b1,391240754a1c284abd271eed1217e2721352ef5632a16ca0771f1d2fd48d37b6,0,1292a1cdd0b74b0a5c1eb85672bc848810d9eea98c8ef1753d51308f672d6104,cuda_serving,1,full_scenario,table,1,30.68447748882039,17.119928937210073,2.5762209560601943,8.87552103508384
/home/skkai/AI_Accelerator/kernelscope/results/serve_4090/followup_fullwarmup_20260922/qwen4b/uniform/seed_0,followup_fullwarmup_20260922,Qwen/Qwen3-4B-Instruct-2507,flash_attn_paged,bfloat16,/home/skkai/AI_Accelerator/kernelscope-design/scenarios/heldout_text_uniform.yaml,uniform,13f2bda16e7edbcfd67f960e7dac88887dc24603633d21e65fead04d50f45a49,constructed_natural_text,heldout_text,kernelscope-campus-garden-v1,0f2c2fca0b3c9aa3c0db98a815df3310ef4dfd12cfdb5a485bb615e704c279b1,391240754a1c284abd271eed1217e2721352ef5632a16ca0771f1d2fd48d37b6,0,1292a1cdd0b74b0a5c1eb85672bc848810d9eea98c8ef1753d51308f672d6104,cuda_serving,1,full_scenario,table,2,30.725284482978505,17.098250706875394,2.573005472700442,8.339101764103097
/home/skkai/AI_Accelerator/kernelscope/results/serve_4090/followup_fullwarmup_20260922/qwen4b/uniform/seed_1,followup_fullwarmup_20260922,Qwen/Qwen3-4B-Instruct-2507,flash_attn_paged,bfloat16,/home/skkai/AI_Accelerator/kernelscope-design/scenarios/heldout_text_uniform.yaml,uniform,13f2bda16e7edbcfd67f960e7dac88887dc24603633d21e65fead04d50f45a49,constructed_natural_text,heldout_text,kernelscope-campus-garden-v1,0f2c2fca0b3c9aa3c0db98a815df3310ef4dfd12cfdb5a485bb615e704c279b1,1c86eee099bf77bf0ea0cc05f33fe3b2d73ad8a11e9c3fe5943ae25e39693903,1,1292a1cdd0b74b0a5c1eb85672bc848810d9eea98c8ef1753d51308f672d6104,cuda_serving,1,full_scenario,heuristic,0,30.71702482454556,17.11692380335843,2.5715458607000685,2.9501576547420796
/home/skkai/AI_Accelerator/kernelscope/results/serve_4090/followup_fullwarmup_20260922/qwen4b/uniform/seed_1,followup_fullwarmup_20260922,Qwen/Qwen3-4B-Instruct-2507,flash_attn_paged,bfloat16,/home/skkai/AI_Accelerator/kernelscope-design/scenarios/heldout_text_uniform.yaml,uniform,13f2bda16e7edbcfd67f960e7dac88887dc24603633d21e65fead04d50f45a49,constructed_natural_text,heldout_text,kernelscope-campus-garden-v1,0f2c2fca0b3c9aa3c0db98a815df3310ef4dfd12cfdb5a485bb615e704c279b1,1c86eee099bf77bf0ea0cc05f33fe3b2d73ad8a11e9c3fe5943ae25e39693903,1,1292a1cdd0b74b0a5c1eb85672bc848810d9eea98c8ef1753d51308f672d6104,cuda_serving,1,full_scenario,heuristic,1,30.815543814024178,17.146042771562335,2.572262249406307,3.1799990533580704
/home/skkai/AI_Accelerator/kernelscope/results/serve_4090/followup_fullwarmup_20260922/qwen4b/uniform/seed_1,followup_fullwarmup_20260922,Qwen/Qwen3-4B-Instruct-2507,flash_attn_paged,bfloat16,/home/skkai/AI_Accelerator/kernelscope-design/scenarios/heldout_text_uniform.yaml,uniform,13f2bda16e7edbcfd67f960e7dac88887dc24603633d21e65fead04d50f45a49,constructed_natural_text,heldout_text,kernelscope-campus-garden-v1,0f2c2fca0b3c9aa3c0db98a815df3310ef4dfd12cfdb5a485bb615e704c279b1,1c86eee099bf77bf0ea0cc05f33fe3b2d73ad8a11e9c3fe5943ae25e39693903,1,1292a1cdd0b74b0a5c1eb85672bc848810d9eea98c8ef1753d51308f672d6104,cuda_serving,1,full_scenario,heuristic,2,30.860619145176752,17.141358155171357,2.5709120547098494,3.3302048611785136
/home/skkai/AI_Accelerator/kernelscope/results/serve_4090/followup_fullwarmup_20260922/qwen4b/uniform/seed_1,followup_fullwarmup_20260922,Qwen/Qwen3-4B-Instruct-2507,flash_attn_paged,bfloat16,/home/skkai/AI_Accelerator/kernelscope-design/scenarios/heldout_text_uniform.yaml,uniform,13f2bda16e7edbcfd67f960e7dac88887dc24603633d21e65fead04d50f45a49,constructed_natural_text,heldout_text,kernelscope-campus-garden-v1,0f2c2fca0b3c9aa3c0db98a815df3310ef4dfd12cfdb5a485bb615e704c279b1,1c86eee099bf77bf0ea0cc05f33fe3b2d73ad8a11e9c3fe5943ae25e39693903,1,1292a1cdd0b74b0a5c1eb85672bc848810d9eea98c8ef1753d51308f672d6104,cuda_serving,1,full_scenario,model,0,31.314037394203453,17.67088183682532,2.580118764792719,505.14392674930633
/home/skkai/AI_Accelerator/kernelscope/results/serve_4090/followup_fullwarmup_20260922/qwen4b/uniform/seed_1,followup_fullwarmup_20260922,Qwen/Qwen3-4B-Instruct-2507,flash_attn_paged,bfloat16,/home/skkai/AI_Accelerator/kernelscope-design/scenarios/heldout_text_uniform.yaml,uniform,13f2bda16e7edbcfd67f960e7dac88887dc24603633d21e65fead04d50f45a49,constructed_natural_text,heldout_text,kernelscope-campus-garden-v1,0f2c2fca0b3c9aa3c0db98a815df3310ef4dfd12cfdb5a485bb615e704c279b1,1c86eee099bf77bf0ea0cc05f33fe3b2d73ad8a11e9c3fe5943ae25e39693903,1,1292a1cdd0b74b0a5c1eb85672bc848810d9eea98c8ef1753d51308f672d6104,cuda_serving,1,full_scenario,model,1,31.381990375978468,17.702531837482727,2.583613995102144,501.88467514911486
/home/skkai/AI_Accelerator/kernelscope/results/serve_4090/followup_fullwarmup_20260922/qwen4b/uniform/seed_1,followup_fullwarmup_20260922,Qwen/Qwen3-4B-Instruct-2507,flash_attn_paged,bfloat16,/home/skkai/AI_Accelerator/kernelscope-design/scenarios/heldout_text_uniform.yaml,uniform,13f2bda16e7edbcfd67f960e7dac88887dc24603633d21e65fead04d50f45a49,constructed_natural_text,heldout_text,kernelscope-campus-garden-v1,0f2c2fca0b3c9aa3c0db98a815df3310ef4dfd12cfdb5a485bb615e704c279b1,1c86eee099bf77bf0ea0cc05f33fe3b2d73ad8a11e9c3fe5943ae25e39693903,1,1292a1cdd0b74b0a5c1eb85672bc848810d9eea98c8ef1753d51308f672d6104,cuda_serving,1,full_scenario,model,2,31.346247074194785,17.640606265500068,2.5768650885551208,477.3896446661843
/home/skkai/AI_Accelerator/kernelscope/results/serve_4090/followup_fullwarmup_20260922/qwen4b/uniform/seed_1,followup_fullwarmup_20260922,Qwen/Qwen3-4B-Instruct-2507,flash_attn_paged,bfloat16,/home/skkai/AI_Accelerator/kernelscope-design/scenarios/heldout_text_uniform.yaml,uniform,13f2bda16e7edbcfd67f960e7dac88887dc24603633d21e65fead04d50f45a49,constructed_natural_text,heldout_text,kernelscope-campus-garden-v1,0f2c2fca0b3c9aa3c0db98a815df3310ef4dfd12cfdb5a485bb615e704c279b1,1c86eee099bf77bf0ea0cc05f33fe3b2d73ad8a11e9c3fe5943ae25e39693903,1,1292a1cdd0b74b0a5c1eb85672bc848810d9eea98c8ef1753d51308f672d6104,cuda_serving,1,full_scenario,table,0,30.772408562852387,17.13417945317023,2.573226378088997,9.390643812836178
/home/skkai/AI_Accelerator/kernelscope/results/serve_4090/followup_fullwarmup_20260922/qwen4b/uniform/seed_1,followup_fullwarmup_20260922,Qwen/Qwen3-4B-Instruct-2507,flash_attn_paged,bfloat16,/home/skkai/AI_Accelerator/kernelscope-design/scenarios/heldout_text_uniform.yaml,uniform,13f2bda16e7edbcfd67f960e7dac88887dc24603633d21e65fead04d50f45a49,constructed_natural_text,heldout_text,kernelscope-campus-garden-v1,0f2c2fca0b3c9aa3c0db98a815df3310ef4dfd12cfdb5a485bb615e704c279b1,1c86eee099bf77bf0ea0cc05f33fe3b2d73ad8a11e9c3fe5943ae25e39693903,1,1292a1cdd0b74b0a5c1eb85672bc848810d9eea98c8ef1753d51308f672d6104,cuda_serving,1,full_scenario,table,1,30.813029139532823,17.158246987814746,2.5734782497729025,9.892093423273295
/home/skkai/AI_Accelerator/kernelscope/results/serve_4090/followup_fullwarmup_20260922/qwen4b/uniform/seed_1,followup_fullwarmup_20260922,Qwen/Qwen3-4B-Instruct-2507,flash_attn_paged,bfloat16,/home/skkai/AI_Accelerator/kernelscope-design/scenarios/heldout_text_uniform.yaml,uniform,13f2bda16e7edbcfd67f960e7dac88887dc24603633d21e65fead04d50f45a49,constructed_natural_text,heldout_text,kernelscope-campus-garden-v1,0f2c2fca0b3c9aa3c0db98a815df3310ef4dfd12cfdb5a485bb615e704c279b1,1c86eee099bf77bf0ea0cc05f33fe3b2d73ad8a11e9c3fe5943ae25e39693903,1,1292a1cdd0b74b0a5c1eb85672bc848810d9eea98c8ef1753d51308f672d6104,cuda_serving,1,full_scenario,table,2,30.858882143811865,17.14696487103919,2.5741265041212884,9.56354497541343
/home/skkai/AI_Accelerator/kernelscope/results/serve_4090/followup_fullwarmup_20260922/qwen4b/ragged/seed_0,followup_fullwarmup_20260922,Qwen/Qwen3-4B-Instruct-2507,flash_attn_paged,bfloat16,/home/skkai/AI_Accelerator/kernelscope-design/scenarios/heldout_text_ragged.yaml,ragged,b9cbf8b543e8cfa4e2f38d8580001625016b56a114f8e5d3f939b00e1d1e6b17,constructed_natural_text,heldout_text,kernelscope-campus-garden-v1,be88aec841f168d48703f28e5c50df237366819fca03e08e77c6775999d2b5ab,051b3bd17f3bc95509a3c779c4706be8d99b20384fede0831c026b38729d7ba4,0,1292a1cdd0b74b0a5c1eb85672bc848810d9eea98c8ef1753d51308f672d6104,cuda_serving,1,full_scenario,heuristic,0,43.2374211746962,29.384815160395394,14.940451160553962,3.249157265189194
/home/skkai/AI_Accelerator/kernelscope/results/serve_4090/followup_fullwarmup_20260922/qwen4b/ragged/seed_0,followup_fullwarmup_20260922,Qwen/Qwen3-4B-Instruct-2507,flash_attn_paged,bfloat16,/home/skkai/AI_Accelerator/kernelscope-design/scenarios/heldout_text_ragged.yaml,ragged,b9cbf8b543e8cfa4e2f38d8580001625016b56a114f8e5d3f939b00e1d1e6b17,constructed_natural_text,heldout_text,kernelscope-campus-garden-v1,be88aec841f168d48703f28e5c50df237366819fca03e08e77c6775999d2b5ab,051b3bd17f3bc95509a3c779c4706be8d99b20384fede0831c026b38729d7ba4,0,1292a1cdd0b74b0a5c1eb85672bc848810d9eea98c8ef1753d51308f672d6104,cuda_serving,1,full_scenario,heuristic,1,43.39336467393693,29.402649512649663,14.97076036660902,3.9687109810690724
/home/skkai/AI_Accelerator/kernelscope/results/serve_4090/followup_fullwarmup_20260922/qwen4b/ragged/seed_0,followup_fullwarmup_20260922,Qwen/Qwen3-4B-Instruct-2507,flash_attn_paged,bfloat16,/home/skkai/AI_Accelerator/kernelscope-design/scenarios/heldout_text_ragged.yaml,ragged,b9cbf8b543e8cfa4e2f38d8580001625016b56a114f8e5d3f939b00e1d1e6b17,constructed_natural_text,heldout_text,kernelscope-campus-garden-v1,be88aec841f168d48703f28e5c50df237366819fca03e08e77c6775999d2b5ab,051b3bd17f3bc95509a3c779c4706be8d99b20384fede0831c026b38729d7ba4,0,1292a1cdd0b74b0a5c1eb85672bc848810d9eea98c8ef1753d51308f672d6104,cuda_serving,1,full_scenario,heuristic,2,43.523399692100114,29.49031380628566,15.027924703013513,3.635192350033791
/home/skkai/AI_Accelerator/kernelscope/results/serve_4090/followup_fullwarmup_20260922/qwen4b/ragged/seed_0,followup_fullwarmup_20260922,Qwen/Qwen3-4B-Instruct-2507,flash_attn_paged,bfloat16,/home/skkai/AI_Accelerator/kernelscope-design/scenarios/heldout_text_ragged.yaml,ragged,b9cbf8b543e8cfa4e2f38d8580001625016b56a114f8e5d3f939b00e1d1e6b17,constructed_natural_text,heldout_text,kernelscope-campus-garden-v1,be88aec841f168d48703f28e5c50df237366819fca03e08e77c6775999d2b5ab,051b3bd17f3bc95509a3c779c4706be8d99b20384fede0831c026b38729d7ba4,0,1292a1cdd0b74b0a5c1eb85672bc848810d9eea98c8ef1753d51308f672d6104,cuda_serving,1,full_scenario,model,0,33.90981287004487,19.825904288389268,4.755383724647184,442.25616147741675
/home/skkai/AI_Accelerator/kernelscope/results/serve_4090/followup_fullwarmup_20260922/qwen4b/ragged/seed_0,followup_fullwarmup_20260922,Qwen/Qwen3-4B-Instruct-2507,flash_attn_paged,bfloat16,/home/skkai/AI_Accelerator/kernelscope-design/scenarios/heldout_text_ragged.yaml,ragged,b9cbf8b543e8cfa4e2f38d8580001625016b56a114f8e5d3f939b00e1d1e6b17,constructed_natural_text,heldout_text,kernelscope-campus-garden-v1,be88aec841f168d48703f28e5c50df237366819fca03e08e77c6775999d2b5ab,051b3bd17f3bc95509a3c779c4706be8d99b20384fede0831c026b38729d7ba4,0,1292a1cdd0b74b0a5c1eb85672bc848810d9eea98c8ef1753d51308f672d6104,cuda_serving,1,full_scenario,model,1,33.88365572101162,19.82967364939771,4.760611084199721,453.8154556235719
/home/skkai/AI_Accelerator/kernelscope/results/serve_4090/followup_fullwarmup_20260922/qwen4b/ragged/seed_0,followup_fullwarmup_20260922,Qwen/Qwen3-4B-Instruct-2507,flash_attn_paged,bfloat16,/home/skkai/AI_Accelerator/kernelscope-design/scenarios/heldout_text_ragged.yaml,ragged,b9cbf8b543e8cfa4e2f38d8580001625016b56a114f8e5d3f939b00e1d1e6b17,constructed_natural_text,heldout_text,kernelscope-campus-garden-v1,be88aec841f168d48703f28e5c50df237366819fca03e08e77c6775999d2b5ab,051b3bd17f3bc95509a3c779c4706be8d99b20384fede0831c026b38729d7ba4,0,1292a1cdd0b74b0a5c1eb85672bc848810d9eea98c8ef1753d51308f672d6104,cuda_serving,1,full_scenario,model,2,33.711659340729746,19.834229285122763,4.746863469000786,444.16764660948706
/home/skkai/AI_Accelerator/kernelscope/results/serve_4090/followup_fullwarmup_20260922/qwen4b/ragged/seed_0,followup_fullwarmup_20260922,Qwen/Qwen3-4B-Instruct-2507,flash_attn_paged,bfloat16,/home/skkai/AI_Accelerator/kernelscope-design/scenarios/heldout_text_ragged.yaml,ragged,b9cbf8b543e8cfa4e2f38d8580001625016b56a114f8e5d3f939b00e1d1e6b17,constructed_natural_text,heldout_text,kernelscope-campus-garden-v1,be88aec841f168d48703f28e5c50df237366819fca03e08e77c6775999d2b5ab,051b3bd17f3bc95509a3c779c4706be8d99b20384fede0831c026b38729d7ba4,0,1292a1cdd0b74b0a5c1eb85672bc848810d9eea98c8ef1753d51308f672d6104,cuda_serving,1,full_scenario,table,0,33.6505601102511,19.787877031992522,5.010376202483331,10.022103050423246
/home/skkai/AI_Accelerator/kernelscope/results/serve_4090/followup_fullwarmup_20260922/qwen4b/ragged/seed_0,followup_fullwarmup_20260922,Qwen/Qwen3-4B-Instruct-2507,flash_attn_paged,bfloat16,/home/skkai/AI_Accelerator/kernelscope-design/scenarios/heldout_text_ragged.yaml,ragged,b9cbf8b543e8cfa4e2f38d8580001625016b56a114f8e5d3f939b00e1d1e6b17,constructed_natural_text,heldout_text,kernelscope-campus-garden-v1,be88aec841f168d48703f28e5c50df237366819fca03e08e77c6775999d2b5ab,051b3bd17f3bc95509a3c779c4706be8d99b20384fede0831c026b38729d7ba4,0,1292a1cdd0b74b0a5c1eb85672bc848810d9eea98c8ef1753d51308f672d6104,cuda_serving,1,full_scenario,table,1,34.02898741807158,19.812822388860607,5.025912729482497,9.633486174167164
/home/skkai/AI_Accelerator/kernelscope/results/serve_4090/followup_fullwarmup_20260922/qwen4b/ragged/seed_0,followup_fullwarmup_20260922,Qwen/Qwen3-4B-Instruct-2507,flash_attn_paged,bfloat16,/home/skkai/AI_Accelerator/kernelscope-design/scenarios/heldout_text_ragged.yaml,ragged,b9cbf8b543e8cfa4e2f38d8580001625016b56a114f8e5d3f939b00e1d1e6b17,constructed_natural_text,heldout_text,kernelscope-campus-garden-v1,be88aec841f168d48703f28e5c50df237366819fca03e08e77c6775999d2b5ab,051b3bd17f3bc95509a3c779c4706be8d99b20384fede0831c026b38729d7ba4,0,1292a1cdd0b74b0a5c1eb85672bc848810d9eea98c8ef1753d51308f672d6104,cuda_serving,1,full_scenario,table,2,33.75653446032902,19.775870806282203,4.995828587682016,10.150740103375528
/home/skkai/AI_Accelerator/kernelscope/results/serve_4090/followup_fullwarmup_20260922/qwen4b/ragged/seed_1,followup_fullwarmup_20260922,Qwen/Qwen3-4B-Instruct-2507,flash_attn_paged,bfloat16,/home/skkai/AI_Accelerator/kernelscope-design/scenarios/heldout_text_ragged.yaml,ragged,b9cbf8b543e8cfa4e2f38d8580001625016b56a114f8e5d3f939b00e1d1e6b17,constructed_natural_text,heldout_text,kernelscope-campus-garden-v1,be88aec841f168d48703f28e5c50df237366819fca03e08e77c6775999d2b5ab,d33d5cf23af2d604ac5bc2b55e2242449b8cf893c7156b81b42493ed8ce6d28f,1,1292a1cdd0b74b0a5c1eb85672bc848810d9eea98c8ef1753d51308f672d6104,cuda_serving,1,full_scenario,heuristic,0,43.52057722146615,29.54789596767495,15.078872867168919,3.4894854311020143
/home/skkai/AI_Accelerator/kernelscope/results/serve_4090/followup_fullwarmup_20260922/qwen4b/ragged/seed_1,followup_fullwarmup_20260922,Qwen/Qwen3-4B-Instruct-2507,flash_attn_paged,bfloat16,/home/skkai/AI_Accelerator/kernelscope-design/scenarios/heldout_text_ragged.yaml,ragged,b9cbf8b543e8cfa4e2f38d8580001625016b56a114f8e5d3f939b00e1d1e6b17,constructed_natural_text,heldout_text,kernelscope-campus-garden-v1,be88aec841f168d48703f28e5c50df237366819fca03e08e77c6775999d2b5ab,d33d5cf23af2d604ac5bc2b55e2242449b8cf893c7156b81b42493ed8ce6d28f,1,1292a1cdd0b74b0a5c1eb85672bc848810d9eea98c8ef1753d51308f672d6104,cuda_serving,1,full_scenario,heuristic,1,43.364292474917974,29.428058234418952,14.981457646816006,3.9566713835923903
/home/skkai/AI_Accelerator/kernelscope/results/serve_4090/followup_fullwarmup_20260922/qwen4b/ragged/seed_1,followup_fullwarmup_20260922,Qwen/Qwen3-4B-Instruct-2507,flash_attn_paged,bfloat16,/home/skkai/AI_Accelerator/kernelscope-design/scenarios/heldout_text_ragged.yaml,ragged,b9cbf8b543e8cfa4e2f38d8580001625016b56a114f8e5d3f939b00e1d1e6b17,constructed_natural_text,heldout_text,kernelscope-campus-garden-v1,be88aec841f168d48703f28e5c50df237366819fca03e08e77c6775999d2b5ab,d33d5cf23af2d604ac5bc2b55e2242449b8cf893c7156b81b42493ed8ce6d28f,1,1292a1cdd0b74b0a5c1eb85672bc848810d9eea98c8ef1753d51308f672d6104,cuda_serving,1,full_scenario,heuristic,2,43.486621390442345,29.480995139062045,15.034304100659584,3.5756158702556164
/home/skkai/AI_Accelerator/kernelscope/results/serve_4090/followup_fullwarmup_20260922/qwen4b/ragged/seed_1,followup_fullwarmup_20260922,Qwen/Qwen3-4B-Instruct-2507,flash_attn_paged,bfloat16,/home/skkai/AI_Accelerator/kernelscope-design/scenarios/heldout_text_ragged.yaml,ragged,b9cbf8b543e8cfa4e2f38d8580001625016b56a114f8e5d3f939b00e1d1e6b17,constructed_natural_text,heldout_text,kernelscope-campus-garden-v1,be88aec841f168d48703f28e5c50df237366819fca03e08e77c6775999d2b5ab,d33d5cf23af2d604ac5bc2b55e2242449b8cf893c7156b81b42493ed8ce6d28f,1,1292a1cdd0b74b0a5c1eb85672bc848810d9eea98c8ef1753d51308f672d6104,cuda_serving,1,full_scenario,model,0,33.74189801436628,19.790286158827403,4.740952767672077,439.55255081997285
/home/skkai/AI_Accelerator/kernelscope/results/serve_4090/followup_fullwarmup_20260922/qwen4b/ragged/seed_1,followup_fullwarmup_20260922,Qwen/Qwen3-4B-Instruct-2507,flash_attn_paged,bfloat16,/home/skkai/AI_Accelerator/kernelscope-design/scenarios/heldout_text_ragged.yaml,ragged,b9cbf8b543e8cfa4e2f38d8580001625016b56a114f8e5d3f939b00e1d1e6b17,constructed_natural_text,heldout_text,kernelscope-campus-garden-v1,be88aec841f168d48703f28e5c50df237366819fca03e08e77c6775999d2b5ab,d33d5cf23af2d604ac5bc2b55e2242449b8cf893c7156b81b42493ed8ce6d28f,1,1292a1cdd0b74b0a5c1eb85672bc848810d9eea98c8ef1753d51308f672d6104,cuda_serving,1,full_scenario,model,1,33.56928987264116,19.816578655023008,4.741442055471482,456.3007387332618
/home/skkai/AI_Accelerator/kernelscope/results/serve_4090/followup_fullwarmup_20260922/qwen4b/ragged/seed_1,followup_fullwarmup_20260922,Qwen/Qwen3-4B-Instruct-2507,flash_attn_paged,bfloat16,/home/skkai/AI_Accelerator/kernelscope-design/scenarios/heldout_text_ragged.yaml,ragged,b9cbf8b543e8cfa4e2f38d8580001625016b56a114f8e5d3f939b00e1d1e6b17,constructed_natural_text,heldout_text,kernelscope-campus-garden-v1,be88aec841f168d48703f28e5c50df237366819fca03e08e77c6775999d2b5ab,d33d5cf23af2d604ac5bc2b55e2242449b8cf893c7156b81b42493ed8ce6d28f,1,1292a1cdd0b74b0a5c1eb85672bc848810d9eea98c8ef1753d51308f672d6104,cuda_serving,1,full_scenario,model,2,33.764319077055276,19.80487486880813,4.740418058249258,450.2208434015272
/home/skkai/AI_Accelerator/kernelscope/results/serve_4090/followup_fullwarmup_20260922/qwen4b/ragged/seed_1,followup_fullwarmup_20260922,Qwen/Qwen3-4B-Instruct-2507,flash_attn_paged,bfloat16,/home/skkai/AI_Accelerator/kernelscope-design/scenarios/heldout_text_ragged.yaml,ragged,b9cbf8b543e8cfa4e2f38d8580001625016b56a114f8e5d3f939b00e1d1e6b17,constructed_natural_text,heldout_text,kernelscope-campus-garden-v1,be88aec841f168d48703f28e5c50df237366819fca03e08e77c6775999d2b5ab,d33d5cf23af2d604ac5bc2b55e2242449b8cf893c7156b81b42493ed8ce6d28f,1,1292a1cdd0b74b0a5c1eb85672bc848810d9eea98c8ef1753d51308f672d6104,cuda_serving,1,full_scenario,table,0,33.65370407721998,19.756911416357806,4.9973336213058035,9.957334822824885
/home/skkai/AI_Accelerator/kernelscope/results/serve_4090/followup_fullwarmup_20260922/qwen4b/ragged/seed_1,followup_fullwarmup_20260922,Qwen/Qwen3-4B-Instruct-2507,flash_attn_paged,bfloat16,/home/skkai/AI_Accelerator/kernelscope-design/scenarios/heldout_text_ragged.yaml,ragged,b9cbf8b543e8cfa4e2f38d8580001625016b56a114f8e5d3f939b00e1d1e6b17,constructed_natural_text,heldout_text,kernelscope-campus-garden-v1,be88aec841f168d48703f28e5c50df237366819fca03e08e77c6775999d2b5ab,d33d5cf23af2d604ac5bc2b55e2242449b8cf893c7156b81b42493ed8ce6d28f,1,1292a1cdd0b74b0a5c1eb85672bc848810d9eea98c8ef1753d51308f672d6104,cuda_serving,1,full_scenario,table,1,33.905610687398216,19.81382802759688,5.017439948454981,10.105000147896428
/home/skkai/AI_Accelerator/kernelscope/results/serve_4090/followup_fullwarmup_20260922/qwen4b/ragged/seed_1,followup_fullwarmup_20260922,Qwen/Qwen3-4B-Instruct-2507,flash_attn_paged,bfloat16,/home/skkai/AI_Accelerator/kernelscope-design/scenarios/heldout_text_ragged.yaml,ragged,b9cbf8b543e8cfa4e2f38d8580001625016b56a114f8e5d3f939b00e1d1e6b17,constructed_natural_text,heldout_text,kernelscope-campus-garden-v1,be88aec841f168d48703f28e5c50df237366819fca03e08e77c6775999d2b5ab,d33d5cf23af2d604ac5bc2b55e2242449b8cf893c7156b81b42493ed8ce6d28f,1,1292a1cdd0b74b0a5c1eb85672bc848810d9eea98c8ef1753d51308f672d6104,cuda_serving,1,full_scenario,table,2,33.68859978721044,19.815325192476234,5.010579561033556,10.66477571223532
/home/skkai/AI_Accelerator/kernelscope/results/serve_4090/followup_fullwarmup_20260922/qwen4b/arrivals/seed_0,followup_fullwarmup_20260922,Qwen/Qwen3-4B-Instruct-2507,flash_attn_paged,bfloat16,/home/skkai/AI_Accelerator/kernelscope-design/scenarios/heldout_text_arrivals.yaml,arrivals,63785df364c5839ba722693a37d8d939bb8f860806a02e53d8e73fd392a767a5,constructed_natural_text,heldout_text,kernelscope-campus-garden-v1,bd5eb1bfb5468fa88521c3f67cb351daa97869342c2c54f10fcb5da5c78dffc8,051b3bd17f3bc95509a3c779c4706be8d99b20384fede0831c026b38729d7ba4,0,1292a1cdd0b74b0a5c1eb85672bc848810d9eea98c8ef1753d51308f672d6104,cuda_serving,1,full_scenario,heuristic,0,34.35413901980329,19.174879306757994,4.826956238800829,3.549072425812483
/home/skkai/AI_Accelerator/kernelscope/results/serve_4090/followup_fullwarmup_20260922/qwen4b/arrivals/seed_0,followup_fullwarmup_20260922,Qwen/Qwen3-4B-Instruct-2507,flash_attn_paged,bfloat16,/home/skkai/AI_Accelerator/kernelscope-design/scenarios/heldout_text_arrivals.yaml,arrivals,63785df364c5839ba722693a37d8d939bb8f860806a02e53d8e73fd392a767a5,constructed_natural_text,heldout_text,kernelscope-campus-garden-v1,bd5eb1bfb5468fa88521c3f67cb351daa97869342c2c54f10fcb5da5c78dffc8,051b3bd17f3bc95509a3c779c4706be8d99b20384fede0831c026b38729d7ba4,0,1292a1cdd0b74b0a5c1eb85672bc848810d9eea98c8ef1753d51308f672d6104,cuda_serving,1,full_scenario,heuristic,1,34.41421965779286,19.23477671066807,4.868588783659718,3.0331684022464533
/home/skkai/AI_Accelerator/kernelscope/results/serve_4090/followup_fullwarmup_20260922/qwen4b/arrivals/seed_0,followup_fullwarmup_20260922,Qwen/Qwen3-4B-Instruct-2507,flash_attn_paged,bfloat16,/home/skkai/AI_Accelerator/kernelscope-design/scenarios/heldout_text_arrivals.yaml,arrivals,63785df364c5839ba722693a37d8d939bb8f860806a02e53d8e73fd392a767a5,constructed_natural_text,heldout_text,kernelscope-campus-garden-v1,bd5eb1bfb5468fa88521c3f67cb351daa97869342c2c54f10fcb5da5c78dffc8,051b3bd17f3bc95509a3c779c4706be8d99b20384fede0831c026b38729d7ba4,0,1292a1cdd0b74b0a5c1eb85672bc848810d9eea98c8ef1753d51308f672d6104,cuda_serving,1,full_scenario,heuristic,2,34.38018225315821,19.172395203812897,4.824408445913683,2.8945103457028214
/home/skkai/AI_Accelerator/kernelscope/results/serve_4090/followup_fullwarmup_20260922/qwen4b/arrivals/seed_0,followup_fullwarmup_20260922,Qwen/Qwen3-4B-Instruct-2507,flash_attn_paged,bfloat16,/home/skkai/AI_Accelerator/kernelscope-design/scenarios/heldout_text_arrivals.yaml,arrivals,63785df364c5839ba722693a37d8d939bb8f860806a02e53d8e73fd392a767a5,constructed_natural_text,heldout_text,kernelscope-campus-garden-v1,bd5eb1bfb5468fa88521c3f67cb351daa97869342c2c54f10fcb5da5c78dffc8,051b3bd17f3bc95509a3c779c4706be8d99b20384fede0831c026b38729d7ba4,0,1292a1cdd0b74b0a5c1eb85672bc848810d9eea98c8ef1753d51308f672d6104,cuda_serving,1,full_scenario,model,0,33.544465329528634,18.964259469331324,2.93054486584257,1563.8236411508512
/home/skkai/AI_Accelerator/kernelscope/results/serve_4090/followup_fullwarmup_20260922/qwen4b/arrivals/seed_0,followup_fullwarmup_20260922,Qwen/Qwen3-4B-Instruct-2507,flash_attn_paged,bfloat16,/home/skkai/AI_Accelerator/kernelscope-design/scenarios/heldout_text_arrivals.yaml,arrivals,63785df364c5839ba722693a37d8d939bb8f860806a02e53d8e73fd392a767a5,constructed_natural_text,heldout_text,kernelscope-campus-garden-v1,bd5eb1bfb5468fa88521c3f67cb351daa97869342c2c54f10fcb5da5c78dffc8,051b3bd17f3bc95509a3c779c4706be8d99b20384fede0831c026b38729d7ba4,0,1292a1cdd0b74b0a5c1eb85672bc848810d9eea98c8ef1753d51308f672d6104,cuda_serving,1,full_scenario,model,1,33.46800799866493,18.993357684336264,2.9305838456546716,1587.2758008878338
/home/skkai/AI_Accelerator/kernelscope/results/serve_4090/followup_fullwarmup_20260922/qwen4b/arrivals/seed_0,followup_fullwarmup_20260922,Qwen/Qwen3-4B-Instruct-2507,flash_attn_paged,bfloat16,/home/skkai/AI_Accelerator/kernelscope-design/scenarios/heldout_text_arrivals.yaml,arrivals,63785df364c5839ba722693a37d8d939bb8f860806a02e53d8e73fd392a767a5,constructed_natural_text,heldout_text,kernelscope-campus-garden-v1,bd5eb1bfb5468fa88521c3f67cb351daa97869342c2c54f10fcb5da5c78dffc8,051b3bd17f3bc95509a3c779c4706be8d99b20384fede0831c026b38729d7ba4,0,1292a1cdd0b74b0a5c1eb85672bc848810d9eea98c8ef1753d51308f672d6104,cuda_serving,1,full_scenario,model,2,33.589983502419535,19.015341871206395,2.9364212312820284,1593.7066192484715
/home/skkai/AI_Accelerator/kernelscope/results/serve_4090/followup_fullwarmup_20260922/qwen4b/arrivals/seed_0,followup_fullwarmup_20260922,Qwen/Qwen3-4B-Instruct-2507,flash_attn_paged,bfloat16,/home/skkai/AI_Accelerator/kernelscope-design/scenarios/heldout_text_arrivals.yaml,arrivals,63785df364c5839ba722693a37d8d939bb8f860806a02e53d8e73fd392a767a5,constructed_natural_text,heldout_text,kernelscope-campus-garden-v1,bd5eb1bfb5468fa88521c3f67cb351daa97869342c2c54f10fcb5da5c78dffc8,051b3bd17f3bc95509a3c779c4706be8d99b20384fede0831c026b38729d7ba4,0,1292a1cdd0b74b0a5c1eb85672bc848810d9eea98c8ef1753d51308f672d6104,cuda_serving,1,full_scenario,table,0,31.745083472495125,17.769712925126605,3.3036875622177666,25.37674207071012
/home/skkai/AI_Accelerator/kernelscope/results/serve_4090/followup_fullwarmup_20260922/qwen4b/arrivals/seed_0,followup_fullwarmup_20260922,Qwen/Qwen3-4B-Instruct-2507,flash_attn_paged,bfloat16,/home/skkai/AI_Accelerator/kernelscope-design/scenarios/heldout_text_arrivals.yaml,arrivals,63785df364c5839ba722693a37d8d939bb8f860806a02e53d8e73fd392a767a5,constructed_natural_text,heldout_text,kernelscope-campus-garden-v1,bd5eb1bfb5468fa88521c3f67cb351daa97869342c2c54f10fcb5da5c78dffc8,051b3bd17f3bc95509a3c779c4706be8d99b20384fede0831c026b38729d7ba4,0,1292a1cdd0b74b0a5c1eb85672bc848810d9eea98c8ef1753d51308f672d6104,cuda_serving,1,full_scenario,table,1,31.8394801668605,17.76432674589821,3.307571785287424,25.028651791878723
/home/skkai/AI_Accelerator/kernelscope/results/serve_4090/followup_fullwarmup_20260922/qwen4b/arrivals/seed_0,followup_fullwarmup_20260922,Qwen/Qwen3-4B-Instruct-2507,flash_attn_paged,bfloat16,/home/skkai/AI_Accelerator/kernelscope-design/scenarios/heldout_text_arrivals.yaml,arrivals,63785df364c5839ba722693a37d8d939bb8f860806a02e53d8e73fd392a767a5,constructed_natural_text,heldout_text,kernelscope-campus-garden-v1,bd5eb1bfb5468fa88521c3f67cb351daa97869342c2c54f10fcb5da5c78dffc8,051b3bd17f3bc95509a3c779c4706be8d99b20384fede0831c026b38729d7ba4,0,1292a1cdd0b74b0a5c1eb85672bc848810d9eea98c8ef1753d51308f672d6104,cuda_serving,1,full_scenario,table,2,31.692595442532763,17.7430480284701,3.2887319289147854,24.57707781683315
/home/skkai/AI_Accelerator/kernelscope/results/serve_4090/followup_fullwarmup_20260922/qwen4b/arrivals/seed_1,followup_fullwarmup_20260922,Qwen/Qwen3-4B-Instruct-2507,flash_attn_paged,bfloat16,/home/skkai/AI_Accelerator/kernelscope-design/scenarios/heldout_text_arrivals.yaml,arrivals,63785df364c5839ba722693a37d8d939bb8f860806a02e53d8e73fd392a767a5,constructed_natural_text,heldout_text,kernelscope-campus-garden-v1,bd5eb1bfb5468fa88521c3f67cb351daa97869342c2c54f10fcb5da5c78dffc8,d33d5cf23af2d604ac5bc2b55e2242449b8cf893c7156b81b42493ed8ce6d28f,1,1292a1cdd0b74b0a5c1eb85672bc848810d9eea98c8ef1753d51308f672d6104,cuda_serving,1,full_scenario,heuristic,0,34.19713464081137,19.132941022557628,4.80799707157368,3.4325840798291294
/home/skkai/AI_Accelerator/kernelscope/results/serve_4090/followup_fullwarmup_20260922/qwen4b/arrivals/seed_1,followup_fullwarmup_20260922,Qwen/Qwen3-4B-Instruct-2507,flash_attn_paged,bfloat16,/home/skkai/AI_Accelerator/kernelscope-design/scenarios/heldout_text_arrivals.yaml,arrivals,63785df364c5839ba722693a37d8d939bb8f860806a02e53d8e73fd392a767a5,constructed_natural_text,heldout_text,kernelscope-campus-garden-v1,bd5eb1bfb5468fa88521c3f67cb351daa97869342c2c54f10fcb5da5c78dffc8,d33d5cf23af2d604ac5bc2b55e2242449b8cf893c7156b81b42493ed8ce6d28f,1,1292a1cdd0b74b0a5c1eb85672bc848810d9eea98c8ef1753d51308f672d6104,cuda_serving,1,full_scenario,heuristic,1,34.28294066218219,19.148105455943465,4.825053089586171,3.1503118489953605
/home/skkai/AI_Accelerator/kernelscope/results/serve_4090/followup_fullwarmup_20260922/qwen4b/arrivals/seed_1,followup_fullwarmup_20260922,Qwen/Qwen3-4B-Instruct-2507,flash_attn_paged,bfloat16,/home/skkai/AI_Accelerator/kernelscope-design/scenarios/heldout_text_arrivals.yaml,arrivals,63785df364c5839ba722693a37d8d939bb8f860806a02e53d8e73fd392a767a5,constructed_natural_text,heldout_text,kernelscope-campus-garden-v1,bd5eb1bfb5468fa88521c3f67cb351daa97869342c2c54f10fcb5da5c78dffc8,d33d5cf23af2d604ac5bc2b55e2242449b8cf893c7156b81b42493ed8ce6d28f,1,1292a1cdd0b74b0a5c1eb85672bc848810d9eea98c8ef1753d51308f672d6104,cuda_serving,1,full_scenario,heuristic,2,34.444436524143825,19.214814889710397,4.85414576181634,3.3536915328692305
/home/skkai/AI_Accelerator/kernelscope/results/serve_4090/followup_fullwarmup_20260922/qwen4b/arrivals/seed_1,followup_fullwarmup_20260922,Qwen/Qwen3-4B-Instruct-2507,flash_attn_paged,bfloat16,/home/skkai/AI_Accelerator/kernelscope-design/scenarios/heldout_text_arrivals.yaml,arrivals,63785df364c5839ba722693a37d8d939bb8f860806a02e53d8e73fd392a767a5,constructed_natural_text,heldout_text,kernelscope-campus-garden-v1,bd5eb1bfb5468fa88521c3f67cb351daa97869342c2c54f10fcb5da5c78dffc8,d33d5cf23af2d604ac5bc2b55e2242449b8cf893c7156b81b42493ed8ce6d28f,1,1292a1cdd0b74b0a5c1eb85672bc848810d9eea98c8ef1753d51308f672d6104,cuda_serving,1,full_scenario,model,0,33.490478767477484,18.939902855676007,2.9268555545332755,1597.4726930091326
/home/skkai/AI_Accelerator/kernelscope/results/serve_4090/followup_fullwarmup_20260922/qwen4b/arrivals/seed_1,followup_fullwarmup_20260922,Qwen/Qwen3-4B-Instruct-2507,flash_attn_paged,bfloat16,/home/skkai/AI_Accelerator/kernelscope-design/scenarios/heldout_text_arrivals.yaml,arrivals,63785df364c5839ba722693a37d8d939bb8f860806a02e53d8e73fd392a767a5,constructed_natural_text,heldout_text,kernelscope-campus-garden-v1,bd5eb1bfb5468fa88521c3f67cb351daa97869342c2c54f10fcb5da5c78dffc8,d33d5cf23af2d604ac5bc2b55e2242449b8cf893c7156b81b42493ed8ce6d28f,1,1292a1cdd0b74b0a5c1eb85672bc848810d9eea98c8ef1753d51308f672d6104,cuda_serving,1,full_scenario,model,1,33.389266609380016,18.919241259043865,2.9305384624072097,1567.4774344502525
/home/skkai/AI_Accelerator/kernelscope/results/serve_4090/followup_fullwarmup_20260922/qwen4b/arrivals/seed_1,followup_fullwarmup_20260922,Qwen/Qwen3-4B-Instruct-2507,flash_attn_paged,bfloat16,/home/skkai/AI_Accelerator/kernelscope-design/scenarios/heldout_text_arrivals.yaml,arrivals,63785df364c5839ba722693a37d8d939bb8f860806a02e53d8e73fd392a767a5,constructed_natural_text,heldout_text,kernelscope-campus-garden-v1,bd5eb1bfb5468fa88521c3f67cb351daa97869342c2c54f10fcb5da5c78dffc8,d33d5cf23af2d604ac5bc2b55e2242449b8cf893c7156b81b42493ed8ce6d28f,1,1292a1cdd0b74b0a5c1eb85672bc848810d9eea98c8ef1753d51308f672d6104,cuda_serving,1,full_scenario,model,2,33.48377140227883,18.91846841899678,2.933823990246112,1564.3379629843614
/home/skkai/AI_Accelerator/kernelscope/results/serve_4090/followup_fullwarmup_20260922/qwen4b/arrivals/seed_1,followup_fullwarmup_20260922,Qwen/Qwen3-4B-Instruct-2507,flash_attn_paged,bfloat16,/home/skkai/AI_Accelerator/kernelscope-design/scenarios/heldout_text_arrivals.yaml,arrivals,63785df364c5839ba722693a37d8d939bb8f860806a02e53d8e73fd392a767a5,constructed_natural_text,heldout_text,kernelscope-campus-garden-v1,bd5eb1bfb5468fa88521c3f67cb351daa97869342c2c54f10fcb5da5c78dffc8,d33d5cf23af2d604ac5bc2b55e2242449b8cf893c7156b81b42493ed8ce6d28f,1,1292a1cdd0b74b0a5c1eb85672bc848810d9eea98c8ef1753d51308f672d6104,cuda_serving,1,full_scenario,table,0,31.66525076930186,17.728953856170516,3.3090880003842438,24.306496859274127
/home/skkai/AI_Accelerator/kernelscope/results/serve_4090/followup_fullwarmup_20260922/qwen4b/arrivals/seed_1,followup_fullwarmup_20260922,Qwen/Qwen3-4B-Instruct-2507,flash_attn_paged,bfloat16,/home/skkai/AI_Accelerator/kernelscope-design/scenarios/heldout_text_arrivals.yaml,arrivals,63785df364c5839ba722693a37d8d939bb8f860806a02e53d8e73fd392a767a5,constructed_natural_text,heldout_text,kernelscope-campus-garden-v1,bd5eb1bfb5468fa88521c3f67cb351daa97869342c2c54f10fcb5da5c78dffc8,d33d5cf23af2d604ac5bc2b55e2242449b8cf893c7156b81b42493ed8ce6d28f,1,1292a1cdd0b74b0a5c1eb85672bc848810d9eea98c8ef1753d51308f672d6104,cuda_serving,1,full_scenario,table,1,31.616843267170125,17.685093872503124,3.2958650217814878,25.283906143158674
/home/skkai/AI_Accelerator/kernelscope/results/serve_4090/followup_fullwarmup_20260922/qwen4b/arrivals/seed_1,followup_fullwarmup_20260922,Qwen/Qwen3-4B-Instruct-2507,flash_attn_paged,bfloat16,/home/skkai/AI_Accelerator/kernelscope-design/scenarios/heldout_text_arrivals.yaml,arrivals,63785df364c5839ba722693a37d8d939bb8f860806a02e53d8e73fd392a767a5,constructed_natural_text,heldout_text,kernelscope-campus-garden-v1,bd5eb1bfb5468fa88521c3f67cb351daa97869342c2c54f10fcb5da5c78dffc8,d33d5cf23af2d604ac5bc2b55e2242449b8cf893c7156b81b42493ed8ce6d28f,1,1292a1cdd0b74b0a5c1eb85672bc848810d9eea98c8ef1753d51308f672d6104,cuda_serving,1,full_scenario,table,2,31.72438913637886,17.701387730300087,3.289367860013788,24.9298352917487
/home/skkai/AI_Accelerator/kernelscope/results/serve_4090/followup_fullwarmup_20260922/llama8b/uniform/seed_0,followup_fullwarmup_20260922,deepseek-ai/DeepSeek-R1-Distill-Llama-8B,flash_attn_paged,bfloat16,/home/skkai/AI_Accelerator/kernelscope-design/scenarios/heldout_text_uniform.yaml,uniform,13f2bda16e7edbcfd67f960e7dac88887dc24603633d21e65fead04d50f45a49,constructed_natural_text,heldout_text,kernelscope-campus-garden-v1,0f2c2fca0b3c9aa3c0db98a815df3310ef4dfd12cfdb5a485bb615e704c279b1,64e965626120b6d8de3d8cc3211e0c3f3f90d241975152f30604001b4a40de79,0,1292a1cdd0b74b0a5c1eb85672bc848810d9eea98c8ef1753d51308f672d6104,cuda_serving,1,full_scenario,heuristic,0,44.34604726638967,23.813647319442563,2.358016063609431,3.0242597624178855
/home/skkai/AI_Accelerator/kernelscope/results/serve_4090/followup_fullwarmup_20260922/llama8b/uniform/seed_0,followup_fullwarmup_20260922,deepseek-ai/DeepSeek-R1-Distill-Llama-8B,flash_attn_paged,bfloat16,/home/skkai/AI_Accelerator/kernelscope-design/scenarios/heldout_text_uniform.yaml,uniform,13f2bda16e7edbcfd67f960e7dac88887dc24603633d21e65fead04d50f45a49,constructed_natural_text,heldout_text,kernelscope-campus-garden-v1,0f2c2fca0b3c9aa3c0db98a815df3310ef4dfd12cfdb5a485bb615e704c279b1,64e965626120b6d8de3d8cc3211e0c3f3f90d241975152f30604001b4a40de79,0,1292a1cdd0b74b0a5c1eb85672bc848810d9eea98c8ef1753d51308f672d6104,cuda_serving,1,full_scenario,heuristic,1,44.45234385709609,23.828857970769487,2.3593394177094584,3.689192160363159
/home/skkai/AI_Accelerator/kernelscope/results/serve_4090/followup_fullwarmup_20260922/llama8b/uniform/seed_0,followup_fullwarmup_20260922,deepseek-ai/DeepSeek-R1-Distill-Llama-8B,flash_attn_paged,bfloat16,/home/skkai/AI_Accelerator/kernelscope-design/scenarios/heldout_text_uniform.yaml,uniform,13f2bda16e7edbcfd67f960e7dac88887dc24603633d21e65fead04d50f45a49,constructed_natural_text,heldout_text,kernelscope-campus-garden-v1,0f2c2fca0b3c9aa3c0db98a815df3310ef4dfd12cfdb5a485bb615e704c279b1,64e965626120b6d8de3d8cc3211e0c3f3f90d241975152f30604001b4a40de79,0,1292a1cdd0b74b0a5c1eb85672bc848810d9eea98c8ef1753d51308f672d6104,cuda_serving,1,full_scenario,heuristic,2,44.859348151731965,23.851290226898968,2.365898385643959,3.3493232612888657
/home/skkai/AI_Accelerator/kernelscope/results/serve_4090/followup_fullwarmup_20260922/llama8b/uniform/seed_0,followup_fullwarmup_20260922,deepseek-ai/DeepSeek-R1-Distill-Llama-8B,flash_attn_paged,bfloat16,/home/skkai/AI_Accelerator/kernelscope-design/scenarios/heldout_text_uniform.yaml,uniform,13f2bda16e7edbcfd67f960e7dac88887dc24603633d21e65fead04d50f45a49,constructed_natural_text,heldout_text,kernelscope-campus-garden-v1,0f2c2fca0b3c9aa3c0db98a815df3310ef4dfd12cfdb5a485bb615e704c279b1,64e965626120b6d8de3d8cc3211e0c3f3f90d241975152f30604001b4a40de79,0,1292a1cdd0b74b0a5c1eb85672bc848810d9eea98c8ef1753d51308f672d6104,cuda_serving,1,full_scenario,model,0,44.88985815387506,24.287447802752496,2.3596305162195237,484.398222573462
/home/skkai/AI_Accelerator/kernelscope/results/serve_4090/followup_fullwarmup_20260922/llama8b/uniform/seed_0,followup_fullwarmup_20260922,deepseek-ai/DeepSeek-R1-Distill-Llama-8B,flash_attn_paged,bfloat16,/home/skkai/AI_Accelerator/kernelscope-design/scenarios/heldout_text_uniform.yaml,uniform,13f2bda16e7edbcfd67f960e7dac88887dc24603633d21e65fead04d50f45a49,constructed_natural_text,heldout_text,kernelscope-campus-garden-v1,0f2c2fca0b3c9aa3c0db98a815df3310ef4dfd12cfdb5a485bb615e704c279b1,64e965626120b6d8de3d8cc3211e0c3f3f90d241975152f30604001b4a40de79,0,1292a1cdd0b74b0a5c1eb85672bc848810d9eea98c8ef1753d51308f672d6104,cuda_serving,1,full_scenario,model,1,44.9896995601843,24.3380150678868,2.3633032900191124,504.3069343833673
/home/skkai/AI_Accelerator/kernelscope/results/serve_4090/followup_fullwarmup_20260922/llama8b/uniform/seed_0,followup_fullwarmup_20260922,deepseek-ai/DeepSeek-R1-Distill-Llama-8B,flash_attn_paged,bfloat16,/home/skkai/AI_Accelerator/kernelscope-design/scenarios/heldout_text_uniform.yaml,uniform,13f2bda16e7edbcfd67f960e7dac88887dc24603633d21e65fead04d50f45a49,constructed_natural_text,heldout_text,kernelscope-campus-garden-v1,0f2c2fca0b3c9aa3c0db98a815df3310ef4dfd12cfdb5a485bb615e704c279b1,64e965626120b6d8de3d8cc3211e0c3f3f90d241975152f30604001b4a40de79,0,1292a1cdd0b74b0a5c1eb85672bc848810d9eea98c8ef1753d51308f672d6104,cuda_serving,1,full_scenario,model,2,45.24508249589987,24.31121055269614,2.3580552928390044,503.1524154718124
/home/skkai/AI_Accelerator/kernelscope/results/serve_4090/followup_fullwarmup_20260922/llama8b/uniform/seed_0,followup_fullwarmup_20260922,deepseek-ai/DeepSeek-R1-Distill-Llama-8B,flash_attn_paged,bfloat16,/home/skkai/AI_Accelerator/kernelscope-design/scenarios/heldout_text_uniform.yaml,uniform,13f2bda16e7edbcfd67f960e7dac88887dc24603633d21e65fead04d50f45a49,constructed_natural_text,heldout_text,kernelscope-campus-garden-v1,0f2c2fca0b3c9aa3c0db98a815df3310ef4dfd12cfdb5a485bb615e704c279b1,64e965626120b6d8de3d8cc3211e0c3f3f90d241975152f30604001b4a40de79,0,1292a1cdd0b74b0a5c1eb85672bc848810d9eea98c8ef1753d51308f672d6104,cuda_serving,1,full_scenario,table,0,44.55491835610889,23.833861589551933,2.3628810973417376,8.706478477125206
/home/skkai/AI_Accelerator/kernelscope/results/serve_4090/followup_fullwarmup_20260922/llama8b/uniform/seed_0,followup_fullwarmup_20260922,deepseek-ai/DeepSeek-R1-Distill-Llama-8B,flash_attn_paged,bfloat16,/home/skkai/AI_Accelerator/kernelscope-design/scenarios/heldout_text_uniform.yaml,uniform,13f2bda16e7edbcfd67f960e7dac88887dc24603633d21e65fead04d50f45a49,constructed_natural_text,heldout_text,kernelscope-campus-garden-v1,0f2c2fca0b3c9aa3c0db98a815df3310ef4dfd12cfdb5a485bb615e704c279b1,64e965626120b6d8de3d8cc3211e0c3f3f90d241975152f30604001b4a40de79,0,1292a1cdd0b74b0a5c1eb85672bc848810d9eea98c8ef1753d51308f672d6104,cuda_serving,1,full_scenario,table,1,44.487209728887315,23.80624177279852,2.360629745789113,9.929197990605909
/home/skkai/AI_Accelerator/kernelscope/results/serve_4090/followup_fullwarmup_20260922/llama8b/uniform/seed_0,followup_fullwarmup_20260922,deepseek-ai/DeepSeek-R1-Distill-Llama-8B,flash_attn_paged,bfloat16,/home/skkai/AI_Accelerator/kernelscope-design/scenarios/heldout_text_uniform.yaml,uniform,13f2bda16e7edbcfd67f960e7dac88887dc24603633d21e65fead04d50f45a49,constructed_natural_text,heldout_text,kernelscope-campus-garden-v1,0f2c2fca0b3c9aa3c0db98a815df3310ef4dfd12cfdb5a485bb615e704c279b1,64e965626120b6d8de3d8cc3211e0c3f3f90d241975152f30604001b4a40de79,0,1292a1cdd0b74b0a5c1eb85672bc848810d9eea98c8ef1753d51308f672d6104,cuda_serving,1,full_scenario,table,2,44.538457847354834,23.84993338754641,2.361850907725673,9.670230229535411
/home/skkai/AI_Accelerator/kernelscope/results/serve_4090/followup_fullwarmup_20260922/llama8b/uniform/seed_1,followup_fullwarmup_20260922,deepseek-ai/DeepSeek-R1-Distill-Llama-8B,flash_attn_paged,bfloat16,/home/skkai/AI_Accelerator/kernelscope-design/scenarios/heldout_text_uniform.yaml,uniform,13f2bda16e7edbcfd67f960e7dac88887dc24603633d21e65fead04d50f45a49,constructed_natural_text,heldout_text,kernelscope-campus-garden-v1,0f2c2fca0b3c9aa3c0db98a815df3310ef4dfd12cfdb5a485bb615e704c279b1,5c43af8475d90d5ee77ce8dc3cdd81364ef75b8bd746c21a535b468f9b3757fc,1,1292a1cdd0b74b0a5c1eb85672bc848810d9eea98c8ef1753d51308f672d6104,cuda_serving,1,full_scenario,heuristic,0,44.554451015383044,23.848492034425536,2.360097090323125,3.2894839082033402
/home/skkai/AI_Accelerator/kernelscope/results/serve_4090/followup_fullwarmup_20260922/llama8b/uniform/seed_1,followup_fullwarmup_20260922,deepseek-ai/DeepSeek-R1-Distill-Llama-8B,flash_attn_paged,bfloat16,/home/skkai/AI_Accelerator/kernelscope-design/scenarios/heldout_text_uniform.yaml,uniform,13f2bda16e7edbcfd67f960e7dac88887dc24603633d21e65fead04d50f45a49,constructed_natural_text,heldout_text,kernelscope-campus-garden-v1,0f2c2fca0b3c9aa3c0db98a815df3310ef4dfd12cfdb5a485bb615e704c279b1,5c43af8475d90d5ee77ce8dc3cdd81364ef75b8bd746c21a535b468f9b3757fc,1,1292a1cdd0b74b0a5c1eb85672bc848810d9eea98c8ef1753d51308f672d6104,cuda_serving,1,full_scenario,heuristic,1,44.75114872771121,23.871539583084203,2.362575541580877,3.4864830423987683
/home/skkai/AI_Accelerator/kernelscope/results/serve_4090/followup_fullwarmup_20260922/llama8b/uniform/seed_1,followup_fullwarmup_20260922,deepseek-ai/DeepSeek-R1-Distill-Llama-8B,flash_attn_paged,bfloat16,/home/skkai/AI_Accelerator/kernelscope-design/scenarios/heldout_text_uniform.yaml,uniform,13f2bda16e7edbcfd67f960e7dac88887dc24603633d21e65fead04d50f45a49,constructed_natural_text,heldout_text,kernelscope-campus-garden-v1,0f2c2fca0b3c9aa3c0db98a815df3310ef4dfd12cfdb5a485bb615e704c279b1,5c43af8475d90d5ee77ce8dc3cdd81364ef75b8bd746c21a535b468f9b3757fc,1,1292a1cdd0b74b0a5c1eb85672bc848810d9eea98c8ef1753d51308f672d6104,cuda_serving,1,full_scenario,heuristic,2,44.90207328647804,23.892260483285835,2.3801631554961205,3.559775875821229
/home/skkai/AI_Accelerator/kernelscope/results/serve_4090/followup_fullwarmup_20260922/llama8b/uniform/seed_1,followup_fullwarmup_20260922,deepseek-ai/DeepSeek-R1-Distill-Llama-8B,flash_attn_paged,bfloat16,/home/skkai/AI_Accelerator/kernelscope-design/scenarios/heldout_text_uniform.yaml,uniform,13f2bda16e7edbcfd67f960e7dac88887dc24603633d21e65fead04d50f45a49,constructed_natural_text,heldout_text,kernelscope-campus-garden-v1,0f2c2fca0b3c9aa3c0db98a815df3310ef4dfd12cfdb5a485bb615e704c279b1,5c43af8475d90d5ee77ce8dc3cdd81364ef75b8bd746c21a535b468f9b3757fc,1,1292a1cdd0b74b0a5c1eb85672bc848810d9eea98c8ef1753d51308f672d6104,cuda_serving,1,full_scenario,model,0,45.15896207805345,24.382166357921253,2.3599804442736407,509.69951365503573
/home/skkai/AI_Accelerator/kernelscope/results/serve_4090/followup_fullwarmup_20260922/llama8b/uniform/seed_1,followup_fullwarmup_20260922,deepseek-ai/DeepSeek-R1-Distill-Llama-8B,flash_attn_paged,bfloat16,/home/skkai/AI_Accelerator/kernelscope-design/scenarios/heldout_text_uniform.yaml,uniform,13f2bda16e7edbcfd67f960e7dac88887dc24603633d21e65fead04d50f45a49,constructed_natural_text,heldout_text,kernelscope-campus-garden-v1,0f2c2fca0b3c9aa3c0db98a815df3310ef4dfd12cfdb5a485bb615e704c279b1,5c43af8475d90d5ee77ce8dc3cdd81364ef75b8bd746c21a535b468f9b3757fc,1,1292a1cdd0b74b0a5c1eb85672bc848810d9eea98c8ef1753d51308f672d6104,cuda_serving,1,full_scenario,model,1,45.02207259709244,24.35184702757866,2.3577053489223605,502.0617447312801
/home/skkai/AI_Accelerator/kernelscope/results/serve_4090/followup_fullwarmup_20260922/llama8b/uniform/seed_1,followup_fullwarmup_20260922,deepseek-ai/DeepSeek-R1-Distill-Llama-8B,flash_attn_paged,bfloat16,/home/skkai/AI_Accelerator/kernelscope-design/scenarios/heldout_text_uniform.yaml,uniform,13f2bda16e7edbcfd67f960e7dac88887dc24603633d21e65fead04d50f45a49,constructed_natural_text,heldout_text,kernelscope-campus-garden-v1,0f2c2fca0b3c9aa3c0db98a815df3310ef4dfd12cfdb5a485bb615e704c279b1,5c43af8475d90d5ee77ce8dc3cdd81364ef75b8bd746c21a535b468f9b3757fc,1,1292a1cdd0b74b0a5c1eb85672bc848810d9eea98c8ef1753d51308f672d6104,cuda_serving,1,full_scenario,model,2,45.25938686387118,24.32145287598213,2.35979979413171,480.7794203741416
/home/skkai/AI_Accelerator/kernelscope/results/serve_4090/followup_fullwarmup_20260922/llama8b/uniform/seed_1,followup_fullwarmup_20260922,deepseek-ai/DeepSeek-R1-Distill-Llama-8B,flash_attn_paged,bfloat16,/home/skkai/AI_Accelerator/kernelscope-design/scenarios/heldout_text_uniform.yaml,uniform,13f2bda16e7edbcfd67f960e7dac88887dc24603633d21e65fead04d50f45a49,constructed_natural_text,heldout_text,kernelscope-campus-garden-v1,0f2c2fca0b3c9aa3c0db98a815df3310ef4dfd12cfdb5a485bb615e704c279b1,5c43af8475d90d5ee77ce8dc3cdd81364ef75b8bd746c21a535b468f9b3757fc,1,1292a1cdd0b74b0a5c1eb85672bc848810d9eea98c8ef1753d51308f672d6104,cuda_serving,1,full_scenario,table,0,44.64179310319444,23.85577945894892,2.359871026248701,9.321898687630892
/home/skkai/AI_Accelerator/kernelscope/results/serve_4090/followup_fullwarmup_20260922/llama8b/uniform/seed_1,followup_fullwarmup_20260922,deepseek-ai/DeepSeek-R1-Distill-Llama-8B,flash_attn_paged,bfloat16,/home/skkai/AI_Accelerator/kernelscope-design/scenarios/heldout_text_uniform.yaml,uniform,13f2bda16e7edbcfd67f960e7dac88887dc24603633d21e65fead04d50f45a49,constructed_natural_text,heldout_text,kernelscope-campus-garden-v1,0f2c2fca0b3c9aa3c0db98a815df3310ef4dfd12cfdb5a485bb615e704c279b1,5c43af8475d90d5ee77ce8dc3cdd81364ef75b8bd746c21a535b468f9b3757fc,1,1292a1cdd0b74b0a5c1eb85672bc848810d9eea98c8ef1753d51308f672d6104,cuda_serving,1,full_scenario,table,1,44.73830918784947,23.8665426168741,2.358317478289527,10.10096692029507
/home/skkai/AI_Accelerator/kernelscope/results/serve_4090/followup_fullwarmup_20260922/llama8b/uniform/seed_1,followup_fullwarmup_20260922,deepseek-ai/DeepSeek-R1-Distill-Llama-8B,flash_attn_paged,bfloat16,/home/skkai/AI_Accelerator/kernelscope-design/scenarios/heldout_text_uniform.yaml,uniform,13f2bda16e7edbcfd67f960e7dac88887dc24603633d21e65fead04d50f45a49,constructed_natural_text,heldout_text,kernelscope-campus-garden-v1,0f2c2fca0b3c9aa3c0db98a815df3310ef4dfd12cfdb5a485bb615e704c279b1,5c43af8475d90d5ee77ce8dc3cdd81364ef75b8bd746c21a535b468f9b3757fc,1,1292a1cdd0b74b0a5c1eb85672bc848810d9eea98c8ef1753d51308f672d6104,cuda_serving,1,full_scenario,table,2,44.501311972365535,23.86739106863857,2.3605450908503225,9.150037752284158
/home/skkai/AI_Accelerator/kernelscope/results/serve_4090/followup_fullwarmup_20260922/llama8b/ragged/seed_0,followup_fullwarmup_20260922,deepseek-ai/DeepSeek-R1-Distill-Llama-8B,flash_attn_paged,bfloat16,/home/skkai/AI_Accelerator/kernelscope-design/scenarios/heldout_text_ragged.yaml,ragged,b9cbf8b543e8cfa4e2f38d8580001625016b56a114f8e5d3f939b00e1d1e6b17,constructed_natural_text,heldout_text,kernelscope-campus-garden-v1,be88aec841f168d48703f28e5c50df237366819fca03e08e77c6775999d2b5ab,77d53150bdfa780c88f1726a37fb17e169e068e75601b35257fe2e903620f5cc,0,1292a1cdd0b74b0a5c1eb85672bc848810d9eea98c8ef1753d51308f672d6104,cuda_serving,1,full_scenario,heuristic,0,56.47733115180973,34.89359770525968,13.502001569155723,3.2199050990804547
/home/skkai/AI_Accelerator/kernelscope/results/serve_4090/followup_fullwarmup_20260922/llama8b/ragged/seed_0,followup_fullwarmup_20260922,deepseek-ai/DeepSeek-R1-Distill-Llama-8B,flash_attn_paged,bfloat16,/home/skkai/AI_Accelerator/kernelscope-design/scenarios/heldout_text_ragged.yaml,ragged,b9cbf8b543e8cfa4e2f38d8580001625016b56a114f8e5d3f939b00e1d1e6b17,constructed_natural_text,heldout_text,kernelscope-campus-garden-v1,be88aec841f168d48703f28e5c50df237366819fca03e08e77c6775999d2b5ab,77d53150bdfa780c88f1726a37fb17e169e068e75601b35257fe2e903620f5cc,0,1292a1cdd0b74b0a5c1eb85672bc848810d9eea98c8ef1753d51308f672d6104,cuda_serving,1,full_scenario,heuristic,1,56.38850900224649,34.83695193614451,13.447104018542076,3.4491944637510086
/home/skkai/AI_Accelerator/kernelscope/results/serve_4090/followup_fullwarmup_20260922/llama8b/ragged/seed_0,followup_fullwarmup_20260922,deepseek-ai/DeepSeek-R1-Distill-Llama-8B,flash_attn_paged,bfloat16,/home/skkai/AI_Accelerator/kernelscope-design/scenarios/heldout_text_ragged.yaml,ragged,b9cbf8b543e8cfa4e2f38d8580001625016b56a114f8e5d3f939b00e1d1e6b17,constructed_natural_text,heldout_text,kernelscope-campus-garden-v1,be88aec841f168d48703f28e5c50df237366819fca03e08e77c6775999d2b5ab,77d53150bdfa780c88f1726a37fb17e169e068e75601b35257fe2e903620f5cc,0,1292a1cdd0b74b0a5c1eb85672bc848810d9eea98c8ef1753d51308f672d6104,cuda_serving,1,full_scenario,heuristic,2,56.5090260971638,34.8706123543032,13.477813708205376,3.253216780121288
/home/skkai/AI_Accelerator/kernelscope/results/serve_4090/followup_fullwarmup_20260922/llama8b/ragged/seed_0,followup_fullwarmup_20260922,deepseek-ai/DeepSeek-R1-Distill-Llama-8B,flash_attn_paged,bfloat16,/home/skkai/AI_Accelerator/kernelscope-design/scenarios/heldout_text_ragged.yaml,ragged,b9cbf8b543e8cfa4e2f38d8580001625016b56a114f8e5d3f939b00e1d1e6b17,constructed_natural_text,heldout_text,kernelscope-campus-garden-v1,be88aec841f168d48703f28e5c50df237366819fca03e08e77c6775999d2b5ab,77d53150bdfa780c88f1726a37fb17e169e068e75601b35257fe2e903620f5cc,0,1292a1cdd0b74b0a5c1eb85672bc848810d9eea98c8ef1753d51308f672d6104,cuda_serving,1,full_scenario,model,0,47.70480967470131,26.220597875034134,4.2397986539909915,438.42025596888794
/home/skkai/AI_Accelerator/kernelscope/results/serve_4090/followup_fullwarmup_20260922/llama8b/ragged/seed_0,followup_fullwarmup_20260922,deepseek-ai/DeepSeek-R1-Distill-Llama-8B,flash_attn_paged,bfloat16,/home/skkai/AI_Accelerator/kernelscope-design/scenarios/heldout_text_ragged.yaml,ragged,b9cbf8b543e8cfa4e2f38d8580001625016b56a114f8e5d3f939b00e1d1e6b17,constructed_natural_text,heldout_text,kernelscope-campus-garden-v1,be88aec841f168d48703f28e5c50df237366819fca03e08e77c6775999d2b5ab,77d53150bdfa780c88f1726a37fb17e169e068e75601b35257fe2e903620f5cc,0,1292a1cdd0b74b0a5c1eb85672bc848810d9eea98c8ef1753d51308f672d6104,cuda_serving,1,full_scenario,model,1,47.09389234480205,26.20182055491774,4.248868082319536,437.970194334705
/home/skkai/AI_Accelerator/kernelscope/results/serve_4090/followup_fullwarmup_20260922/llama8b/ragged/seed_0,followup_fullwarmup_20260922,deepseek-ai/DeepSeek-R1-Distill-Llama-8B,flash_attn_paged,bfloat16,/home/skkai/AI_Accelerator/kernelscope-design/scenarios/heldout_text_ragged.yaml,ragged,b9cbf8b543e8cfa4e2f38d8580001625016b56a114f8e5d3f939b00e1d1e6b17,constructed_natural_text,heldout_text,kernelscope-campus-garden-v1,be88aec841f168d48703f28e5c50df237366819fca03e08e77c6775999d2b5ab,77d53150bdfa780c88f1726a37fb17e169e068e75601b35257fe2e903620f5cc,0,1292a1cdd0b74b0a5c1eb85672bc848810d9eea98c8ef1753d51308f672d6104,cuda_serving,1,full_scenario,model,2,47.76033174928143,26.201821771645616,4.243912204619377,433.70864248924676
/home/skkai/AI_Accelerator/kernelscope/results/serve_4090/followup_fullwarmup_20260922/llama8b/ragged/seed_0,followup_fullwarmup_20260922,deepseek-ai/DeepSeek-R1-Distill-Llama-8B,flash_attn_paged,bfloat16,/home/skkai/AI_Accelerator/kernelscope-design/scenarios/heldout_text_ragged.yaml,ragged,b9cbf8b543e8cfa4e2f38d8580001625016b56a114f8e5d3f939b00e1d1e6b17,constructed_natural_text,heldout_text,kernelscope-campus-garden-v1,be88aec841f168d48703f28e5c50df237366819fca03e08e77c6775999d2b5ab,77d53150bdfa780c88f1726a37fb17e169e068e75601b35257fe2e903620f5cc,0,1292a1cdd0b74b0a5c1eb85672bc848810d9eea98c8ef1753d51308f672d6104,cuda_serving,1,full_scenario,table,0,47.17047977039144,26.145638640774717,4.49083249270916,9.185167014478676
/home/skkai/AI_Accelerator/kernelscope/results/serve_4090/followup_fullwarmup_20260922/llama8b/ragged/seed_0,followup_fullwarmup_20260922,deepseek-ai/DeepSeek-R1-Distill-Llama-8B,flash_attn_paged,bfloat16,/home/skkai/AI_Accelerator/kernelscope-design/scenarios/heldout_text_ragged.yaml,ragged,b9cbf8b543e8cfa4e2f38d8580001625016b56a114f8e5d3f939b00e1d1e6b17,constructed_natural_text,heldout_text,kernelscope-campus-garden-v1,be88aec841f168d48703f28e5c50df237366819fca03e08e77c6775999d2b5ab,77d53150bdfa780c88f1726a37fb17e169e068e75601b35257fe2e903620f5cc,0,1292a1cdd0b74b0a5c1eb85672bc848810d9eea98c8ef1753d51308f672d6104,cuda_serving,1,full_scenario,table,1,47.81928984240429,26.181807127525847,4.495263979800286,8.999293054183644
/home/skkai/AI_Accelerator/kernelscope/results/serve_4090/followup_fullwarmup_20260922/llama8b/ragged/seed_0,followup_fullwarmup_20260922,deepseek-ai/DeepSeek-R1-Distill-Llama-8B,flash_attn_paged,bfloat16,/home/skkai/AI_Accelerator/kernelscope-design/scenarios/heldout_text_ragged.yaml,ragged,b9cbf8b543e8cfa4e2f38d8580001625016b56a114f8e5d3f939b00e1d1e6b17,constructed_natural_text,heldout_text,kernelscope-campus-garden-v1,be88aec841f168d48703f28e5c50df237366819fca03e08e77c6775999d2b5ab,77d53150bdfa780c88f1726a37fb17e169e068e75601b35257fe2e903620f5cc,0,1292a1cdd0b74b0a5c1eb85672bc848810d9eea98c8ef1753d51308f672d6104,cuda_serving,1,full_scenario,table,2,47.6086006442424,26.183202979154885,4.4840154537270145,8.946066842444482
/home/skkai/AI_Accelerator/kernelscope/results/serve_4090/followup_fullwarmup_20260922/llama8b/ragged/seed_1,followup_fullwarmup_20260922,deepseek-ai/DeepSeek-R1-Distill-Llama-8B,flash_attn_paged,bfloat16,/home/skkai/AI_Accelerator/kernelscope-design/scenarios/heldout_text_ragged.yaml,ragged,b9cbf8b543e8cfa4e2f38d8580001625016b56a114f8e5d3f939b00e1d1e6b17,constructed_natural_text,heldout_text,kernelscope-campus-garden-v1,be88aec841f168d48703f28e5c50df237366819fca03e08e77c6775999d2b5ab,abef40a1b09f6555077213d1932f88ad38a1ba8f2437af1720ff655704fb8da3,1,1292a1cdd0b74b0a5c1eb85672bc848810d9eea98c8ef1753d51308f672d6104,cuda_serving,1,full_scenario,heuristic,0,56.60363540406368,34.960248389266305,13.568738122140209,3.2617770616085298
/home/skkai/AI_Accelerator/kernelscope/results/serve_4090/followup_fullwarmup_20260922/llama8b/ragged/seed_1,followup_fullwarmup_20260922,deepseek-ai/DeepSeek-R1-Distill-Llama-8B,flash_attn_paged,bfloat16,/home/skkai/AI_Accelerator/kernelscope-design/scenarios/heldout_text_ragged.yaml,ragged,b9cbf8b543e8cfa4e2f38d8580001625016b56a114f8e5d3f939b00e1d1e6b17,constructed_natural_text,heldout_text,kernelscope-campus-garden-v1,be88aec841f168d48703f28e5c50df237366819fca03e08e77c6775999d2b5ab,abef40a1b09f6555077213d1932f88ad38a1ba8f2437af1720ff655704fb8da3,1,1292a1cdd0b74b0a5c1eb85672bc848810d9eea98c8ef1753d51308f672d6104,cuda_serving,1,full_scenario,heuristic,1,56.56356407815755,34.942134903112965,13.542138872608062,3.563998747737177
/home/skkai/AI_Accelerator/kernelscope/results/serve_4090/followup_fullwarmup_20260922/llama8b/ragged/seed_1,followup_fullwarmup_20260922,deepseek-ai/DeepSeek-R1-Distill-Llama-8B,flash_attn_paged,bfloat16,/home/skkai/AI_Accelerator/kernelscope-design/scenarios/heldout_text_ragged.yaml,ragged,b9cbf8b543e8cfa4e2f38d8580001625016b56a114f8e5d3f939b00e1d1e6b17,constructed_natural_text,heldout_text,kernelscope-campus-garden-v1,be88aec841f168d48703f28e5c50df237366819fca03e08e77c6775999d2b5ab,abef40a1b09f6555077213d1932f88ad38a1ba8f2437af1720ff655704fb8da3,1,1292a1cdd0b74b0a5c1eb85672bc848810d9eea98c8ef1753d51308f672d6104,cuda_serving,1,full_scenario,heuristic,2,56.54331794411507,34.86817983549929,13.470721048693504,3.3277657724195913
/home/skkai/AI_Accelerator/kernelscope/results/serve_4090/followup_fullwarmup_20260922/llama8b/ragged/seed_1,followup_fullwarmup_20260922,deepseek-ai/DeepSeek-R1-Distill-Llama-8B,flash_attn_paged,bfloat16,/home/skkai/AI_Accelerator/kernelscope-design/scenarios/heldout_text_ragged.yaml,ragged,b9cbf8b543e8cfa4e2f38d8580001625016b56a114f8e5d3f939b00e1d1e6b17,constructed_natural_text,heldout_text,kernelscope-campus-garden-v1,be88aec841f168d48703f28e5c50df237366819fca03e08e77c6775999d2b5ab,abef40a1b09f6555077213d1932f88ad38a1ba8f2437af1720ff655704fb8da3,1,1292a1cdd0b74b0a5c1eb85672bc848810d9eea98c8ef1753d51308f672d6104,cuda_serving,1,full_scenario,model,0,47.740150685703775,26.185925967330416,4.240542917482315,436.4369425832504
/home/skkai/AI_Accelerator/kernelscope/results/serve_4090/followup_fullwarmup_20260922/llama8b/ragged/seed_1,followup_fullwarmup_20260922,deepseek-ai/DeepSeek-R1-Distill-Llama-8B,flash_attn_paged,bfloat16,/home/skkai/AI_Accelerator/kernelscope-design/scenarios/heldout_text_ragged.yaml,ragged,b9cbf8b543e8cfa4e2f38d8580001625016b56a114f8e5d3f939b00e1d1e6b17,constructed_natural_text,heldout_text,kernelscope-campus-garden-v1,be88aec841f168d48703f28e5c50df237366819fca03e08e77c6775999d2b5ab,abef40a1b09f6555077213d1932f88ad38a1ba8f2437af1720ff655704fb8da3,1,1292a1cdd0b74b0a5c1eb85672bc848810d9eea98c8ef1753d51308f672d6104,cuda_serving,1,full_scenario,model,1,47.72408133484519,26.19094835902234,4.24115608344155,434.1274541201851
/home/skkai/AI_Accelerator/kernelscope/results/serve_4090/followup_fullwarmup_20260922/llama8b/ragged/seed_1,followup_fullwarmup_20260922,deepseek-ai/DeepSeek-R1-Distill-Llama-8B,flash_attn_paged,bfloat16,/home/skkai/AI_Accelerator/kernelscope-design/scenarios/heldout_text_ragged.yaml,ragged,b9cbf8b543e8cfa4e2f38d8580001625016b56a114f8e5d3f939b00e1d1e6b17,constructed_natural_text,heldout_text,kernelscope-campus-garden-v1,be88aec841f168d48703f28e5c50df237366819fca03e08e77c6775999d2b5ab,abef40a1b09f6555077213d1932f88ad38a1ba8f2437af1720ff655704fb8da3,1,1292a1cdd0b74b0a5c1eb85672bc848810d9eea98c8ef1753d51308f672d6104,cuda_serving,1,full_scenario,model,2,47.82961254570879,26.20851042710485,4.241514266017944,433.33809627520463
/home/skkai/AI_Accelerator/kernelscope/results/serve_4090/followup_fullwarmup_20260922/llama8b/ragged/seed_1,followup_fullwarmup_20260922,deepseek-ai/DeepSeek-R1-Distill-Llama-8B,flash_attn_paged,bfloat16,/home/skkai/AI_Accelerator/kernelscope-design/scenarios/heldout_text_ragged.yaml,ragged,b9cbf8b543e8cfa4e2f38d8580001625016b56a114f8e5d3f939b00e1d1e6b17,constructed_natural_text,heldout_text,kernelscope-campus-garden-v1,be88aec841f168d48703f28e5c50df237366819fca03e08e77c6775999d2b5ab,abef40a1b09f6555077213d1932f88ad38a1ba8f2437af1720ff655704fb8da3,1,1292a1cdd0b74b0a5c1eb85672bc848810d9eea98c8ef1753d51308f672d6104,cuda_serving,1,full_scenario,table,0,47.74948923996369,26.149060548989166,4.48891558666383,9.821585169242274
/home/skkai/AI_Accelerator/kernelscope/results/serve_4090/followup_fullwarmup_20260922/llama8b/ragged/seed_1,followup_fullwarmup_20260922,deepseek-ai/DeepSeek-R1-Distill-Llama-8B,flash_attn_paged,bfloat16,/home/skkai/AI_Accelerator/kernelscope-design/scenarios/heldout_text_ragged.yaml,ragged,b9cbf8b543e8cfa4e2f38d8580001625016b56a114f8e5d3f939b00e1d1e6b17,constructed_natural_text,heldout_text,kernelscope-campus-garden-v1,be88aec841f168d48703f28e5c50df237366819fca03e08e77c6775999d2b5ab,abef40a1b09f6555077213d1932f88ad38a1ba8f2437af1720ff655704fb8da3,1,1292a1cdd0b74b0a5c1eb85672bc848810d9eea98c8ef1753d51308f672d6104,cuda_serving,1,full_scenario,table,1,47.69998974957308,26.162679714616388,4.494199713391642,9.084323180779334
/home/skkai/AI_Accelerator/kernelscope/results/serve_4090/followup_fullwarmup_20260922/llama8b/ragged/seed_1,followup_fullwarmup_20260922,deepseek-ai/DeepSeek-R1-Distill-Llama-8B,flash_attn_paged,bfloat16,/home/skkai/AI_Accelerator/kernelscope-design/scenarios/heldout_text_ragged.yaml,ragged,b9cbf8b543e8cfa4e2f38d8580001625016b56a114f8e5d3f939b00e1d1e6b17,constructed_natural_text,heldout_text,kernelscope-campus-garden-v1,be88aec841f168d48703f28e5c50df237366819fca03e08e77c6775999d2b5ab,abef40a1b09f6555077213d1932f88ad38a1ba8f2437af1720ff655704fb8da3,1,1292a1cdd0b74b0a5c1eb85672bc848810d9eea98c8ef1753d51308f672d6104,cuda_serving,1,full_scenario,table,2,47.71095195872074,26.141142453848115,4.479423965657912,9.318744207942679
/home/skkai/AI_Accelerator/kernelscope/results/serve_4090/followup_fullwarmup_20260922/llama8b/arrivals/seed_0,followup_fullwarmup_20260922,deepseek-ai/DeepSeek-R1-Distill-Llama-8B,flash_attn_paged,bfloat16,/home/skkai/AI_Accelerator/kernelscope-design/scenarios/heldout_text_arrivals.yaml,arrivals,63785df364c5839ba722693a37d8d939bb8f860806a02e53d8e73fd392a767a5,constructed_natural_text,heldout_text,kernelscope-campus-garden-v1,bd5eb1bfb5468fa88521c3f67cb351daa97869342c2c54f10fcb5da5c78dffc8,77d53150bdfa780c88f1726a37fb17e169e068e75601b35257fe2e903620f5cc,0,1292a1cdd0b74b0a5c1eb85672bc848810d9eea98c8ef1753d51308f672d6104,cuda_serving,1,full_scenario,heuristic,0,46.65681226932753,24.78584341535514,4.372326383604245,2.8404544784941455
/home/skkai/AI_Accelerator/kernelscope/results/serve_4090/followup_fullwarmup_20260922/llama8b/arrivals/seed_0,followup_fullwarmup_20260922,deepseek-ai/DeepSeek-R1-Distill-Llama-8B,flash_attn_paged,bfloat16,/home/skkai/AI_Accelerator/kernelscope-design/scenarios/heldout_text_arrivals.yaml,arrivals,63785df364c5839ba722693a37d8d939bb8f860806a02e53d8e73fd392a767a5,constructed_natural_text,heldout_text,kernelscope-campus-garden-v1,bd5eb1bfb5468fa88521c3f67cb351daa97869342c2c54f10fcb5da5c78dffc8,77d53150bdfa780c88f1726a37fb17e169e068e75601b35257fe2e903620f5cc,0,1292a1cdd0b74b0a5c1eb85672bc848810d9eea98c8ef1753d51308f672d6104,cuda_serving,1,full_scenario,heuristic,1,46.74109223054363,24.8258751234971,4.423457758805968,2.8359619053927334
/home/skkai/AI_Accelerator/kernelscope/results/serve_4090/followup_fullwarmup_20260922/llama8b/arrivals/seed_0,followup_fullwarmup_20260922,deepseek-ai/DeepSeek-R1-Distill-Llama-8B,flash_attn_paged,bfloat16,/home/skkai/AI_Accelerator/kernelscope-design/scenarios/heldout_text_arrivals.yaml,arrivals,63785df364c5839ba722693a37d8d939bb8f860806a02e53d8e73fd392a767a5,constructed_natural_text,heldout_text,kernelscope-campus-garden-v1,bd5eb1bfb5468fa88521c3f67cb351daa97869342c2c54f10fcb5da5c78dffc8,77d53150bdfa780c88f1726a37fb17e169e068e75601b35257fe2e903620f5cc,0,1292a1cdd0b74b0a5c1eb85672bc848810d9eea98c8ef1753d51308f672d6104,cuda_serving,1,full_scenario,heuristic,2,46.85150113938245,24.804025477814406,4.410413948819041,2.7751825241879984
/home/skkai/AI_Accelerator/kernelscope/results/serve_4090/followup_fullwarmup_20260922/llama8b/arrivals/seed_0,followup_fullwarmup_20260922,deepseek-ai/DeepSeek-R1-Distill-Llama-8B,flash_attn_paged,bfloat16,/home/skkai/AI_Accelerator/kernelscope-design/scenarios/heldout_text_arrivals.yaml,arrivals,63785df364c5839ba722693a37d8d939bb8f860806a02e53d8e73fd392a767a5,constructed_natural_text,heldout_text,kernelscope-campus-garden-v1,bd5eb1bfb5468fa88521c3f67cb351daa97869342c2c54f10fcb5da5c78dffc8,77d53150bdfa780c88f1726a37fb17e169e068e75601b35257fe2e903620f5cc,0,1292a1cdd0b74b0a5c1eb85672bc848810d9eea98c8ef1753d51308f672d6104,cuda_serving,1,full_scenario,model,0,45.98227129929403,24.674485945566136,2.6287394797260113,1567.323895340616
/home/skkai/AI_Accelerator/kernelscope/results/serve_4090/followup_fullwarmup_20260922/llama8b/arrivals/seed_0,followup_fullwarmup_20260922,deepseek-ai/DeepSeek-R1-Distill-Llama-8B,flash_attn_paged,bfloat16,/home/skkai/AI_Accelerator/kernelscope-design/scenarios/heldout_text_arrivals.yaml,arrivals,63785df364c5839ba722693a37d8d939bb8f860806a02e53d8e73fd392a767a5,constructed_natural_text,heldout_text,kernelscope-campus-garden-v1,bd5eb1bfb5468fa88521c3f67cb351daa97869342c2c54f10fcb5da5c78dffc8,77d53150bdfa780c88f1726a37fb17e169e068e75601b35257fe2e903620f5cc,0,1292a1cdd0b74b0a5c1eb85672bc848810d9eea98c8ef1753d51308f672d6104,cuda_serving,1,full_scenario,model,1,46.02498793203333,24.670670141296632,2.6259106822650544,1572.5734347308223
/home/skkai/AI_Accelerator/kernelscope/results/serve_4090/followup_fullwarmup_20260922/llama8b/arrivals/seed_0,followup_fullwarmup_20260922,deepseek-ai/DeepSeek-R1-Distill-Llama-8B,flash_attn_paged,bfloat16,/home/skkai/AI_Accelerator/kernelscope-design/scenarios/heldout_text_arrivals.yaml,arrivals,63785df364c5839ba722693a37d8d939bb8f860806a02e53d8e73fd392a767a5,constructed_natural_text,heldout_text,kernelscope-campus-garden-v1,bd5eb1bfb5468fa88521c3f67cb351daa97869342c2c54f10fcb5da5c78dffc8,77d53150bdfa780c88f1726a37fb17e169e068e75601b35257fe2e903620f5cc,0,1292a1cdd0b74b0a5c1eb85672bc848810d9eea98c8ef1753d51308f672d6104,cuda_serving,1,full_scenario,model,2,46.24031354145581,24.700001908720218,2.6340590469539165,1562.3022706925192
/home/skkai/AI_Accelerator/kernelscope/results/serve_4090/followup_fullwarmup_20260922/llama8b/arrivals/seed_0,followup_fullwarmup_20260922,deepseek-ai/DeepSeek-R1-Distill-Llama-8B,flash_attn_paged,bfloat16,/home/skkai/AI_Accelerator/kernelscope-design/scenarios/heldout_text_arrivals.yaml,arrivals,63785df364c5839ba722693a37d8d939bb8f860806a02e53d8e73fd392a767a5,constructed_natural_text,heldout_text,kernelscope-campus-garden-v1,bd5eb1bfb5468fa88521c3f67cb351daa97869342c2c54f10fcb5da5c78dffc8,77d53150bdfa780c88f1726a37fb17e169e068e75601b35257fe2e903620f5cc,0,1292a1cdd0b74b0a5c1eb85672bc848810d9eea98c8ef1753d51308f672d6104,cuda_serving,1,full_scenario,table,0,44.174591613148046,23.482734251725066,2.9730513408102777,25.400510904463854
/home/skkai/AI_Accelerator/kernelscope/results/serve_4090/followup_fullwarmup_20260922/llama8b/arrivals/seed_0,followup_fullwarmup_20260922,deepseek-ai/DeepSeek-R1-Distill-Llama-8B,flash_attn_paged,bfloat16,/home/skkai/AI_Accelerator/kernelscope-design/scenarios/heldout_text_arrivals.yaml,arrivals,63785df364c5839ba722693a37d8d939bb8f860806a02e53d8e73fd392a767a5,constructed_natural_text,heldout_text,kernelscope-campus-garden-v1,bd5eb1bfb5468fa88521c3f67cb351daa97869342c2c54f10fcb5da5c78dffc8,77d53150bdfa780c88f1726a37fb17e169e068e75601b35257fe2e903620f5cc,0,1292a1cdd0b74b0a5c1eb85672bc848810d9eea98c8ef1753d51308f672d6104,cuda_serving,1,full_scenario,table,1,44.510601319558795,23.483986128121614,2.976950683309273,24.54241568391973
/home/skkai/AI_Accelerator/kernelscope/results/serve_4090/followup_fullwarmup_20260922/llama8b/arrivals/seed_0,followup_fullwarmup_20260922,deepseek-ai/DeepSeek-R1-Distill-Llama-8B,flash_attn_paged,bfloat16,/home/skkai/AI_Accelerator/kernelscope-design/scenarios/heldout_text_arrivals.yaml,arrivals,63785df364c5839ba722693a37d8d939bb8f860806a02e53d8e73fd392a767a5,constructed_natural_text,heldout_text,kernelscope-campus-garden-v1,bd5eb1bfb5468fa88521c3f67cb351daa97869342c2c54f10fcb5da5c78dffc8,77d53150bdfa780c88f1726a37fb17e169e068e75601b35257fe2e903620f5cc,0,1292a1cdd0b74b0a5c1eb85672bc848810d9eea98c8ef1753d51308f672d6104,cuda_serving,1,full_scenario,table,2,44.28154411842384,23.500900853171267,2.9982847929678176,23.786651647903703
/home/skkai/AI_Accelerator/kernelscope/results/serve_4090/followup_fullwarmup_20260922/llama8b/arrivals/seed_1,followup_fullwarmup_20260922,deepseek-ai/DeepSeek-R1-Distill-Llama-8B,flash_attn_paged,bfloat16,/home/skkai/AI_Accelerator/kernelscope-design/scenarios/heldout_text_arrivals.yaml,arrivals,63785df364c5839ba722693a37d8d939bb8f860806a02e53d8e73fd392a767a5,constructed_natural_text,heldout_text,kernelscope-campus-garden-v1,bd5eb1bfb5468fa88521c3f67cb351daa97869342c2c54f10fcb5da5c78dffc8,abef40a1b09f6555077213d1932f88ad38a1ba8f2437af1720ff655704fb8da3,1,1292a1cdd0b74b0a5c1eb85672bc848810d9eea98c8ef1753d51308f672d6104,cuda_serving,1,full_scenario,heuristic,0,46.731068557629925,24.767972744831987,4.401103126867252,3.069639205932617
/home/skkai/AI_Accelerator/kernelscope/results/serve_4090/followup_fullwarmup_20260922/llama8b/arrivals/seed_1,followup_fullwarmup_20260922,deepseek-ai/DeepSeek-R1-Distill-Llama-8B,flash_attn_paged,bfloat16,/home/skkai/AI_Accelerator/kernelscope-design/scenarios/heldout_text_arrivals.yaml,arrivals,63785df364c5839ba722693a37d8d939bb8f860806a02e53d8e73fd392a767a5,constructed_natural_text,heldout_text,kernelscope-campus-garden-v1,bd5eb1bfb5468fa88521c3f67cb351daa97869342c2c54f10fcb5da5c78dffc8,abef40a1b09f6555077213d1932f88ad38a1ba8f2437af1720ff655704fb8da3,1,1292a1cdd0b74b0a5c1eb85672bc848810d9eea98c8ef1753d51308f672d6104,cuda_serving,1,full_scenario,heuristic,1,46.72741164678111,24.783165745479476,4.4012124890292235,2.7823092585260216
/home/skkai/AI_Accelerator/kernelscope/results/serve_4090/followup_fullwarmup_20260922/llama8b/arrivals/seed_1,followup_fullwarmup_20260922,deepseek-ai/DeepSeek-R1-Distill-Llama-8B,flash_attn_paged,bfloat16,/home/skkai/AI_Accelerator/kernelscope-design/scenarios/heldout_text_arrivals.yaml,arrivals,63785df364c5839ba722693a37d8d939bb8f860806a02e53d8e73fd392a767a5,constructed_natural_text,heldout_text,kernelscope-campus-garden-v1,bd5eb1bfb5468fa88521c3f67cb351daa97869342c2c54f10fcb5da5c78dffc8,abef40a1b09f6555077213d1932f88ad38a1ba8f2437af1720ff655704fb8da3,1,1292a1cdd0b74b0a5c1eb85672bc848810d9eea98c8ef1753d51308f672d6104,cuda_serving,1,full_scenario,heuristic,2,46.95117712703004,24.829377689060163,4.449622697552497,2.7648607184263794
/home/skkai/AI_Accelerator/kernelscope/results/serve_4090/followup_fullwarmup_20260922/llama8b/arrivals/seed_1,followup_fullwarmup_20260922,deepseek-ai/DeepSeek-R1-Distill-Llama-8B,flash_attn_paged,bfloat16,/home/skkai/AI_Accelerator/kernelscope-design/scenarios/heldout_text_arrivals.yaml,arrivals,63785df364c5839ba722693a37d8d939bb8f860806a02e53d8e73fd392a767a5,constructed_natural_text,heldout_text,kernelscope-campus-garden-v1,bd5eb1bfb5468fa88521c3f67cb351daa97869342c2c54f10fcb5da5c78dffc8,abef40a1b09f6555077213d1932f88ad38a1ba8f2437af1720ff655704fb8da3,1,1292a1cdd0b74b0a5c1eb85672bc848810d9eea98c8ef1753d51308f672d6104,cuda_serving,1,full_scenario,model,0,45.978612034723234,24.643981800710954,2.6324200597676364,1555.0536145879464
/home/skkai/AI_Accelerator/kernelscope/results/serve_4090/followup_fullwarmup_20260922/llama8b/arrivals/seed_1,followup_fullwarmup_20260922,deepseek-ai/DeepSeek-R1-Distill-Llama-8B,flash_attn_paged,bfloat16,/home/skkai/AI_Accelerator/kernelscope-design/scenarios/heldout_text_arrivals.yaml,arrivals,63785df364c5839ba722693a37d8d939bb8f860806a02e53d8e73fd392a767a5,constructed_natural_text,heldout_text,kernelscope-campus-garden-v1,bd5eb1bfb5468fa88521c3f67cb351daa97869342c2c54f10fcb5da5c78dffc8,abef40a1b09f6555077213d1932f88ad38a1ba8f2437af1720ff655704fb8da3,1,1292a1cdd0b74b0a5c1eb85672bc848810d9eea98c8ef1753d51308f672d6104,cuda_serving,1,full_scenario,model,1,46.031021526792046,24.607793511611156,2.6293655148284003,1546.7703850431876
/home/skkai/AI_Accelerator/kernelscope/results/serve_4090/followup_fullwarmup_20260922/llama8b/arrivals/seed_1,followup_fullwarmup_20260922,deepseek-ai/DeepSeek-R1-Distill-Llama-8B,flash_attn_paged,bfloat16,/home/skkai/AI_Accelerator/kernelscope-design/scenarios/heldout_text_arrivals.yaml,arrivals,63785df364c5839ba722693a37d8d939bb8f860806a02e53d8e73fd392a767a5,constructed_natural_text,heldout_text,kernelscope-campus-garden-v1,bd5eb1bfb5468fa88521c3f67cb351daa97869342c2c54f10fcb5da5c78dffc8,abef40a1b09f6555077213d1932f88ad38a1ba8f2437af1720ff655704fb8da3,1,1292a1cdd0b74b0a5c1eb85672bc848810d9eea98c8ef1753d51308f672d6104,cuda_serving,1,full_scenario,model,2,46.300012649754215,24.65877247106453,2.6297052988613197,1580.0295672802763
/home/skkai/AI_Accelerator/kernelscope/results/serve_4090/followup_fullwarmup_20260922/llama8b/arrivals/seed_1,followup_fullwarmup_20260922,deepseek-ai/DeepSeek-R1-Distill-Llama-8B,flash_attn_paged,bfloat16,/home/skkai/AI_Accelerator/kernelscope-design/scenarios/heldout_text_arrivals.yaml,arrivals,63785df364c5839ba722693a37d8d939bb8f860806a02e53d8e73fd392a767a5,constructed_natural_text,heldout_text,kernelscope-campus-garden-v1,bd5eb1bfb5468fa88521c3f67cb351daa97869342c2c54f10fcb5da5c78dffc8,abef40a1b09f6555077213d1932f88ad38a1ba8f2437af1720ff655704fb8da3,1,1292a1cdd0b74b0a5c1eb85672bc848810d9eea98c8ef1753d51308f672d6104,cuda_serving,1,full_scenario,table,0,44.42749457156998,23.520399794109505,3.036879123002291,23.831181566823613
/home/skkai/AI_Accelerator/kernelscope/results/serve_4090/followup_fullwarmup_20260922/llama8b/arrivals/seed_1,followup_fullwarmup_20260922,deepseek-ai/DeepSeek-R1-Distill-Llama-8B,flash_attn_paged,bfloat16,/home/skkai/AI_Accelerator/kernelscope-design/scenarios/heldout_text_arrivals.yaml,arrivals,63785df364c5839ba722693a37d8d939bb8f860806a02e53d8e73fd392a767a5,constructed_natural_text,heldout_text,kernelscope-campus-garden-v1,bd5eb1bfb5468fa88521c3f67cb351daa97869342c2c54f10fcb5da5c78dffc8,abef40a1b09f6555077213d1932f88ad38a1ba8f2437af1720ff655704fb8da3,1,1292a1cdd0b74b0a5c1eb85672bc848810d9eea98c8ef1753d51308f672d6104,cuda_serving,1,full_scenario,table,1,44.19812659182037,23.458391016306866,2.9906542485749177,23.231512485918675
/home/skkai/AI_Accelerator/kernelscope/results/serve_4090/followup_fullwarmup_20260922/llama8b/arrivals/seed_1,followup_fullwarmup_20260922,deepseek-ai/DeepSeek-R1-Distill-Llama-8B,flash_attn_paged,bfloat16,/home/skkai/AI_Accelerator/kernelscope-design/scenarios/heldout_text_arrivals.yaml,arrivals,63785df364c5839ba722693a37d8d939bb8f860806a02e53d8e73fd392a767a5,constructed_natural_text,heldout_text,kernelscope-campus-garden-v1,bd5eb1bfb5468fa88521c3f67cb351daa97869342c2c54f10fcb5da5c78dffc8,abef40a1b09f6555077213d1932f88ad38a1ba8f2437af1720ff655704fb8da3,1,1292a1cdd0b74b0a5c1eb85672bc848810d9eea98c8ef1753d51308f672d6104,cuda_serving,1,full_scenario,table,2,44.53107962370872,23.491772758478128,3.0041850087656217,24.633669421415437
