experiment,campaign_group,model,model_backend,model_dtype,scenario,scenario_sha256,scenario_family,prompt_kind,evaluation_split,dataset_id,dataset_sha256,resolved_prompts_sha256,seed,implementation,evidence_kind,warmup_runs,warmup_steps,comparison_id,policy,repeats,declared_repeats,requests_per_repeat,status,tpot_ms,tpot_run_std_ms,policy_us,decode_wall_ms,attention_ms,tokens_equivalent,output_validation_passed,token_agreement,baseline_tpot_ms,first_decision_calls,first_decision_us,cache_miss_calls,cache_miss_us,cache_hit_calls,cache_hit_us,unrecorded_calls,unrecorded_us,claim_eligible,ineligibility,speedup,speedup_ci95_low,speedup_ci95_high
/home/skkai/AI_Accelerator/kernelscope/results/serve_4090/followup_fullwarmup_20260922/qwen4b/uniform/seed_0,followup_fullwarmup_20260922,Qwen/Qwen3-4B-Instruct-2507,flash_attn_paged,bfloat16,/home/skkai/AI_Accelerator/kernelscope-design/scenarios/heldout_text_uniform.yaml,13f2bda16e7edbcfd67f960e7dac88887dc24603633d21e65fead04d50f45a49,uniform,constructed_natural_text,heldout_text,kernelscope-campus-garden-v1,0f2c2fca0b3c9aa3c0db98a815df3310ef4dfd12cfdb5a485bb615e704c279b1,391240754a1c284abd271eed1217e2721352ef5632a16ca0771f1d2fd48d37b6,0,1292a1cdd0b74b0a5c1eb85672bc848810d9eea98c8ef1753d51308f672d6104,cuda_serving,1,full_scenario,1a4ef757f1,heuristic,3,3,28.0,complete,30.643545133600867,0.16002281751047653,3.1817615562949775,17.093849773343493,2.5732005682363304,True,True,1.0,30.643545133600867,3,5.335644042740266,0,,0,,90,3.1099654734134674,True,,1.0,1.0,1.0
/home/skkai/AI_Accelerator/kernelscope/results/serve_4090/followup_fullwarmup_20260922/qwen4b/uniform/seed_0,followup_fullwarmup_20260922,Qwen/Qwen3-4B-Instruct-2507,flash_attn_paged,bfloat16,/home/skkai/AI_Accelerator/kernelscope-design/scenarios/heldout_text_uniform.yaml,13f2bda16e7edbcfd67f960e7dac88887dc24603633d21e65fead04d50f45a49,uniform,constructed_natural_text,heldout_text,kernelscope-campus-garden-v1,0f2c2fca0b3c9aa3c0db98a815df3310ef4dfd12cfdb5a485bb615e704c279b1,391240754a1c284abd271eed1217e2721352ef5632a16ca0771f1d2fd48d37b6,0,1292a1cdd0b74b0a5c1eb85672bc848810d9eea98c8ef1753d51308f672d6104,cuda_serving,1,full_scenario,1a4ef757f1,model,3,3,28.0,complete,31.23414006427817,0.08941607327128764,487.8189829078012,17.632073578825324,2.5780807385040867,True,True,1.0,30.643545133600867,3,14928.248691527793,0,,90,6.471325953801473,0,,True,,0.9810913657471635,0.9784907169911703,0.9830630540957642
/home/skkai/AI_Accelerator/kernelscope/results/serve_4090/followup_fullwarmup_20260922/qwen4b/uniform/seed_0,followup_fullwarmup_20260922,Qwen/Qwen3-4B-Instruct-2507,flash_attn_paged,bfloat16,/home/skkai/AI_Accelerator/kernelscope-design/scenarios/heldout_text_uniform.yaml,13f2bda16e7edbcfd67f960e7dac88887dc24603633d21e65fead04d50f45a49,uniform,constructed_natural_text,heldout_text,kernelscope-campus-garden-v1,0f2c2fca0b3c9aa3c0db98a815df3310ef4dfd12cfdb5a485bb615e704c279b1,391240754a1c284abd271eed1217e2721352ef5632a16ca0771f1d2fd48d37b6,0,1292a1cdd0b74b0a5c1eb85672bc848810d9eea98c8ef1753d51308f672d6104,cuda_serving,1,full_scenario,1a4ef757f1,table,3,3,28.0,complete,30.651779002798815,0.0942112759743494,8.559766380737225,17.102695494559743,2.5722216442227364,True,True,1.0,30.643545133600867,3,93.75767937550943,0,,90,5.719835947578152,0,,True,,0.9997313738560755,0.9972498555170385,1.0025362990506592
/home/skkai/AI_Accelerator/kernelscope/results/serve_4090/followup_fullwarmup_20260922/qwen4b/uniform/seed_1,followup_fullwarmup_20260922,Qwen/Qwen3-4B-Instruct-2507,flash_attn_paged,bfloat16,/home/skkai/AI_Accelerator/kernelscope-design/scenarios/heldout_text_uniform.yaml,13f2bda16e7edbcfd67f960e7dac88887dc24603633d21e65fead04d50f45a49,uniform,constructed_natural_text,heldout_text,kernelscope-campus-garden-v1,0f2c2fca0b3c9aa3c0db98a815df3310ef4dfd12cfdb5a485bb615e704c279b1,1c86eee099bf77bf0ea0cc05f33fe3b2d73ad8a11e9c3fe5943ae25e39693903,1,1292a1cdd0b74b0a5c1eb85672bc848810d9eea98c8ef1753d51308f672d6104,cuda_serving,1,full_scenario,55d1a029b6,heuristic,3,3,28.0,complete,30.797729261248833,0.07343603303094504,3.1534538564262213,17.13477491003071,2.571573388272075,True,True,1.0,30.797729261248833,3,4.858321820696195,0,,0,,90,3.096624924283889,True,,1.0,1.0,1.0
/home/skkai/AI_Accelerator/kernelscope/results/serve_4090/followup_fullwarmup_20260922/qwen4b/uniform/seed_1,followup_fullwarmup_20260922,Qwen/Qwen3-4B-Instruct-2507,flash_attn_paged,bfloat16,/home/skkai/AI_Accelerator/kernelscope-design/scenarios/heldout_text_uniform.yaml,13f2bda16e7edbcfd67f960e7dac88887dc24603633d21e65fead04d50f45a49,uniform,constructed_natural_text,heldout_text,kernelscope-campus-garden-v1,0f2c2fca0b3c9aa3c0db98a815df3310ef4dfd12cfdb5a485bb615e704c279b1,1c86eee099bf77bf0ea0cc05f33fe3b2d73ad8a11e9c3fe5943ae25e39693903,1,1292a1cdd0b74b0a5c1eb85672bc848810d9eea98c8ef1753d51308f672d6104,cuda_serving,1,full_scenario,55d1a029b6,model,3,3,28.0,complete,31.347424948125575,0.03399180008879157,494.8060821882018,17.67133997993604,2.580199282816661,True,True,1.0,30.797729261248833,3,15136.542982266596,0,,90,6.748185518922077,0,,True,,0.9824644069557104,0.9809346663880396,0.9845076213471875
/home/skkai/AI_Accelerator/kernelscope/results/serve_4090/followup_fullwarmup_20260922/qwen4b/uniform/seed_1,followup_fullwarmup_20260922,Qwen/Qwen3-4B-Instruct-2507,flash_attn_paged,bfloat16,/home/skkai/AI_Accelerator/kernelscope-design/scenarios/heldout_text_uniform.yaml,13f2bda16e7edbcfd67f960e7dac88887dc24603633d21e65fead04d50f45a49,uniform,constructed_natural_text,heldout_text,kernelscope-campus-garden-v1,0f2c2fca0b3c9aa3c0db98a815df3310ef4dfd12cfdb5a485bb615e704c279b1,1c86eee099bf77bf0ea0cc05f33fe3b2d73ad8a11e9c3fe5943ae25e39693903,1,1292a1cdd0b74b0a5c1eb85672bc848810d9eea98c8ef1753d51308f672d6104,cuda_serving,1,full_scenario,55d1a029b6,table,3,3,28.0,complete,30.814773282065698,0.0432631665030381,9.615427403840968,17.146463770674725,2.573610377327729,True,True,1.0,30.797729261248833,3,101.05135152116418,0,,90,6.56756326659686,0,,True,,0.9994468880020355,0.9982002143838137,1.0000816107523856
/home/skkai/AI_Accelerator/kernelscope/results/serve_4090/followup_fullwarmup_20260922/qwen4b/ragged/seed_0,followup_fullwarmup_20260922,Qwen/Qwen3-4B-Instruct-2507,flash_attn_paged,bfloat16,/home/skkai/AI_Accelerator/kernelscope-design/scenarios/heldout_text_ragged.yaml,b9cbf8b543e8cfa4e2f38d8580001625016b56a114f8e5d3f939b00e1d1e6b17,ragged,constructed_natural_text,heldout_text,kernelscope-campus-garden-v1,be88aec841f168d48703f28e5c50df237366819fca03e08e77c6775999d2b5ab,051b3bd17f3bc95509a3c779c4706be8d99b20384fede0831c026b38729d7ba4,0,1292a1cdd0b74b0a5c1eb85672bc848810d9eea98c8ef1753d51308f672d6104,cuda_serving,1,full_scenario,f4264c3a15,heuristic,3,3,28.0,complete,43.384728513577755,0.14318472527976536,3.6176868654306857,29.425926159776907,14.979712076725498,True,True,1.0,43.384728513577755,3,4.793672511974971,0,,0,,90,3.5784873438792095,True,,1.0,1.0,1.0
/home/skkai/AI_Accelerator/kernelscope/results/serve_4090/followup_fullwarmup_20260922/qwen4b/ragged/seed_0,followup_fullwarmup_20260922,Qwen/Qwen3-4B-Instruct-2507,flash_attn_paged,bfloat16,/home/skkai/AI_Accelerator/kernelscope-design/scenarios/heldout_text_ragged.yaml,b9cbf8b543e8cfa4e2f38d8580001625016b56a114f8e5d3f939b00e1d1e6b17,ragged,constructed_natural_text,heldout_text,kernelscope-campus-garden-v1,be88aec841f168d48703f28e5c50df237366819fca03e08e77c6775999d2b5ab,051b3bd17f3bc95509a3c779c4706be8d99b20384fede0831c026b38729d7ba4,0,1292a1cdd0b74b0a5c1eb85672bc848810d9eea98c8ef1753d51308f672d6104,cuda_serving,1,full_scenario,f4264c3a15,model,3,3,28.0,complete,33.835042643928745,0.10765049346197862,446.74642123682526,19.829935740969912,4.754286092615897,True,True,1.0,43.384728513577755,3,13644.171645864844,0,,90,6.832247082557943,0,,True,,1.2822424658998495,1.275071063954209,1.291048869834657
/home/skkai/AI_Accelerator/kernelscope/results/serve_4090/followup_fullwarmup_20260922/qwen4b/ragged/seed_0,followup_fullwarmup_20260922,Qwen/Qwen3-4B-Instruct-2507,flash_attn_paged,bfloat16,/home/skkai/AI_Accelerator/kernelscope-design/scenarios/heldout_text_ragged.yaml,b9cbf8b543e8cfa4e2f38d8580001625016b56a114f8e5d3f939b00e1d1e6b17,ragged,constructed_natural_text,heldout_text,kernelscope-campus-garden-v1,be88aec841f168d48703f28e5c50df237366819fca03e08e77c6775999d2b5ab,051b3bd17f3bc95509a3c779c4706be8d99b20384fede0831c026b38729d7ba4,0,1292a1cdd0b74b0a5c1eb85672bc848810d9eea98c8ef1753d51308f672d6104,cuda_serving,1,full_scenario,f4264c3a15,table,3,3,28.0,complete,33.81202732955057,0.19522141462168616,9.935443109321978,19.792190075711776,5.010705839882615,True,True,1.0,43.384728513577755,3,106.00699655090769,0,,90,6.733057994602455,0,,True,,1.2831152681478217,1.2751882429182209,1.2893325807259388
/home/skkai/AI_Accelerator/kernelscope/results/serve_4090/followup_fullwarmup_20260922/qwen4b/ragged/seed_1,followup_fullwarmup_20260922,Qwen/Qwen3-4B-Instruct-2507,flash_attn_paged,bfloat16,/home/skkai/AI_Accelerator/kernelscope-design/scenarios/heldout_text_ragged.yaml,b9cbf8b543e8cfa4e2f38d8580001625016b56a114f8e5d3f939b00e1d1e6b17,ragged,constructed_natural_text,heldout_text,kernelscope-campus-garden-v1,be88aec841f168d48703f28e5c50df237366819fca03e08e77c6775999d2b5ab,d33d5cf23af2d604ac5bc2b55e2242449b8cf893c7156b81b42493ed8ce6d28f,1,1292a1cdd0b74b0a5c1eb85672bc848810d9eea98c8ef1753d51308f672d6104,cuda_serving,1,full_scenario,cbe8069ee7,heuristic,3,3,28.0,complete,43.45716369560882,0.08220126118001081,3.6739242283166735,29.485649780385316,15.031544871548169,True,True,1.0,43.45716369560882,3,5.579010273019473,0,,0,,90,3.6104213601599136,True,,1.0,1.0,1.0
/home/skkai/AI_Accelerator/kernelscope/results/serve_4090/followup_fullwarmup_20260922/qwen4b/ragged/seed_1,followup_fullwarmup_20260922,Qwen/Qwen3-4B-Instruct-2507,flash_attn_paged,bfloat16,/home/skkai/AI_Accelerator/kernelscope-design/scenarios/heldout_text_ragged.yaml,b9cbf8b543e8cfa4e2f38d8580001625016b56a114f8e5d3f939b00e1d1e6b17,ragged,constructed_natural_text,heldout_text,kernelscope-campus-garden-v1,be88aec841f168d48703f28e5c50df237366819fca03e08e77c6775999d2b5ab,d33d5cf23af2d604ac5bc2b55e2242449b8cf893c7156b81b42493ed8ce6d28f,1,1292a1cdd0b74b0a5c1eb85672bc848810d9eea98c8ef1753d51308f672d6104,cuda_serving,1,full_scenario,cbe8069ee7,model,3,3,28.0,complete,33.69183565468757,0.10671821557752181,448.6913776515873,19.803913227552844,4.740937627130939,True,True,1.0,43.45716369560882,3,13697.351678274572,0,,90,7.0693676308211355,0,,True,,1.2898425642641584,1.2879460501246685,1.291784623369698
/home/skkai/AI_Accelerator/kernelscope/results/serve_4090/followup_fullwarmup_20260922/qwen4b/ragged/seed_1,followup_fullwarmup_20260922,Qwen/Qwen3-4B-Instruct-2507,flash_attn_paged,bfloat16,/home/skkai/AI_Accelerator/kernelscope-design/scenarios/heldout_text_ragged.yaml,b9cbf8b543e8cfa4e2f38d8580001625016b56a114f8e5d3f939b00e1d1e6b17,ragged,constructed_natural_text,heldout_text,kernelscope-campus-garden-v1,be88aec841f168d48703f28e5c50df237366819fca03e08e77c6775999d2b5ab,d33d5cf23af2d604ac5bc2b55e2242449b8cf893c7156b81b42493ed8ce6d28f,1,1292a1cdd0b74b0a5c1eb85672bc848810d9eea98c8ef1753d51308f672d6104,cuda_serving,1,full_scenario,cbe8069ee7,table,3,3,28.0,complete,33.74930485060954,0.13648466435680603,10.242370227652211,19.795354878810304,5.0084510435981136,False,False,0.9988839285714286,43.45716369560882,3,107.08568152040243,0,,90,7.014259851227204,0,,False,tokens_mismatch_or_unchecked;output_validation_failed_or_missing,,,
/home/skkai/AI_Accelerator/kernelscope/results/serve_4090/followup_fullwarmup_20260922/qwen4b/arrivals/seed_0,followup_fullwarmup_20260922,Qwen/Qwen3-4B-Instruct-2507,flash_attn_paged,bfloat16,/home/skkai/AI_Accelerator/kernelscope-design/scenarios/heldout_text_arrivals.yaml,63785df364c5839ba722693a37d8d939bb8f860806a02e53d8e73fd392a767a5,arrivals,constructed_natural_text,heldout_text,kernelscope-campus-garden-v1,bd5eb1bfb5468fa88521c3f67cb351daa97869342c2c54f10fcb5da5c78dffc8,051b3bd17f3bc95509a3c779c4706be8d99b20384fede0831c026b38729d7ba4,0,1292a1cdd0b74b0a5c1eb85672bc848810d9eea98c8ef1753d51308f672d6104,cuda_serving,1,full_scenario,441b753f0b,heuristic,3,3,28.0,complete,34.382846976918124,0.03012882888274549,3.158917057920586,19.19401707374632,4.839984489458076,True,True,1.0,34.382846976918124,3,4.331348463892937,0,,0,,162,3.1372053652173943,True,,1.0,1.0,1.0
/home/skkai/AI_Accelerator/kernelscope/results/serve_4090/followup_fullwarmup_20260922/qwen4b/arrivals/seed_0,followup_fullwarmup_20260922,Qwen/Qwen3-4B-Instruct-2507,flash_attn_paged,bfloat16,/home/skkai/AI_Accelerator/kernelscope-design/scenarios/heldout_text_arrivals.yaml,63785df364c5839ba722693a37d8d939bb8f860806a02e53d8e73fd392a767a5,arrivals,constructed_natural_text,heldout_text,kernelscope-campus-garden-v1,bd5eb1bfb5468fa88521c3f67cb351daa97869342c2c54f10fcb5da5c78dffc8,051b3bd17f3bc95509a3c779c4706be8d99b20384fede0831c026b38729d7ba4,0,1292a1cdd0b74b0a5c1eb85672bc848810d9eea98c8ef1753d51308f672d6104,cuda_serving,1,full_scenario,441b753f0b,model,3,3,28.0,complete,33.534152276871026,0.06163826060480826,1581.6020204290523,18.99098634162466,2.93251664759309,False,False,0.9720982142857144,34.382846976918124,3,1071.310000649343,36,7138.80364330382,126,5.979938173873557,0,,False,tokens_mismatch_or_unchecked;output_validation_failed_or_missing,,,
/home/skkai/AI_Accelerator/kernelscope/results/serve_4090/followup_fullwarmup_20260922/qwen4b/arrivals/seed_0,followup_fullwarmup_20260922,Qwen/Qwen3-4B-Instruct-2507,flash_attn_paged,bfloat16,/home/skkai/AI_Accelerator/kernelscope-design/scenarios/heldout_text_arrivals.yaml,63785df364c5839ba722693a37d8d939bb8f860806a02e53d8e73fd392a767a5,arrivals,constructed_natural_text,heldout_text,kernelscope-campus-garden-v1,bd5eb1bfb5468fa88521c3f67cb351daa97869342c2c54f10fcb5da5c78dffc8,051b3bd17f3bc95509a3c779c4706be8d99b20384fede0831c026b38729d7ba4,0,1292a1cdd0b74b0a5c1eb85672bc848810d9eea98c8ef1753d51308f672d6104,cuda_serving,1,full_scenario,441b753f0b,table,3,3,28.0,complete,31.75905302729613,0.07443212952892998,24.994157226473998,17.75902923316497,3.2999970921399915,False,False,0.9765625,34.382846976918124,3,93.50864759956796,36,87.26636426419847,126,5.57080068300286,0,,False,tokens_mismatch_or_unchecked;output_validation_failed_or_missing,,,
/home/skkai/AI_Accelerator/kernelscope/results/serve_4090/followup_fullwarmup_20260922/qwen4b/arrivals/seed_1,followup_fullwarmup_20260922,Qwen/Qwen3-4B-Instruct-2507,flash_attn_paged,bfloat16,/home/skkai/AI_Accelerator/kernelscope-design/scenarios/heldout_text_arrivals.yaml,63785df364c5839ba722693a37d8d939bb8f860806a02e53d8e73fd392a767a5,arrivals,constructed_natural_text,heldout_text,kernelscope-campus-garden-v1,bd5eb1bfb5468fa88521c3f67cb351daa97869342c2c54f10fcb5da5c78dffc8,d33d5cf23af2d604ac5bc2b55e2242449b8cf893c7156b81b42493ed8ce6d28f,1,1292a1cdd0b74b0a5c1eb85672bc848810d9eea98c8ef1753d51308f672d6104,cuda_serving,1,full_scenario,088a2270b5,heuristic,3,3,28.0,complete,34.30817060904579,0.1255665880678414,3.3121958205645736,19.165287122737166,4.82906530765873,True,True,1.0,34.30817060904579,3,4.879334786285956,0,,0,,162,3.2831747286067703,True,,1.0,1.0,1.0
/home/skkai/AI_Accelerator/kernelscope/results/serve_4090/followup_fullwarmup_20260922/qwen4b/arrivals/seed_1,followup_fullwarmup_20260922,Qwen/Qwen3-4B-Instruct-2507,flash_attn_paged,bfloat16,/home/skkai/AI_Accelerator/kernelscope-design/scenarios/heldout_text_arrivals.yaml,63785df364c5839ba722693a37d8d939bb8f860806a02e53d8e73fd392a767a5,arrivals,constructed_natural_text,heldout_text,kernelscope-campus-garden-v1,bd5eb1bfb5468fa88521c3f67cb351daa97869342c2c54f10fcb5da5c78dffc8,d33d5cf23af2d604ac5bc2b55e2242449b8cf893c7156b81b42493ed8ce6d28f,1,1292a1cdd0b74b0a5c1eb85672bc848810d9eea98c8ef1753d51308f672d6104,cuda_serving,1,full_scenario,088a2270b5,model,3,3,28.0,complete,33.45450559304545,0.056598064712937185,1576.4293634812486,18.925870844572216,2.9304060023955323,False,False,0.9732142857142856,34.30817060904579,3,1051.9693605601788,36,7116.533663874078,126,6.029563438561228,0,,False,tokens_mismatch_or_unchecked;output_validation_failed_or_missing,,,
/home/skkai/AI_Accelerator/kernelscope/results/serve_4090/followup_fullwarmup_20260922/qwen4b/arrivals/seed_1,followup_fullwarmup_20260922,Qwen/Qwen3-4B-Instruct-2507,flash_attn_paged,bfloat16,/home/skkai/AI_Accelerator/kernelscope-design/scenarios/heldout_text_arrivals.yaml,63785df364c5839ba722693a37d8d939bb8f860806a02e53d8e73fd392a767a5,arrivals,constructed_natural_text,heldout_text,kernelscope-campus-garden-v1,bd5eb1bfb5468fa88521c3f67cb351daa97869342c2c54f10fcb5da5c78dffc8,d33d5cf23af2d604ac5bc2b55e2242449b8cf893c7156b81b42493ed8ce6d28f,1,1292a1cdd0b74b0a5c1eb85672bc848810d9eea98c8ef1753d51308f672d6104,cuda_serving,1,full_scenario,088a2270b5,table,3,3,28.0,complete,31.668827724283613,0.05386208732653898,24.840079431393832,17.70514515299124,3.2981069607265066,False,False,0.9877232142857144,34.30817060904579,3,91.96166259547074,36,87.30338918717786,126,5.395286568691806,0,,False,tokens_mismatch_or_unchecked;output_validation_failed_or_missing,,,
/home/skkai/AI_Accelerator/kernelscope/results/serve_4090/followup_fullwarmup_20260922/llama8b/uniform/seed_0,followup_fullwarmup_20260922,deepseek-ai/DeepSeek-R1-Distill-Llama-8B,flash_attn_paged,bfloat16,/home/skkai/AI_Accelerator/kernelscope-design/scenarios/heldout_text_uniform.yaml,13f2bda16e7edbcfd67f960e7dac88887dc24603633d21e65fead04d50f45a49,uniform,constructed_natural_text,heldout_text,kernelscope-campus-garden-v1,0f2c2fca0b3c9aa3c0db98a815df3310ef4dfd12cfdb5a485bb615e704c279b1,64e965626120b6d8de3d8cc3211e0c3f3f90d241975152f30604001b4a40de79,0,1292a1cdd0b74b0a5c1eb85672bc848810d9eea98c8ef1753d51308f672d6104,cuda_serving,1,full_scenario,a77a40c213,heuristic,3,3,28.0,complete,44.5525797584059,0.27093334356782167,3.35425839468997,23.831265172370337,2.36108462232095,True,True,1.0,44.5525797584059,3,5.09565385679404,0,,0,,90,3.296211879286501,True,,1.0,1.0,1.0
/home/skkai/AI_Accelerator/kernelscope/results/serve_4090/followup_fullwarmup_20260922/llama8b/uniform/seed_0,followup_fullwarmup_20260922,deepseek-ai/DeepSeek-R1-Distill-Llama-8B,flash_attn_paged,bfloat16,/home/skkai/AI_Accelerator/kernelscope-design/scenarios/heldout_text_uniform.yaml,13f2bda16e7edbcfd67f960e7dac88887dc24603633d21e65fead04d50f45a49,uniform,constructed_natural_text,heldout_text,kernelscope-campus-garden-v1,0f2c2fca0b3c9aa3c0db98a815df3310ef4dfd12cfdb5a485bb615e704c279b1,64e965626120b6d8de3d8cc3211e0c3f3f90d241975152f30604001b4a40de79,0,1292a1cdd0b74b0a5c1eb85672bc848810d9eea98c8ef1753d51308f672d6104,cuda_serving,1,full_scenario,a77a40c213,model,3,3,28.0,complete,45.04154673665308,0.18319983780717045,497.28585747621395,24.312224474445145,2.360329699692547,True,True,1.0,44.5525797584059,3,15225.991005233178,0,,90,6.32901921764844,0,,True,,0.989144089986384,0.9878856626006409,0.9914745576118053
/home/skkai/AI_Accelerator/kernelscope/results/serve_4090/followup_fullwarmup_20260922/llama8b/uniform/seed_0,followup_fullwarmup_20260922,deepseek-ai/DeepSeek-R1-Distill-Llama-8B,flash_attn_paged,bfloat16,/home/skkai/AI_Accelerator/kernelscope-design/scenarios/heldout_text_uniform.yaml,13f2bda16e7edbcfd67f960e7dac88887dc24603633d21e65fead04d50f45a49,uniform,constructed_natural_text,heldout_text,kernelscope-campus-garden-v1,0f2c2fca0b3c9aa3c0db98a815df3310ef4dfd12cfdb5a485bb615e704c279b1,64e965626120b6d8de3d8cc3211e0c3f3f90d241975152f30604001b4a40de79,0,1292a1cdd0b74b0a5c1eb85672bc848810d9eea98c8ef1753d51308f672d6104,cuda_serving,1,full_scenario,a77a40c213,table,3,3,28.0,complete,44.52686197745035,0.03531235901478374,9.435302232422176,23.83001224996562,2.361787250285508,True,True,1.0,44.5525797584059,3,100.01467308029532,0,,90,6.415989870826404,0,,True,,1.0005775790121605,0.9953120531374378,1.007204791541658
/home/skkai/AI_Accelerator/kernelscope/results/serve_4090/followup_fullwarmup_20260922/llama8b/uniform/seed_1,followup_fullwarmup_20260922,deepseek-ai/DeepSeek-R1-Distill-Llama-8B,flash_attn_paged,bfloat16,/home/skkai/AI_Accelerator/kernelscope-design/scenarios/heldout_text_uniform.yaml,13f2bda16e7edbcfd67f960e7dac88887dc24603633d21e65fead04d50f45a49,uniform,constructed_natural_text,heldout_text,kernelscope-campus-garden-v1,0f2c2fca0b3c9aa3c0db98a815df3310ef4dfd12cfdb5a485bb615e704c279b1,5c43af8475d90d5ee77ce8dc3cdd81364ef75b8bd746c21a535b468f9b3757fc,1,1292a1cdd0b74b0a5c1eb85672bc848810d9eea98c8ef1753d51308f672d6104,cuda_serving,1,full_scenario,36f7c7cbf7,heuristic,3,3,28.0,complete,44.735891009857426,0.1743126768364512,3.4452476088077795,23.870764033598523,2.3676119291333744,True,True,1.0,44.735891009857426,3,4.972661069283883,0,,0,,90,3.394333826791909,True,,1.0,1.0,1.0
/home/skkai/AI_Accelerator/kernelscope/results/serve_4090/followup_fullwarmup_20260922/llama8b/uniform/seed_1,followup_fullwarmup_20260922,deepseek-ai/DeepSeek-R1-Distill-Llama-8B,flash_attn_paged,bfloat16,/home/skkai/AI_Accelerator/kernelscope-design/scenarios/heldout_text_uniform.yaml,13f2bda16e7edbcfd67f960e7dac88887dc24603633d21e65fead04d50f45a49,uniform,constructed_natural_text,heldout_text,kernelscope-campus-garden-v1,0f2c2fca0b3c9aa3c0db98a815df3310ef4dfd12cfdb5a485bb615e704c279b1,5c43af8475d90d5ee77ce8dc3cdd81364ef75b8bd746c21a535b468f9b3757fc,1,1292a1cdd0b74b0a5c1eb85672bc848810d9eea98c8ef1753d51308f672d6104,cuda_serving,1,full_scenario,36f7c7cbf7,model,3,3,28.0,complete,45.14680717967236,0.11912313574689747,497.51355958681916,24.35182208716068,2.3591618624425705,True,True,1.0,44.735891009857426,3,15218.113995312402,0,,90,6.826878395966357,0,,True,,0.9908982230309312,0.9866137077812909,0.9939824212046886
/home/skkai/AI_Accelerator/kernelscope/results/serve_4090/followup_fullwarmup_20260922/llama8b/uniform/seed_1,followup_fullwarmup_20260922,deepseek-ai/DeepSeek-R1-Distill-Llama-8B,flash_attn_paged,bfloat16,/home/skkai/AI_Accelerator/kernelscope-design/scenarios/heldout_text_uniform.yaml,13f2bda16e7edbcfd67f960e7dac88887dc24603633d21e65fead04d50f45a49,uniform,constructed_natural_text,heldout_text,kernelscope-campus-garden-v1,0f2c2fca0b3c9aa3c0db98a815df3310ef4dfd12cfdb5a485bb615e704c279b1,5c43af8475d90d5ee77ce8dc3cdd81364ef75b8bd746c21a535b468f9b3757fc,1,1292a1cdd0b74b0a5c1eb85672bc848810d9eea98c8ef1753d51308f672d6104,cuda_serving,1,full_scenario,36f7c7cbf7,table,3,3,28.0,complete,44.627138087803154,0.11917632795095436,9.52430112007004,23.863237714820528,2.3595778651295167,True,True,1.0,44.735891009857426,3,106.36000661179423,0,,90,6.2964442703459,0,,True,,1.002436923511436,0.9980434906006238,1.0090056067192215
/home/skkai/AI_Accelerator/kernelscope/results/serve_4090/followup_fullwarmup_20260922/llama8b/ragged/seed_0,followup_fullwarmup_20260922,deepseek-ai/DeepSeek-R1-Distill-Llama-8B,flash_attn_paged,bfloat16,/home/skkai/AI_Accelerator/kernelscope-design/scenarios/heldout_text_ragged.yaml,b9cbf8b543e8cfa4e2f38d8580001625016b56a114f8e5d3f939b00e1d1e6b17,ragged,constructed_natural_text,heldout_text,kernelscope-campus-garden-v1,be88aec841f168d48703f28e5c50df237366819fca03e08e77c6775999d2b5ab,77d53150bdfa780c88f1726a37fb17e169e068e75601b35257fe2e903620f5cc,0,1292a1cdd0b74b0a5c1eb85672bc848810d9eea98c8ef1753d51308f672d6104,cuda_serving,1,full_scenario,37b3550b58,heuristic,3,3,28.0,complete,56.458288750406666,0.06247441340440714,3.3074387809842505,34.86705399856913,13.47563976530106,True,True,1.0,56.458288750406666,3,4.813327298810084,0,,0,,90,3.2572424970567226,True,,1.0,1.0,1.0
/home/skkai/AI_Accelerator/kernelscope/results/serve_4090/followup_fullwarmup_20260922/llama8b/ragged/seed_0,followup_fullwarmup_20260922,deepseek-ai/DeepSeek-R1-Distill-Llama-8B,flash_attn_paged,bfloat16,/home/skkai/AI_Accelerator/kernelscope-design/scenarios/heldout_text_ragged.yaml,b9cbf8b543e8cfa4e2f38d8580001625016b56a114f8e5d3f939b00e1d1e6b17,ragged,constructed_natural_text,heldout_text,kernelscope-campus-garden-v1,be88aec841f168d48703f28e5c50df237366819fca03e08e77c6775999d2b5ab,77d53150bdfa780c88f1726a37fb17e169e068e75601b35257fe2e903620f5cc,0,1292a1cdd0b74b0a5c1eb85672bc848810d9eea98c8ef1753d51308f672d6104,cuda_serving,1,full_scenario,37b3550b58,model,3,3,28.0,complete,47.51967792292826,0.36978465908772185,436.69969759761324,26.208080067199162,4.244192980309968,True,True,1.0,56.458288750406666,3,13319.842323350409,0,,90,7.261610072520044,0,,True,,1.188103354613974,1.1831790950240626,1.1973635262380322
/home/skkai/AI_Accelerator/kernelscope/results/serve_4090/followup_fullwarmup_20260922/llama8b/ragged/seed_0,followup_fullwarmup_20260922,deepseek-ai/DeepSeek-R1-Distill-Llama-8B,flash_attn_paged,bfloat16,/home/skkai/AI_Accelerator/kernelscope-design/scenarios/heldout_text_ragged.yaml,b9cbf8b543e8cfa4e2f38d8580001625016b56a114f8e5d3f939b00e1d1e6b17,ragged,constructed_natural_text,heldout_text,kernelscope-campus-garden-v1,be88aec841f168d48703f28e5c50df237366819fca03e08e77c6775999d2b5ab,77d53150bdfa780c88f1726a37fb17e169e068e75601b35257fe2e903620f5cc,0,1292a1cdd0b74b0a5c1eb85672bc848810d9eea98c8ef1753d51308f672d6104,cuda_serving,1,full_scenario,37b3550b58,table,3,3,28.0,complete,47.53279008567938,0.3309819602010958,9.043508970368933,26.170216249151817,4.490037308745486,False,False,0.9988839285714286,56.458288750406666,3,100.30734119936824,0,,90,6.00138122940229,0,,False,tokens_mismatch_or_unchecked;output_validation_failed_or_missing,,,
/home/skkai/AI_Accelerator/kernelscope/results/serve_4090/followup_fullwarmup_20260922/llama8b/ragged/seed_1,followup_fullwarmup_20260922,deepseek-ai/DeepSeek-R1-Distill-Llama-8B,flash_attn_paged,bfloat16,/home/skkai/AI_Accelerator/kernelscope-design/scenarios/heldout_text_ragged.yaml,b9cbf8b543e8cfa4e2f38d8580001625016b56a114f8e5d3f939b00e1d1e6b17,ragged,constructed_natural_text,heldout_text,kernelscope-campus-garden-v1,be88aec841f168d48703f28e5c50df237366819fca03e08e77c6775999d2b5ab,abef40a1b09f6555077213d1932f88ad38a1ba8f2437af1720ff655704fb8da3,1,1292a1cdd0b74b0a5c1eb85672bc848810d9eea98c8ef1753d51308f672d6104,cuda_serving,1,full_scenario,0ed30a4baf,heuristic,3,3,28.0,complete,56.570172475445446,0.03069694088503189,3.3845138605884326,34.923521042626184,13.527199347813925,True,True,1.0,56.570172475445446,3,5.153337648759286,0,,0,,90,3.325553067649404,True,,1.0,1.0,1.0
/home/skkai/AI_Accelerator/kernelscope/results/serve_4090/followup_fullwarmup_20260922/llama8b/ragged/seed_1,followup_fullwarmup_20260922,deepseek-ai/DeepSeek-R1-Distill-Llama-8B,flash_attn_paged,bfloat16,/home/skkai/AI_Accelerator/kernelscope-design/scenarios/heldout_text_ragged.yaml,b9cbf8b543e8cfa4e2f38d8580001625016b56a114f8e5d3f939b00e1d1e6b17,ragged,constructed_natural_text,heldout_text,kernelscope-campus-garden-v1,be88aec841f168d48703f28e5c50df237366819fca03e08e77c6775999d2b5ab,abef40a1b09f6555077213d1932f88ad38a1ba8f2437af1720ff655704fb8da3,1,1292a1cdd0b74b0a5c1eb85672bc848810d9eea98c8ef1753d51308f672d6104,cuda_serving,1,full_scenario,0ed30a4baf,model,3,3,28.0,complete,47.76461485541925,0.056860186567441545,434.63416432621335,26.195128251152536,4.241071088980603,True,True,1.0,56.570172475445446,3,13275.720993988216,0,,90,6.597936670813295,0,,True,,1.1843531586443252,1.1821822284276078,1.1856610126078673
/home/skkai/AI_Accelerator/kernelscope/results/serve_4090/followup_fullwarmup_20260922/llama8b/ragged/seed_1,followup_fullwarmup_20260922,deepseek-ai/DeepSeek-R1-Distill-Llama-8B,flash_attn_paged,bfloat16,/home/skkai/AI_Accelerator/kernelscope-design/scenarios/heldout_text_ragged.yaml,b9cbf8b543e8cfa4e2f38d8580001625016b56a114f8e5d3f939b00e1d1e6b17,ragged,constructed_natural_text,heldout_text,kernelscope-campus-garden-v1,be88aec841f168d48703f28e5c50df237366819fca03e08e77c6775999d2b5ab,abef40a1b09f6555077213d1932f88ad38a1ba8f2437af1720ff655704fb8da3,1,1292a1cdd0b74b0a5c1eb85672bc848810d9eea98c8ef1753d51308f672d6104,cuda_serving,1,full_scenario,0ed30a4baf,table,3,3,28.0,complete,47.720143649419164,0.02599837053844113,9.408217519321429,26.150960905817893,4.487513088571128,True,True,1.0,56.570172475445446,3,103.12197264283895,0,,90,6.284425681870845,0,,True,,1.185456877310427,1.185122401100612,1.1858192082455072
/home/skkai/AI_Accelerator/kernelscope/results/serve_4090/followup_fullwarmup_20260922/llama8b/arrivals/seed_0,followup_fullwarmup_20260922,deepseek-ai/DeepSeek-R1-Distill-Llama-8B,flash_attn_paged,bfloat16,/home/skkai/AI_Accelerator/kernelscope-design/scenarios/heldout_text_arrivals.yaml,63785df364c5839ba722693a37d8d939bb8f860806a02e53d8e73fd392a767a5,arrivals,constructed_natural_text,heldout_text,kernelscope-campus-garden-v1,bd5eb1bfb5468fa88521c3f67cb351daa97869342c2c54f10fcb5da5c78dffc8,77d53150bdfa780c88f1726a37fb17e169e068e75601b35257fe2e903620f5cc,0,1292a1cdd0b74b0a5c1eb85672bc848810d9eea98c8ef1753d51308f672d6104,cuda_serving,1,full_scenario,2caafd3948,heuristic,3,3,28.0,complete,46.7498018797512,0.0976362254637334,2.8171996360249594,24.80524800555555,4.402066030409752,True,True,1.0,46.7498018797512,3,4.034004329393308,0,,0,,162,2.794666215777397,True,,1.0,1.0,1.0
/home/skkai/AI_Accelerator/kernelscope/results/serve_4090/followup_fullwarmup_20260922/llama8b/arrivals/seed_0,followup_fullwarmup_20260922,deepseek-ai/DeepSeek-R1-Distill-Llama-8B,flash_attn_paged,bfloat16,/home/skkai/AI_Accelerator/kernelscope-design/scenarios/heldout_text_arrivals.yaml,63785df364c5839ba722693a37d8d939bb8f860806a02e53d8e73fd392a767a5,arrivals,constructed_natural_text,heldout_text,kernelscope-campus-garden-v1,bd5eb1bfb5468fa88521c3f67cb351daa97869342c2c54f10fcb5da5c78dffc8,77d53150bdfa780c88f1726a37fb17e169e068e75601b35257fe2e903620f5cc,0,1292a1cdd0b74b0a5c1eb85672bc848810d9eea98c8ef1753d51308f672d6104,cuda_serving,1,full_scenario,2caafd3948,model,3,3,28.0,complete,46.08252425759441,0.13830860874968814,1567.399866921319,24.681719331861,2.6295697363149944,False,False,0.9732142857142856,46.7498018797512,3,1012.9736425975958,36,7078.775969502102,126,5.921604858327006,0,,False,tokens_mismatch_or_unchecked;output_validation_failed_or_missing,,,
/home/skkai/AI_Accelerator/kernelscope/results/serve_4090/followup_fullwarmup_20260922/llama8b/arrivals/seed_0,followup_fullwarmup_20260922,deepseek-ai/DeepSeek-R1-Distill-Llama-8B,flash_attn_paged,bfloat16,/home/skkai/AI_Accelerator/kernelscope-design/scenarios/heldout_text_arrivals.yaml,63785df364c5839ba722693a37d8d939bb8f860806a02e53d8e73fd392a767a5,arrivals,constructed_natural_text,heldout_text,kernelscope-campus-garden-v1,bd5eb1bfb5468fa88521c3f67cb351daa97869342c2c54f10fcb5da5c78dffc8,77d53150bdfa780c88f1726a37fb17e169e068e75601b35257fe2e903620f5cc,0,1292a1cdd0b74b0a5c1eb85672bc848810d9eea98c8ef1753d51308f672d6104,cuda_serving,1,full_scenario,2caafd3948,table,3,3,28.0,complete,44.32224568371023,0.17166273259835715,24.57652607876243,23.48920707767265,2.982762272362456,False,False,0.9787946428571429,46.7498018797512,3,106.88001445184152,36,84.72174845842852,126,5.43256996140357,0,,False,tokens_mismatch_or_unchecked;output_validation_failed_or_missing,,,
/home/skkai/AI_Accelerator/kernelscope/results/serve_4090/followup_fullwarmup_20260922/llama8b/arrivals/seed_1,followup_fullwarmup_20260922,deepseek-ai/DeepSeek-R1-Distill-Llama-8B,flash_attn_paged,bfloat16,/home/skkai/AI_Accelerator/kernelscope-design/scenarios/heldout_text_arrivals.yaml,63785df364c5839ba722693a37d8d939bb8f860806a02e53d8e73fd392a767a5,arrivals,constructed_natural_text,heldout_text,kernelscope-campus-garden-v1,bd5eb1bfb5468fa88521c3f67cb351daa97869342c2c54f10fcb5da5c78dffc8,abef40a1b09f6555077213d1932f88ad38a1ba8f2437af1720ff655704fb8da3,1,1292a1cdd0b74b0a5c1eb85672bc848810d9eea98c8ef1753d51308f672d6104,cuda_serving,1,full_scenario,e2e8cb78b0,heuristic,3,3,28.0,complete,46.80321911048035,0.12814844612879836,2.872269727628339,24.793505393123876,4.417312771149658,True,True,1.0,46.80321911048035,3,4.2816779265801115,0,,0,,162,2.846169575795899,True,,1.0,1.0,1.0
/home/skkai/AI_Accelerator/kernelscope/results/serve_4090/followup_fullwarmup_20260922/llama8b/arrivals/seed_1,followup_fullwarmup_20260922,deepseek-ai/DeepSeek-R1-Distill-Llama-8B,flash_attn_paged,bfloat16,/home/skkai/AI_Accelerator/kernelscope-design/scenarios/heldout_text_arrivals.yaml,63785df364c5839ba722693a37d8d939bb8f860806a02e53d8e73fd392a767a5,arrivals,constructed_natural_text,heldout_text,kernelscope-campus-garden-v1,bd5eb1bfb5468fa88521c3f67cb351daa97869342c2c54f10fcb5da5c78dffc8,abef40a1b09f6555077213d1932f88ad38a1ba8f2437af1720ff655704fb8da3,1,1292a1cdd0b74b0a5c1eb85672bc848810d9eea98c8ef1753d51308f672d6104,cuda_serving,1,full_scenario,e2e8cb78b0,model,3,3,28.0,complete,46.1032154037565,0.1724342069861523,1560.6178556371367,24.636849261128884,2.6304969578191186,False,False,0.9776785714285714,46.80321911048035,3,1012.5733291109403,36,7048.170494575364,126,5.794352286362222,0,,False,tokens_mismatch_or_unchecked;output_validation_failed_or_missing,,,
/home/skkai/AI_Accelerator/kernelscope/results/serve_4090/followup_fullwarmup_20260922/llama8b/arrivals/seed_1,followup_fullwarmup_20260922,deepseek-ai/DeepSeek-R1-Distill-Llama-8B,flash_attn_paged,bfloat16,/home/skkai/AI_Accelerator/kernelscope-design/scenarios/heldout_text_arrivals.yaml,63785df364c5839ba722693a37d8d939bb8f860806a02e53d8e73fd392a767a5,arrivals,constructed_natural_text,heldout_text,kernelscope-campus-garden-v1,bd5eb1bfb5468fa88521c3f67cb351daa97869342c2c54f10fcb5da5c78dffc8,abef40a1b09f6555077213d1932f88ad38a1ba8f2437af1720ff655704fb8da3,1,1292a1cdd0b74b0a5c1eb85672bc848810d9eea98c8ef1753d51308f672d6104,cuda_serving,1,full_scenario,e2e8cb78b0,table,3,3,28.0,complete,44.38556692903302,0.170390362894867,23.89878782471924,23.490187856298167,3.01057279344761,False,False,0.9910714285714286,46.80321911048035,3,93.8079901970923,36,82.94200071961515,126,5.364793607787717,0,,False,tokens_mismatch_or_unchecked;output_validation_failed_or_missing,,,
