workload_key,B,L_kv,H_q,H_kv,ragged,lens,n_variants,best_kernel,best_us,fa2_heuristic_us,fa2_heuristic_loss,flashinfer_tc_us,flashinfer_tc_loss,flashinfer_cc_us,flashinfer_cc_loss,fa2_best_kernel,fa2_best_us,fa2_best_loss,complete
decode_B26_Lq1_Lkv32768+512x25_Hq32_Hkv8_d128_float16_causal,26,32768,32,8,True,32768+512x25,11,flashinfer_paged_cudacore,256.48,1053.2289999999998,4.106476138490329,258.256,1.0069245165315033,256.48,1.0,fd_s16_paged,264.592,1.0316281971303805,True
decode_B32_Lq1_Lkv32768+512x31_Hq32_Hkv8_d128_float16_causal,32,32768,32,8,True,32768+512x31,11,flashinfer_paged_cudacore,269.9375,1071.773,3.970448714980319,670.8965000000001,2.4853771706413523,269.9375,1.0,fd_s16_paged,279.375,1.034961796712202,True
decode_B48_Lq1_Lkv32768+512x47_Hq32_Hkv8_d128_float16_causal,48,32768,32,8,True,32768+512x47,11,flashinfer_paged_cudacore,305.408,1120.893,3.6701494394383904,572.0965,1.8732204133487007,305.408,1.0,fd_s8_paged,321.919,1.0540621070829839,True
decode_B26_Lq1_Lkv32768+1024x25_Hq32_Hkv8_d128_float16_causal,26,32768,32,8,True,32768+1024x25,11,flashinfer_paged_cudacore,313.3605,1120.5900000000001,3.576041013465322,314.064,1.00224501811811,313.3605,1.0,fd_s8_paged,323.183,1.0313456865176052,True
decode_B64_Lq1_Lkv32768+512x63_Hq32_Hkv8_d128_float16_causal,64,32768,32,8,True,32768+512x63,11,flashinfer_paged_cudacore,345.088,1166.83,3.3812534773738867,614.1605,1.7797214043954004,345.088,1.0,fd_s8_paged,361.48699999999997,1.047521211980712,True
decode_B32_Lq1_Lkv32768+1024x31_Hq32_Hkv8_d128_float16_causal,32,32768,32,8,True,32768+1024x31,11,flashinfer_paged_cudacore,342.44849999999997,1151.5169999999998,3.362599047740025,753.952,2.201650759165247,342.44849999999997,1.0,fd_s8_paged,355.1835,1.0371880735351446,True
decode_B26_Lq1_Lkv16384+512x25_Hq32_Hkv8_d128_float16_causal,26,16384,32,8,True,16384+512x25,11,flashinfer_paged,182.9765,561.7909999999999,3.0702904471339214,182.9765,1.0,184.88,1.010402975245455,fd_s16_paged,187.808,1.0264050301541454,True
decode_B48_Lq1_Lkv32768+1024x47_Hq32_Hkv8_d128_float16_causal,48,32768,32,8,True,32768+1024x47,11,flashinfer_paged_cudacore,408.8325,1225.6295,2.997876881118796,682.9285,1.6704359364776529,408.8325,1.0,fd_s8_paged,430.751,1.0536124207346529,True
decode_B26_Lq1_Lkv32768+2048x25_Hq32_Hkv8_d128_float16_causal,26,32768,32,8,True,32768+2048x25,11,flashinfer_paged,423.7925,1218.429,2.8750603184341395,423.7925,1.0,424.273,1.0011338095884188,fd_s8_paged,436.0305,1.0288773397358377,True
decode_B32_Lq1_Lkv16384+512x31_Hq32_Hkv8_d128_float16_causal,32,16384,32,8,True,16384+512x31,11,flashinfer_paged_cudacore,201.696,579.199,2.8716434634301127,384.385,1.9057641202601936,201.696,1.0,fd_s16_paged,205.375,1.018240322068856,True
decode_B64_Lq1_Lkv32768+1024x63_Hq32_Hkv8_d128_float16_causal,64,32768,32,8,True,32768+1024x63,11,flashinfer_paged_cudacore,478.56050000000005,1298.9245,2.714232578743962,750.8165,1.5689061257667525,478.56050000000005,1.0,fd_s8_paged,508.527,1.0626179970975456,True
decode_B48_Lq1_Lkv16384+512x47_Hq32_Hkv8_d128_float16_causal,48,16384,32,8,True,16384+512x47,11,flashinfer_paged_cudacore,234.4325,629.007,2.683104944920179,360.5125,1.5378093907627994,234.4325,1.0,fd_s8_paged,246.672,1.0522090580444263,True
decode_B26_Lq1_Lkv32768x2+512x24_Hq32_Hkv8_d128_float16_causal,26,32768,32,8,True,32768x2+512x24,11,flashinfer_paged_cudacore,395.84000000000003,1056.9415,2.670123029506871,396.5605,1.0018201798706547,395.84000000000003,1.0,fd_s4_paged,402.159,1.0159635206143895,True
decode_B32_Lq1_Lkv32768+2048x31_Hq32_Hkv8_d128_float16_causal,32,32768,32,8,True,32768+2048x31,11,flashinfer_paged_cudacore,474.1925,1265.0855,2.6678732793116717,877.985,1.8515370867316543,474.1925,1.0,fd_s8_paged,493.88699999999994,1.0415327108716397,True
decode_B32_Lq1_Lkv32768x2+512x30_Hq32_Hkv8_d128_float16_causal,32,32768,32,8,True,32768x2+512x30,11,flashinfer_paged_cudacore,409.456,1072.973,2.6204842522761904,678.7525,1.657693378531515,409.456,1.0,fd_s8_paged,414.63849999999996,1.012657037630417,True
decode_B26_Lq1_Lkv16384+1024x25_Hq32_Hkv8_d128_float16_causal,26,16384,32,8,True,16384+1024x25,11,flashinfer_paged_cudacore,241.27999999999997,627.5029999999999,2.600725298408488,243.072,1.007427055702918,241.27999999999997,1.0,fd_s8_paged,250.559,1.0384573938992043,True
decode_B48_Lq1_Lkv32768x2+512x46_Hq32_Hkv8_d128_float16_causal,48,32768,32,8,True,32768x2+512x46,11,flashinfer_paged_cudacore,446.3525,1124.3175,2.5189004206316756,716.88,1.6060848768630174,446.3525,1.0,fd_s8_paged,456.38250000000005,1.0224710290633525,True
decode_B26_Lq1_Lkv32768x2+1024x24_Hq32_Hkv8_d128_float16_causal,26,32768,32,8,True,32768x2+1024x24,11,flashinfer_paged_cudacore,447.44050000000004,1126.2055,2.516994997100173,450.2565,1.0062935742294226,447.44050000000004,1.0,fd_s4_paged,457.023,1.0214162553456827,True
decode_B64_Lq1_Lkv16384+512x63_Hq32_Hkv8_d128_float16_causal,64,16384,32,8,True,16384+512x63,11,flashinfer_paged_cudacore,270.12750000000005,675.5345,2.500798696911643,403.1685,1.4925118693950077,270.12750000000005,1.0,fd_s8_paged,287.05449999999996,1.062663001730664,True
decode_B32_Lq1_Lkv16384+1024x31_Hq32_Hkv8_d128_float16_causal,32,16384,32,8,True,16384+1024x31,11,flashinfer_paged_cudacore,267.6965,660.2705000000001,2.466489102397678,466.608,1.7430485643256448,267.6965,1.0,fd_s8_paged,279.0875,1.042551919804704,True
decode_B32_Lq1_Lkv32768x2+1024x30_Hq32_Hkv8_d128_float16_causal,32,32768,32,8,True,32768x2+1024x30,11,flashinfer_paged_cudacore,473.8885,1153.2775,2.4336473664163614,759.329,1.6023368366187403,473.8885,1.0,fd_s8_paged,488.366,1.030550435387227,True
decode_B64_Lq1_Lkv32768x2+512x62_Hq32_Hkv8_d128_float16_causal,64,32768,32,8,True,32768x2+512x62,11,flashinfer_paged_cudacore,485.66499999999996,1169.277,2.407579298487641,759.408,1.5636457228748213,485.66499999999996,1.0,fd_s8_paged,496.0465,1.0213758454902042,True
decode_B26_Lq1_Lkv8192+512x25_Hq32_Hkv8_d128_float16_causal,26,8192,32,8,True,8192+512x25,11,flashinfer_paged_cudacore,133.681,315.44,2.359647219874178,134.2405,1.0041853367344649,133.681,1.0,fd_s8_paged,137.43949999999998,1.028115438992826,True
decode_B16_Lq1_Lkv32768+512x15_Hq32_Hkv8_d128_float16_causal,16,32768,32,8,True,32768+512x15,11,flashinfer_paged_cudacore,234.8805,535.6474999999999,2.2805107277956234,236.96050000000002,1.0088555669798047,234.8805,1.0,fd_s16_paged,240.79899999999998,1.0251979197932564,True
decode_B48_Lq1_Lkv32768+2048x47_Hq32_Hkv8_d128_float16_causal,48,32768,32,8,True,32768+2048x47,11,flashinfer_paged_cudacore,620.192,1411.2285,2.275470338217842,886.4010000000001,1.4292364300087717,620.192,1.0,fd_s4_paged,632.303,1.019527823641711,True
decode_B48_Lq1_Lkv32768x2+1024x46_Hq32_Hkv8_d128_float16_causal,48,32768,32,8,True,32768x2+1024x46,11,flashinfer_paged_cudacore,544.033,1229.037,2.2591221488402358,821.44,1.5099084062915302,544.033,1.0,fd_s4_paged,563.6780000000001,1.0361099418601447,True
decode_B26_Lq1_Lkv16384x2+512x24_Hq32_Hkv8_d128_float16_causal,26,16384,32,8,True,16384x2+512x24,11,flashinfer_paged_cudacore,254.32100000000003,564.703,2.2204340184255327,255.64749999999998,1.0052158492613663,254.32100000000003,1.0,fd_s8_paged,259.903,1.021948639711231,True
decode_B26_Lq1_Lkv32768x2+2048x24_Hq32_Hkv8_d128_float16_causal,26,32768,32,8,True,32768x2+2048x24,11,flashinfer_paged_cudacore,553.072,1227.1970000000001,2.218873853675471,556.9760000000001,1.0070587554604105,553.072,1.0,fd_s4_paged,564.991,1.0215505395319235,True
decode_B32_Lq1_Lkv8192+512x31_Hq32_Hkv8_d128_float16_causal,32,8192,32,8,True,8192+512x31,11,flashinfer_paged_cudacore,151.63299999999998,333.711,2.200780832668351,240.464,1.585828942248719,151.63299999999998,1.0,fd_s4_paged,157.327,1.0375511926823318,True
decode_B32_Lq1_Lkv16384x2+512x30_Hq32_Hkv8_d128_float16_causal,32,16384,32,8,True,16384x2+512x30,11,flashinfer_paged_cudacore,267.137,581.694,2.1775119133628063,388.5285,1.454416647637729,267.137,1.0,fd_s8_paged,273.45550000000003,1.0236526576251137,True
decode_B48_Lq1_Lkv16384+1024x47_Hq32_Hkv8_d128_float16_causal,48,16384,32,8,True,16384+1024x47,11,flashinfer_paged_cudacore,342.70399999999995,733.774,2.141130538307111,472.865,1.37980589663383,342.70399999999995,1.0,fd_s4_paged,349.35900000000004,1.0194190905271023,True
decode_B16_Lq1_Lkv32768+1024x15_Hq32_Hkv8_d128_float16_causal,16,32768,32,8,True,32768+1024x15,11,flashinfer_paged_cudacore,267.968,569.6955,2.1259833263673276,269.13599999999997,1.0043587294005252,267.968,1.0,fd_s16_paged,277.519,1.0356423155003582,True
decode_B64_Lq1_Lkv32768x2+1024x62_Hq32_Hkv8_d128_float16_causal,64,32768,32,8,True,32768x2+1024x62,11,flashinfer_paged_cudacore,618.097,1302.429,2.1071595558625913,885.8085000000001,1.4331221474946492,618.097,1.0,fd_s4_paged,642.3345,1.0392131008563381,True
decode_B48_Lq1_Lkv16384x2+512x46_Hq32_Hkv8_d128_float16_causal,48,16384,32,8,True,16384x2+512x46,11,flashinfer_paged_cudacore,302.60850000000005,632.238,2.0892935922156846,429.91999999999996,1.4207135622429636,302.60850000000005,1.0,fd_s4_paged,313.567,1.036213457321919,True
decode_B32_Lq1_Lkv32768x2+2048x30_Hq32_Hkv8_d128_float16_causal,32,32768,32,8,True,32768x2+2048x30,11,flashinfer_paged_cudacore,608.4970000000001,1268.461,2.0845805320322035,884.6725,1.4538650149466634,608.4970000000001,1.0,fd_s4_paged,623.054,1.0239228788309556,True
decode_B26_Lq1_Lkv16384+2048x25_Hq32_Hkv8_d128_float16_causal,26,16384,32,8,True,16384+2048x25,11,flashinfer_paged_cudacore,351.9845,726.942,2.0652670785219236,353.80850000000004,1.005182046368519,351.9845,1.0,fd_s16_paged,373.599,1.06140753357037,True
decode_B64_Lq1_Lkv32768+2048x63_Hq32_Hkv8_d128_float16_causal,64,32768,32,8,True,32768+2048x63,11,flashinfer_paged_cudacore,756.0160000000001,1556.3960000000002,2.0586812977503124,1019.2484999999999,1.3481837685974898,756.0160000000001,1.0,fd_s4_paged,777.8525,1.0288836479651222,True
decode_B26_Lq1_Lkv16384x2+1024x24_Hq32_Hkv8_d128_float16_causal,26,16384,32,8,True,16384x2+1024x24,11,flashinfer_paged_cudacore,307.96850000000006,632.687,2.0543886793616877,310.656,1.0087265418378826,307.96850000000006,1.0,fd_s4_paged,315.2955,1.0237913942497363,True
decode_B64_Lq1_Lkv16384x2+512x62_Hq32_Hkv8_d128_float16_causal,64,16384,32,8,True,16384x2+512x62,11,flashinfer_paged_cudacore,341.76,678.83,1.9862769194756555,470.385,1.3763606039325842,341.76,1.0,fd_s4_paged,353.59799999999996,1.034638342696629,True
decode_B64_Lq1_Lkv16384+1024x63_Hq32_Hkv8_d128_float16_causal,64,16384,32,8,True,16384+1024x63,11,flashinfer_paged_cudacore,407.63300000000004,807.4214999999999,1.9807559741237826,539.329,1.323074922785937,407.63300000000004,1.0,fd_s4_paged,424.591,1.0416011461289933,True
decode_B32_Lq1_Lkv16384x2+1024x30_Hq32_Hkv8_d128_float16_causal,32,16384,32,8,True,16384x2+1024x30,11,flashinfer_paged_cudacore,338.12800000000004,661.7425000000001,1.9570769057871575,469.5525,1.3886826882127477,338.12800000000004,1.0,fd_s4_paged,345.583,1.0220478635309704,True
decode_B32_Lq1_Lkv16384+2048x31_Hq32_Hkv8_d128_float16_causal,32,16384,32,8,True,16384+2048x31,11,flashinfer_paged_cudacore,405.2795,773.791,1.9092774245921644,591.0889999999999,1.4584724862718197,405.2795,1.0,fd_s4_paged,418.51099999999997,1.0326478393306346,True
decode_B16_Lq1_Lkv16384+512x15_Hq32_Hkv8_d128_float16_causal,16,16384,32,8,True,16384+512x15,11,flashinfer_paged_cudacore,151.696,288.88,1.9043349857609957,152.08100000000002,1.0025379706781987,151.696,1.0,fd_s8_paged,155.135,1.0226703406813626,True
decode_B48_Lq1_Lkv32768x2+2048x46_Hq32_Hkv8_d128_float16_causal,48,32768,32,8,True,32768x2+2048x46,11,flashinfer_paged_cudacore,745.7445,1415.741,1.8984263377068151,1005.5364999999999,1.3483659618005897,745.7445,1.0,fd_s4_paged,767.886,1.0296904636909825,True
decode_B16_Lq1_Lkv32768+2048x15_Hq32_Hkv8_d128_float16_causal,16,32768,32,8,True,32768+2048x15,11,flashinfer_paged,334.784,634.9749999999999,1.896670689160772,334.784,1.0,338.384,1.0107532020646148,fd_s8_paged,346.3195,1.0344565451156567,True
decode_B48_Lq1_Lkv8192+512x47_Hq32_Hkv8_d128_float16_causal,48,8192,32,8,True,8192+512x47,11,flashinfer_paged_cudacore,203.52100000000002,381.647,1.8752217215913836,255.50400000000002,1.255418359776141,203.52100000000002,1.0,fd_s4_paged,204.2235,1.003451732253674,True
decode_B26_Lq1_Lkv8192+1024x25_Hq32_Hkv8_d128_float16_causal,26,8192,32,8,True,8192+1024x25,11,flashinfer_paged_cudacore,205.1845,381.711,1.8603305805263068,207.51999999999998,1.0113824387319703,205.1845,1.0,fd_s16_paged,217.344,1.0592612989772618,True
decode_B64_Lq1_Lkv8192+512x63_Hq32_Hkv8_d128_float16_causal,64,8192,32,8,True,8192+512x63,11,flashinfer_paged_cudacore,234.8645,429.615,1.8292036472093485,297.20000000000005,1.2654104813626583,234.8645,1.0,fd_s4_paged,243.3745,1.0362336581305391,True
decode_B48_Lq1_Lkv16384x2+1024x46_Hq32_Hkv8_d128_float16_causal,48,16384,32,8,True,16384x2+1024x46,11,flashinfer_paged_cudacore,403.7445,737.2940000000001,1.8261400464897974,531.968,1.3175857503941228,403.7445,1.0,fd_s4_paged,418.799,1.0372871952435265,True
decode_B32_Lq1_Lkv8192+1024x31_Hq32_Hkv8_d128_float16_causal,32,8192,32,8,True,8192+1024x31,11,flashinfer_paged_cudacore,232.512,414.143,1.7811682837875034,323.04,1.38934764657308,232.512,1.0,fd_s4_paged,239.9195,1.0318585707404349,True
decode_B26_Lq1_Lkv8192x2+512x24_Hq32_Hkv8_d128_float16_causal,26,8192,32,8,True,8192x2+512x24,11,flashinfer_paged_cudacore,179.2155,318.591,1.7776977995764875,180.0,1.0043774115520143,179.2155,1.0,fd_s4_paged,181.72749999999996,1.0140166447656591,True
decode_B26_Lq1_Lkv16384x2+2048x24_Hq32_Hkv8_d128_float16_causal,26,16384,32,8,True,16384x2+2048x24,11,flashinfer_paged_cudacore,414.5915,735.4865,1.7740028437630775,416.36800000000005,1.0042849407187557,414.5915,1.0,fd_s4_paged,422.78299999999996,1.0197580027569306,True
decode_B64_Lq1_Lkv32768x2+2048x62_Hq32_Hkv8_d128_float16_causal,64,32768,32,8,True,32768x2+2048x62,11,flashinfer_paged_cudacore,886.0005,1560.269,1.761024965561532,1130.833,1.2763344941678927,886.0005,1.0,fd_s4_paged,914.6385,1.0323227808562185,True
decode_B64_Lq1_Lkv16384x2+1024x62_Hq32_Hkv8_d128_float16_causal,64,16384,32,8,True,16384x2+1024x62,11,flashinfer_paged_cudacore,474.033,810.1255,1.7090065459577708,596.3685,1.2580738049882603,474.033,1.0,fd_s4_paged,493.4235,1.0409053800051895,True
decode_B32_Lq1_Lkv8192x2+512x30_Hq32_Hkv8_d128_float16_causal,32,8192,32,8,True,8192x2+512x30,11,flashinfer_paged_cudacore,198.9595,335.03999999999996,1.6839608060937024,243.79250000000002,1.2253373173937412,198.9595,1.0,fd_s8_paged,200.4635,1.0075593274008028,True
decode_B48_Lq1_Lkv16384+2048x47_Hq32_Hkv8_d128_float16_causal,48,16384,32,8,True,16384+2048x47,11,flashinfer_paged_cudacore,546.4970000000001,918.7825,1.6812214888645316,674.48,1.234187927838579,546.4970000000001,1.0,fd_s2_paged,564.047,1.0321136255093806,True
decode_B32_Lq1_Lkv16384x2+2048x30_Hq32_Hkv8_d128_float16_causal,32,16384,32,8,True,16384x2+2048x30,11,flashinfer_paged_cudacore,464.7205,776.3979999999999,1.6706773210994563,594.3530000000001,1.2789472381786473,464.7205,1.0,fd_s4_paged,478.91049999999996,1.0305344825545677,True
decode_B48_Lq1_Lkv8192x2+512x46_Hq32_Hkv8_d128_float16_causal,48,8192,32,8,True,8192x2+512x46,11,flashinfer_paged_cudacore,232.3525,386.287,1.6625041693117137,284.576,1.22475979384771,232.3525,1.0,fd_s4_paged,240.927,1.0369029814613573,True
decode_B16_Lq1_Lkv16384+1024x15_Hq32_Hkv8_d128_float16_causal,16,16384,32,8,True,16384+1024x15,11,flashinfer_paged,196.38400000000001,323.2635,1.6460786011080333,196.38400000000001,1.0,199.136,1.014013361577318,fd_s16_paged,202.752,1.0324262669056543,True
decode_B26_Lq1_Lkv8192x2+1024x24_Hq32_Hkv8_d128_float16_causal,26,8192,32,8,True,8192x2+1024x24,11,flashinfer_paged_cudacore,236.71949999999998,387.615,1.6374443170081048,239.10399999999998,1.0100731033987482,236.71949999999998,1.0,fd_s4_paged,243.0075,1.0265630841565652,True
decode_B16_Lq1_Lkv8192+512x15_Hq32_Hkv8_d128_float16_causal,16,8192,32,8,True,8192+512x15,11,flashinfer_paged_cudacore,101.904,164.96,1.6187784581566966,103.632,1.0169571361281207,101.904,1.0,fd_s8_paged,106.608,1.0461610927932172,True
decode_B64_Lq1_Lkv8192x2+512x62_Hq32_Hkv8_d128_float16_causal,64,8192,32,8,True,8192x2+512x62,11,flashinfer_paged_cudacore,267.4715,432.47900000000004,1.6169161948095407,325.488,1.2169072218909305,267.4715,1.0,fd_s4_paged,279.03999999999996,1.0432513370583407,True
decode_B48_Lq1_Lkv8192+1024x47_Hq32_Hkv8_d128_float16_causal,48,8192,32,8,True,8192+1024x47,11,flashinfer_paged_cudacore,303.98400000000004,486.975,1.6019757618822041,366.832,1.206747723564398,303.98400000000004,1.0,fd_s2_paged,314.0635,1.0331579951576397,True
decode_B32_Lq1_Lkv8192x2+1024x30_Hq32_Hkv8_d128_float16_causal,32,8192,32,8,True,8192x2+1024x30,11,flashinfer_paged_cudacore,263.0565,416.41499999999996,1.582986924862149,325.44,1.2371486733838546,263.0565,1.0,fd_s4_paged,270.287,1.0274864905448067,True
decode_B26_Lq1_Lkv32768x4+512x22_Hq32_Hkv8_d128_float16_causal,26,32768,32,8,True,32768x4+512x22,11,flashinfer_paged,671.969,1062.814,1.5816414150057518,671.969,1.0,677.248,1.0078560171674587,fd_s4_paged,675.902,1.0058529485735206,True
decode_B26_Lq1_Lkv32768x4+1024x22_Hq32_Hkv8_d128_float16_causal,26,32768,32,8,True,32768x4+1024x22,11,flashinfer_paged,720.496,1135.9009999999998,1.5765542071017742,720.496,1.0,723.3605,1.003975733383669,fd_s2_paged,729.6299999999999,1.0126773778064,True
decode_B32_Lq1_Lkv32768x4+512x28_Hq32_Hkv8_d128_float16_causal,32,32768,32,8,True,32768x4+512x28,11,flashinfer_paged_cudacore,687.3924999999999,1078.0135,1.5682648559592955,717.2645,1.0434569769091169,687.3924999999999,1.0,fd_s4_paged,690.75,1.0048844001061985,True
decode_B48_Lq1_Lkv32768x4+512x44_Hq32_Hkv8_d128_float16_causal,48,32768,32,8,True,32768x4+512x44,11,flashinfer_paged_cudacore,724.865,1134.158,1.5646472101701694,773.8720000000001,1.0676084512288495,724.865,1.0,fd_s4_paged,727.758,1.0039910879956957,True
decode_B64_Lq1_Lkv16384+2048x63_Hq32_Hkv8_d128_float16_causal,64,16384,32,8,True,16384+2048x63,11,flashinfer_paged_cudacore,684.656,1065.998,1.5569833609871238,806.5930000000001,1.1780996588067587,684.656,1.0,fd_s2_paged,710.3335,1.0375042357037696,True
decode_B32_Lq1_Lkv32768x4+1024x28_Hq32_Hkv8_d128_float16_causal,32,32768,32,8,True,32768x4+1024x28,11,flashinfer_paged_cudacore,749.2325000000001,1155.501,1.54224623197739,783.4245000000001,1.04563603420834,749.2325000000001,1.0,fd_s4_paged,753.854,1.006168312239525,True
decode_B64_Lq1_Lkv32768x4+512x60_Hq32_Hkv8_d128_float16_causal,64,32768,32,8,True,32768x4+512x60,11,fd_s4_paged,765.934,1180.1415,1.540787456882708,805.921,1.0522068481096283,768.1120000000001,1.0028435870453591,fd_s4_paged,765.934,1.0,True
decode_B26_Lq1_Lkv32768x4+2048x22_Hq32_Hkv8_d128_float16_causal,26,32768,32,8,True,32768x4+2048x22,11,flashinfer_paged,818.176,1240.461,1.516129781367334,818.176,1.0,819.633,1.0017807904411764,fd_s2_paged,833.806,1.0191034691802252,True
decode_B48_Lq1_Lkv16384x2+2048x46_Hq32_Hkv8_d128_float16_causal,48,16384,32,8,True,16384x2+2048x46,11,flashinfer_paged_cudacore,610.4005,923.582,1.513075431622353,714.848,1.1711130642913956,610.4005,1.0,fd_s2_paged,617.8219999999999,1.0121584107483528,True
decode_B26_Lq1_Lkv8192+2048x25_Hq32_Hkv8_d128_float16_causal,26,8192,32,8,True,8192+2048x25,11,flashinfer_paged,317.328,479.0235,1.5095532067765847,317.328,1.0,318.384,1.0033277870216308,fd_s2_paged,325.19849999999997,1.0248024126455906,True
decode_B48_Lq1_Lkv32768x4+1024x44_Hq32_Hkv8_d128_float16_causal,48,32768,32,8,True,32768x4+1024x44,11,flashinfer_paged_cudacore,820.8335,1235.6770000000001,1.505392993828834,874.7850000000001,1.0657277023903144,820.8335,1.0,fd_s4_paged,827.15,1.0076952268639134,True
decode_B64_Lq1_Lkv8192+1024x63_Hq32_Hkv8_d128_float16_causal,64,8192,32,8,True,8192+1024x63,11,flashinfer_paged_cudacore,373.1205,560.3985,1.5019236412901462,434.0,1.163163106824739,373.1205,1.0,fd_s2_paged,387.696,1.0390637877039723,True
decode_B16_Lq1_Lkv16384+2048x15_Hq32_Hkv8_d128_float16_causal,16,16384,32,8,True,16384+2048x15,11,flashinfer_paged_cudacore,262.9125,388.60699999999997,1.478084914182475,264.44849999999997,1.005842247896163,262.9125,1.0,fd_s4_paged,269.8875,1.0265297389816002,True
decode_B26_Lq1_Lkv16384x4+1024x22_Hq32_Hkv8_d128_float16_causal,26,16384,32,8,True,16384x4+1024x22,11,flashinfer_paged_cudacore,437.985,645.2945,1.4733255705104056,440.384,1.0054773565304749,437.985,1.0,fd_s2_paged,449.50300000000004,1.0262977042592782,True
decode_B64_Lq1_Lkv32768x4+1024x60_Hq32_Hkv8_d128_float16_causal,64,32768,32,8,True,32768x4+1024x60,11,flashinfer_paged_cudacore,897.1690000000001,1314.2845,1.4649241112878397,939.3125,1.0469738700289466,897.1690000000001,1.0,fd_s4_paged,902.1415,1.0055424340341672,True
decode_B32_Lq1_Lkv32768x4+2048x28_Hq32_Hkv8_d128_float16_causal,32,32768,32,8,True,32768x4+2048x28,11,flashinfer_paged_cudacore,867.6485,1266.3815,1.4595559146359383,906.561,1.0448482305910747,867.6485,1.0,fd_s4_paged,882.1579999999999,1.0167227857824912,True
decode_B26_Lq1_Lkv16384x4+512x22_Hq32_Hkv8_d128_float16_causal,26,16384,32,8,True,16384x4+512x22,11,flashinfer_paged,391.312,570.943,1.4590480230608822,391.312,1.0,392.11300000000006,1.0020469599705606,fd_s2_paged,396.8625,1.014184333728585,True
decode_B48_Lq1_Lkv16384x4+512x44_Hq32_Hkv8_d128_float16_causal,48,16384,32,8,True,16384x4+512x44,11,flashinfer_paged_cudacore,442.0165,642.9110000000001,1.4544954769788008,461.7445,1.0446318180429917,442.0165,1.0,fd_s4_paged,444.863,1.006439804848914,True
decode_B48_Lq1_Lkv8192x2+1024x46_Hq32_Hkv8_d128_float16_causal,48,8192,32,8,True,8192x2+1024x46,11,flashinfer_paged_cudacore,338.9125,491.007,1.4487721757090695,386.608,1.1407310146424223,338.9125,1.0,fd_s2_paged,341.79100000000005,1.0084933426769447,True
decode_B16_Lq1_Lkv32768x2+512x14_Hq32_Hkv8_d128_float16_causal,16,32768,32,8,True,32768x2+512x14,11,flashinfer_paged_cudacore,374.24,539.6469999999999,1.4419810816588283,374.4,1.0004275331338177,374.24,1.0,fd_s8_paged,378.1275,1.010387719110731,True
decode_B32_Lq1_Lkv16384x4+512x28_Hq32_Hkv8_d128_float16_causal,32,16384,32,8,True,16384x4+512x28,11,flashinfer_paged_cudacore,406.6885,585.823,1.4404710238917502,417.121,1.0256523112898448,406.6885,1.0,fd_s4_paged,409.055,1.005818949884248,True
decode_B64_Lq1_Lkv16384x2+2048x62_Hq32_Hkv8_d128_float16_causal,64,16384,32,8,True,16384x2+2048x62,11,flashinfer_paged_cudacore,746.337,1069.005,1.4323355267124638,841.5360000000001,1.1275549785150676,746.337,1.0,fd_s2_paged,761.3095000000001,1.0200613127849754,True
decode_B32_Lq1_Lkv16384x4+1024x28_Hq32_Hkv8_d128_float16_causal,32,16384,32,8,True,16384x4+1024x28,11,flashinfer_paged_cudacore,463.873,664.222,1.431904853268028,482.8165,1.0408376861770356,463.873,1.0,fd_s4_paged,474.144,1.022141836235349,True
decode_B64_Lq1_Lkv16384x4+512x60_Hq32_Hkv8_d128_float16_causal,64,16384,32,8,True,16384x4+512x60,11,flashinfer_paged_cudacore,482.3995,688.2705,1.4267645385204586,499.18449999999996,1.0347948121836776,482.3995,1.0,fd_s4_paged,485.1825,1.005769077289674,True
decode_B32_Lq1_Lkv8192+2048x31_Hq32_Hkv8_d128_float16_causal,32,8192,32,8,True,8192+2048x31,11,flashinfer_paged_cudacore,369.7915,526.943,1.4249732619597801,445.745,1.2053954728542977,369.7915,1.0,fd_s16_paged,390.879,1.0570253778142549,True
decode_B26_Lq1_Lkv8192x2+2048x24_Hq32_Hkv8_d128_float16_causal,26,8192,32,8,True,8192x2+2048x24,11,flashinfer_paged,343.48850000000004,489.183,1.4241612164599395,343.48850000000004,1.0,346.5125,1.008803788190871,fd_s2_paged,347.263,1.010988723057686,True
decode_B16_Lq1_Lkv32768x2+1024x14_Hq32_Hkv8_d128_float16_causal,16,32768,32,8,True,32768x2+1024x14,11,flashinfer_paged,405.7115,577.2465,1.4228004382424455,405.7115,1.0,407.24800000000005,1.0037871738908068,fd_s8_paged,410.03049999999996,1.0106454956292832,True
decode_B48_Lq1_Lkv32768x4+2048x44_Hq32_Hkv8_d128_float16_causal,48,32768,32,8,True,32768x4+2048x44,11,flashinfer_paged_cudacore,1009.009,1424.316,1.4115989054607045,1075.6485,1.0660445050539689,1009.009,1.0,fd_s4_paged,1027.853,1.0186757501667478,True
decode_B64_Lq1_Lkv8192x2+1024x62_Hq32_Hkv8_d128_float16_causal,64,8192,32,8,True,8192x2+1024x62,11,flashinfer_paged_cudacore,402.8645,564.414,1.4010020738982958,450.544,1.1183512074158928,402.8645,1.0,fd_s2_paged,415.00750000000005,1.0301416481223837,True
decode_B26_Lq1_Lkv16384x4+2048x22_Hq32_Hkv8_d128_float16_causal,26,16384,32,8,True,16384x4+2048x22,11,flashinfer_paged_cudacore,534.8645,747.7905000000001,1.3980933488762108,538.273,1.0063726420429848,534.8645,1.0,fd_s2_paged,553.342,1.0345461327121168,True
decode_B48_Lq1_Lkv16384x4+1024x44_Hq32_Hkv8_d128_float16_causal,48,16384,32,8,True,16384x4+1024x44,11,flashinfer_paged_cudacore,534.704,743.8235,1.3910939510458122,564.656,1.0560160387803346,534.704,1.0,fd_s4_paged,548.302,1.0254308926060027,True
decode_B16_Lq1_Lkv32768x2+2048x14_Hq32_Hkv8_d128_float16_causal,16,32768,32,8,True,32768x2+2048x14,11,flashinfer_paged,466.976,637.1665,1.3644523487288427,466.976,1.0,469.0725,1.004489524086891,fd_s8_paged,478.97400000000005,1.0256929692318235,True
decode_B64_Lq1_Lkv32768x4+2048x60_Hq32_Hkv8_d128_float16_causal,64,32768,32,8,True,32768x4+2048x60,11,flashinfer_paged_cudacore,1154.993,1575.804,1.3643407362642026,1207.185,1.0451881526554707,1154.993,1.0,fd_s2_paged,1167.549,1.0108710615562173,True
decode_B64_Lq1_Lkv16384x4+1024x60_Hq32_Hkv8_d128_float16_causal,64,16384,32,8,True,16384x4+1024x60,11,flashinfer_paged_cudacore,609.7445,823.182,1.350044157839882,625.873,1.0264512431026438,609.7445,1.0,fd_s4_paged,622.1585,1.0203593472347843,True
decode_B16_Lq1_Lkv8192+1024x15_Hq32_Hkv8_d128_float16_causal,16,8192,32,8,True,8192+1024x15,11,flashinfer_paged_cudacore,147.98399999999998,199.5195,1.3482504865390854,149.44,1.0098389015028653,147.98399999999998,1.0,fd_s4_paged,150.91199999999998,1.019785922802465,True
decode_B32_Lq1_Lkv8192x2+2048x30_Hq32_Hkv8_d128_float16_causal,32,8192,32,8,True,8192x2+2048x30,11,flashinfer_paged_cudacore,395.727,531.1665,1.3422548878393439,448.88,1.1343173450383726,395.727,1.0,fd_s8_paged,412.047,1.0412405521988646,True
decode_B26_Lq1_Lkv8192x4+1024x22_Hq32_Hkv8_d128_float16_causal,26,8192,32,8,True,8192x4+1024x22,11,flashinfer_paged_cudacore,298.20799999999997,397.791,1.3339380566584398,300.08,1.006277497585578,298.20799999999997,1.0,fd_s2_paged,307.0395,1.0296152350037557,True
decode_B48_Lq1_Lkv8192x4+512x44_Hq32_Hkv8_d128_float16_causal,48,8192,32,8,True,8192x4+512x44,11,flashinfer_paged_cudacore,298.41600000000005,396.7835,1.3296321242828801,308.94449999999995,1.0352812851857807,298.41600000000005,1.0,fd_s2_paged,305.0555,1.0222491421371507,True
decode_B48_Lq1_Lkv8192+2048x47_Hq32_Hkv8_d128_float16_causal,48,8192,32,8,True,8192+2048x47,11,flashinfer_paged_cudacore,509.472,673.694,1.3223376358268952,569.552,1.1179260096727592,509.472,1.0,fd_s8_paged,540.5260000000001,1.0609533006720686,True
decode_B32_Lq1_Lkv16384x4+2048x28_Hq32_Hkv8_d128_float16_causal,32,16384,32,8,True,16384x4+2048x28,11,flashinfer_paged_cudacore,589.9855,779.775,1.3216850244624656,605.5844999999999,1.026439632838434,589.9855,1.0,fd_s4_paged,602.6535,1.0214717141353473,True
decode_B64_Lq1_Lkv8192x4+512x60_Hq32_Hkv8_d128_float16_causal,64,8192,32,8,True,8192x4+512x60,11,flashinfer_paged_cudacore,337.1355,441.551,1.3097137501093774,342.017,1.0144793413924076,337.1355,1.0,fd_s4_paged,343.44000000000005,1.018700196211909,True
decode_B26_Lq1_Lkv8192x4+512x22_Hq32_Hkv8_d128_float16_causal,26,8192,32,8,True,8192x4+512x22,11,flashinfer_paged_cudacore,248.961,325.1195,1.3059053426038616,250.944,1.0079651029679346,248.961,1.0,fd_s2_paged,255.696,1.0270524298986587,True
decode_B32_Lq1_Lkv8192x4+512x28_Hq32_Hkv8_d128_float16_causal,32,8192,32,8,True,8192x4+512x28,11,flashinfer_paged_cudacore,262.25649999999996,340.36749999999995,1.2978419981964222,267.05600000000004,1.018300785681194,262.25649999999996,1.0,fd_s4_paged,267.00800000000004,1.0181177587590777,True
decode_B32_Lq1_Lkv8192x4+1024x28_Hq32_Hkv8_d128_float16_causal,32,8192,32,8,True,8192x4+1024x28,11,flashinfer_paged_cudacore,326.88,418.9915,1.2817899534997552,332.656,1.0176700930004896,326.88,1.0,fd_s4_paged,334.223,1.0224639011257954,True
decode_B24_Lq1_Lkv32768+512x23_Hq32_Hkv8_d128_float16_causal,24,32768,32,8,True,32768+512x23,11,flashinfer_paged_cudacore,252.68849999999998,321.3275,1.2716348389420176,254.20850000000002,1.0060153113418302,252.68849999999998,1.0,fd_s16_paged,260.1435,1.0295027276666728,True
decode_B26_Lq1_Lkv8192x4+2048x22_Hq32_Hkv8_d128_float16_causal,26,8192,32,8,True,8192x4+2048x22,11,flashinfer_paged_cudacore,396.384,503.3425,1.2698355634939855,396.688,1.000766933074998,396.384,1.0,fd_s8_paged,409.71,1.0336189149915234,True
decode_B24_Lq1_Lkv32768+1024x23_Hq32_Hkv8_d128_float16_causal,24,32768,32,8,True,32768+1024x23,11,flashinfer_paged_cudacore,303.64750000000004,384.495,1.2662544562362608,306.11199999999997,1.0081163190870992,303.64750000000004,1.0,fd_s8_paged,315.807,1.0400447887764595,True
decode_B48_Lq1_Lkv8192x4+1024x44_Hq32_Hkv8_d128_float16_causal,48,8192,32,8,True,8192x4+1024x44,11,flashinfer_paged_cudacore,394.59299999999996,498.318,1.2628657882932541,410.32050000000004,1.0398575240817756,394.59299999999996,1.0,fd_s2_paged,404.55949999999996,1.0252576705618195,True
decode_B16_Lq1_Lkv16384x2+512x14_Hq32_Hkv8_d128_float16_causal,16,16384,32,8,True,16384x2+512x14,11,flashinfer_paged_cudacore,232.1445,293.1195,1.2626596796391905,235.168,1.0130242155209364,232.1445,1.0,fd_s8_paged,236.208,1.0175041838165453,True
decode_B48_Lq1_Lkv8192x2+2048x46_Hq32_Hkv8_d128_float16_causal,48,8192,32,8,True,8192x2+2048x46,11,flashinfer_paged_cudacore,536.2245,676.9590000000001,1.2624544383928746,580.64,1.0828300459975253,536.2245,1.0,fd_s8_paged,559.374,1.0431712836694331,True
decode_B64_Lq1_Lkv8192+2048x63_Hq32_Hkv8_d128_float16_causal,64,8192,32,8,True,8192+2048x63,11,flashinfer_paged_cudacore,649.504,818.4784999999999,1.2601592907818888,701.3765,1.0798647891313986,649.504,1.0,fd_s8_paged,688.846,1.0605723752278662,True
decode_B16_Lq1_Lkv16384x2+1024x14_Hq32_Hkv8_d128_float16_causal,16,16384,32,8,True,16384x2+1024x14,11,flashinfer_paged_cudacore,262.56,330.639,1.2592893053016454,265.0245,1.0093864259597807,262.56,1.0,fd_s8_paged,268.751,1.0235793723339426,True
decode_B48_Lq1_Lkv16384x4+2048x44_Hq32_Hkv8_d128_float16_causal,48,16384,32,8,True,16384x4+2048x44,11,flashinfer_paged_cudacore,741.7445,932.477,1.2571404304312332,775.617,1.0456659941529731,741.7445,1.0,fd_s2_paged,743.79,1.002757688125763,True
decode_B64_Lq1_Lkv16384x4+2048x60_Hq32_Hkv8_d128_float16_causal,64,16384,32,8,True,16384x4+2048x60,11,flashinfer_paged_cudacore,867.6800000000001,1089.8854999999999,1.256091531440162,877.3765000000001,1.0111752028397567,867.6800000000001,1.0,fd_s2_paged,885.5820000000001,1.0206320302415637,True
decode_B64_Lq1_Lkv8192x4+1024x60_Hq32_Hkv8_d128_float16_causal,64,8192,32,8,True,8192x4+1024x60,11,flashinfer_paged_cudacore,464.12899999999996,575.519,1.239997931609531,471.696,1.0163036569574408,464.12899999999996,1.0,fd_s2_paged,477.5985,1.0290210264818618,True
decode_B64_Lq1_Lkv8192x2+2048x62_Hq32_Hkv8_d128_float16_causal,64,8192,32,8,True,8192x2+2048x62,11,flashinfer_paged_cudacore,675.5840000000001,822.206,1.2170300066312996,707.521,1.0472731740242514,675.5840000000001,1.0,fd_s2_paged,708.5260000000001,1.048760775862069,True
decode_B16_Lq1_Lkv16384x2+2048x14_Hq32_Hkv8_d128_float16_causal,16,16384,32,8,True,16384x2+2048x14,11,flashinfer_paged_cudacore,325.98400000000004,390.89500000000004,1.199123269853735,326.368,1.0011779719250022,325.98400000000004,1.0,fd_s4_paged,334.07900000000006,1.0248325071169138,True
decode_B32_Lq1_Lkv8192x4+2048x28_Hq32_Hkv8_d128_float16_causal,32,8192,32,8,True,8192x4+2048x28,11,flashinfer_paged_cudacore,453.776,533.935,1.1766488311413559,455.601,1.00402180811678,453.776,1.0,fd_s2_paged,459.35850000000005,1.0123023253763972,True
decode_B1_Lq1_Lkv4096_Hq32_Hkv8_d128_float16_causal,1,4096,32,8,False,4096,11,flashinfer_paged_cudacore,31.759500000000003,37.184,1.1707992884018954,32.848,1.034273209590831,31.759500000000003,1.0,fd_s8_paged,34.480000000000004,1.0856594089957337,True
decode_B2_Lq1_Lkv2048_Hq32_Hkv8_d128_float16_causal,2,2048,32,8,False,2048x2,11,flashinfer_paged_cudacore,31.264000000000003,36.495999999999995,1.1673490276356189,32.449,1.0379030194472874,31.264000000000003,1.0,fd_s4_paged,34.592,1.1064483111566017,True
decode_B16_Lq1_Lkv8192+2048x15_Hq32_Hkv8_d128_float16_causal,16,8192,32,8,True,8192+2048x15,11,flashinfer_paged_cudacore,227.9355,265.9515,1.1667840244279633,229.776,1.0080746526978028,227.9355,1.0,fd_s16_paged,238.319,1.0455545538101787,True
decode_B48_Lq1_Lkv8192x4+2048x44_Hq32_Hkv8_d128_float16_causal,48,8192,32,8,True,8192x4+2048x44,11,flashinfer_paged_cudacore,589.9680000000001,686.3340000000001,1.1633410625661051,618.817,1.0488992623328721,589.9680000000001,1.0,fd_s2_paged,601.806,1.020065495077699,True
decode_B16_Lq1_Lkv8192x2+512x14_Hq32_Hkv8_d128_float16_causal,16,8192,32,8,True,8192x2+512x14,11,flashinfer_paged_cudacore,147.584,169.583,1.1490608738074588,149.04,1.009865568083261,147.584,1.0,fd_s8_paged,150.7355,1.0213539408065915,True
decode_B24_Lq1_Lkv32768+2048x23_Hq32_Hkv8_d128_float16_causal,24,32768,32,8,True,32768+2048x23,11,flashinfer_paged_cudacore,405.28099999999995,465.231,1.1479220590158434,406.5455,1.003120057441627,405.28099999999995,1.0,fd_s8_paged,421.10249999999996,1.0390383462338477,True
decode_B64_Lq1_Lkv8192x4+2048x60_Hq32_Hkv8_d128_float16_causal,64,8192,32,8,True,8192x4+2048x60,11,flashinfer_paged_cudacore,728.368,831.134,1.1410907673044395,744.2245,1.0217699020275466,728.368,1.0,fd_s2_paged,744.958,1.0227769479164377,True
decode_B24_Lq1_Lkv16384+1024x23_Hq32_Hkv8_d128_float16_causal,24,16384,32,8,True,16384+1024x23,11,flashinfer_paged_cudacore,232.56,260.76800000000003,1.121293429652563,235.16899999999998,1.0112186102511178,232.56,1.0,fd_s8_paged,241.99900000000002,1.0405873753009978,True
decode_B24_Lq1_Lkv16384+512x23_Hq32_Hkv8_d128_float16_causal,24,16384,32,8,True,16384+512x23,11,flashinfer_paged_cudacore,176.208,197.3915,1.1202187187868882,176.4325,1.0012740624716245,176.208,1.0,fd_s8_paged,180.7835,1.0259664714428403,True
decode_B4_Lq1_Lkv1024_Hq32_Hkv8_d128_float16_causal,4,1024,32,8,False,1024x4,11,flashinfer_paged_cudacore,31.392000000000003,34.768,1.1075433231396534,32.736,1.0428134556574922,31.392000000000003,1.0,fd_s2_paged,34.144000000000005,1.087665647298675,True
decode_B1_Lq1_Lkv8192_Hq32_Hkv8_d128_float16_causal,1,8192,32,8,False,8192,11,flashinfer_paged_cudacore,55.984,61.984,1.1071734781366105,57.44,1.026007430694484,55.984,1.0,fd_s8_paged,58.608000000000004,1.046870534438411,True
decode_B8_Lq1_Lkv512_Hq32_Hkv8_d128_float16_causal,8,512,32,8,False,512x8,11,fa2_paged,31.136,34.2395,1.0996756166495376,32.799499999999995,1.0534269013360738,31.808,1.0215827338129497,fa2_paged,31.136,1.0,True
decode_B24_Lq1_Lkv8192x4+2048x20_Hq32_Hkv8_d128_float16_causal,24,8192,32,8,True,8192x4+2048x20,11,flashinfer_paged_cudacore,377.744,413.21500000000003,1.0939022194925665,380.89599999999996,1.008344275488161,377.744,1.0,fd_s8_paged,392.1585,1.0381594413147528,True
decode_B1_Lq1_Lkv2048_Hq32_Hkv8_d128_float16_causal,1,2048,32,8,False,2048,11,flashinfer_paged,21.168,23.088,1.090702947845805,21.168,1.0,23.3765,1.1043320105820107,fd_s8_paged,22.528,1.0642479213907785,True
decode_B2_Lq1_Lkv4096_Hq32_Hkv8_d128_float16_causal,2,4096,32,8,False,4096x2,11,flashinfer_paged_cudacore,55.296499999999995,60.064,1.086217030010941,56.960499999999996,1.030092320490447,55.296499999999995,1.0,fd_s4_paged,58.416,1.0564140587559792,True
decode_B16_Lq1_Lkv8192x2+1024x14_Hq32_Hkv8_d128_float16_causal,16,8192,32,8,True,8192x2+1024x14,11,flashinfer_paged,190.5925,206.895,1.0855358946443328,190.5925,1.0,191.61599999999999,1.0053700958852,fd_s8_paged,194.816,1.022159843645474,True
decode_B24_Lq1_Lkv16384x4+2048x20_Hq32_Hkv8_d128_float16_causal,24,16384,32,8,True,16384x4+2048x20,11,flashinfer_paged_cudacore,517.376,556.8465,1.0762897776472045,525.4570000000001,1.015619201509154,517.376,1.0,fd_s2_paged,538.8625,1.0415297578550222,True
decode_B2_Lq1_Lkv1024_Hq32_Hkv8_d128_float16_causal,2,1024,32,8,False,1024x2,11,flashinfer_paged,20.591499999999996,22.159999999999997,1.0761722069786077,20.591499999999996,1.0,22.688000000000002,1.101813855231528,flashdecoding_paged,22.159999999999997,1.0761722069786077,True
decode_B16_Lq1_Lkv512_Hq32_Hkv8_d128_float16_causal,16,512,32,8,False,512x16,11,fa2_paged,54.832,58.591499999999996,1.068563977239568,57.760000000000005,1.0533994747592648,55.664,1.0151736212430698,fa2_paged,54.832,1.0,True
decode_B24_Lq1_Lkv8192+512x23_Hq32_Hkv8_d128_float16_causal,24,8192,32,8,True,8192+512x23,11,flashinfer_paged_cudacore,126.816,135.2955,1.0668645912187738,127.568,1.0059298511228867,126.816,1.0,fd_s8_paged,130.9115,1.0322948208427958,True
decode_B24_Lq1_Lkv8192x4+1024x20_Hq32_Hkv8_d128_float16_causal,24,8192,32,8,True,8192x4+1024x20,11,flashinfer_paged_cudacore,289.791,308.86400000000003,1.065816398714936,294.60900000000004,1.016625775127592,289.791,1.0,fd_s2_paged,298.095,1.0286551342174188,True
decode_B4_Lq1_Lkv2048_Hq32_Hkv8_d128_float16_causal,4,2048,32,8,False,2048x4,11,flashinfer_paged_cudacore,55.312,58.896,1.0647960659531386,56.943,1.0294872722013306,55.312,1.0,fd_s2_paged,58.193,1.0520863465432455,True
decode_B1_Lq1_Lkv16384_Hq32_Hkv8_d128_float16_causal,1,16384,32,8,False,16384,11,flashinfer_paged_cudacore,104.336,110.368,1.0578132188314675,105.96799999999999,1.015641772734243,104.336,1.0,fd_s8_paged,107.248,1.0279098297807086,True
decode_B2_Lq1_Lkv512_Hq32_Hkv8_d128_float16_causal,2,512,32,8,False,512x2,11,flashinfer_paged,15.008000000000001,15.838999999999999,1.0553704690831556,15.008000000000001,1.0,16.608,1.1066098081023454,flashdecoding_paged,15.838999999999999,1.0553704690831556,True
decode_B8_Lq1_Lkv1024_Hq32_Hkv8_d128_float16_causal,8,1024,32,8,False,1024x8,11,fa2_paged,55.3435,58.304500000000004,1.0535022179659763,57.376,1.0367251800121062,55.584,1.0043455871059837,fa2_paged,55.3435,1.0,True
decode_B16_Lq1_Lkv8192x2+2048x14_Hq32_Hkv8_d128_float16_causal,16,8192,32,8,True,8192x2+2048x14,11,flashinfer_paged_cudacore,254.19299999999998,267.59950000000003,1.0527414208888524,255.824,1.0064163844008294,254.19299999999998,1.0,fd_s8_paged,264.08000000000004,1.0388956422875535,True
decode_B24_Lq1_Lkv32768x4+2048x20_Hq32_Hkv8_d128_float16_causal,24,32768,32,8,True,32768x4+2048x20,11,flashinfer_paged_cudacore,805.5685000000001,846.238,1.050485464612879,815.201,1.0119573940639435,805.5685000000001,1.0,fd_s2_paged,818.7345,1.0163437373730477,True
decode_B2_Lq1_Lkv8192_Hq32_Hkv8_d128_float16_causal,2,8192,32,8,False,8192x2,11,flashinfer_paged_cudacore,103.31199999999998,108.2885,1.0481696221155337,105.8085,1.0241646662536783,103.31199999999998,1.0,fd_s4_paged,106.88050000000001,1.0345410020133192,True
decode_B24_Lq1_Lkv16384x2+2048x22_Hq32_Hkv8_d128_float16_causal,24,16384,32,8,True,16384x2+2048x22,11,flashinfer_paged_cudacore,396.432,414.943,1.046694010574323,398.721,1.0057740041167211,396.432,1.0,flashdecoding_paged,414.943,1.046694010574323,True
decode_B2_Lq1_Lkv32768_Hq32_Hkv8_d128_float16_causal,2,32768,32,8,False,32768x2,11,flashinfer_paged,343.2325,357.7595,1.042324080615909,343.2325,1.0,345.13599999999997,1.0055458035005425,fd_s4_paged,344.416,1.0034481000488007,True
decode_B4_Lq1_Lkv16384_Hq32_Hkv8_d128_float16_causal,4,16384,32,8,False,16384x4,11,flashinfer_paged,342.91200000000003,356.8475,1.0406387061403508,342.91200000000003,1.0,345.168,1.006578947368421,fd_s4_paged,343.9515,1.0030313899776035,True
decode_B24_Lq1_Lkv8192+2048x23_Hq32_Hkv8_d128_float16_causal,24,8192,32,8,True,8192+2048x23,11,flashinfer_paged_cudacore,298.56000000000006,310.479,1.039921623794212,300.369,1.0060590836012862,298.56000000000006,1.0,fd_s2_paged,309.0555,1.035153737942122,True
decode_B24_Lq1_Lkv16384x4+1024x20_Hq32_Hkv8_d128_float16_causal,24,16384,32,8,True,16384x4+1024x20,11,flashinfer_paged_cudacore,435.32899999999995,452.57500000000005,1.0396160145545095,440.54449999999997,1.011980593987536,435.32899999999995,1.0,fd_s2_paged,439.679,1.0099924424975135,True
decode_B4_Lq1_Lkv512_Hq32_Hkv8_d128_float16_causal,4,512,32,8,False,512x4,11,flashinfer_paged,21.12,21.951999999999998,1.0393939393939393,21.12,1.0,22.96,1.0871212121212122,fd_s4_paged,21.8235,1.033309659090909,True
decode_B24_Lq1_Lkv8192x2+1024x22_Hq32_Hkv8_d128_float16_causal,24,8192,32,8,True,8192x2+1024x22,11,flashinfer_paged_cudacore,228.096,237.02349999999998,1.0391392220819304,230.1925,1.0091913054152637,228.096,1.0,fd_s4_paged,236.8315,1.0382974712401796,True
decode_B16_Lq1_Lkv16384x4+2048x12_Hq32_Hkv8_d128_float16_causal,16,16384,32,8,True,16384x4+2048x12,11,flashinfer_paged,449.3125,466.831,1.0389895673946308,449.3125,1.0,452.16049999999996,1.0063385728195853,fd_s4_paged,457.823,1.018941160105717,True
decode_B24_Lq1_Lkv32768x2+2048x22_Hq32_Hkv8_d128_float16_causal,24,32768,32,8,True,32768x2+2048x22,11,flashinfer_paged_cudacore,535.2004999999999,555.8064999999999,1.0385014587990855,540.321,1.0095674424818364,535.2004999999999,1.0,fd_s4_paged,555.167,1.037306579496843,True
decode_B24_Lq1_Lkv8192x4+512x20_Hq32_Hkv8_d128_float16_causal,24,8192,32,8,True,8192x4+512x20,11,flashinfer_paged_cudacore,244.56,253.967,1.0384649983644096,250.976,1.0262348707883546,244.56,1.0,fd_s2_paged,250.1755,1.022961645403991,True
decode_B4_Lq1_Lkv4096_Hq32_Hkv8_d128_float16_causal,4,4096,32,8,False,4096x4,11,flashinfer_paged_cudacore,103.77600000000001,107.744,1.0382362010484119,105.632,1.0178846746839345,103.77600000000001,1.0,fd_s4_paged,106.335,1.0246588806660497,True
decode_B1_Lq1_Lkv1024_Hq32_Hkv8_d128_float16_causal,1,1024,32,8,False,1024,11,flashinfer_paged,15.631499999999999,16.225,1.037968205226626,15.631499999999999,1.0,16.9115,1.0818859354508525,flashdecoding_paged,16.225,1.037968205226626,True
decode_B1_Lq1_Lkv32768_Hq32_Hkv8_d128_float16_causal,1,32768,32,8,False,32768,11,flashinfer_paged,201.312,208.33550000000002,1.034888630583373,201.312,1.0,203.9195,1.0129525313940548,fd_s8_paged,203.264,1.0096963916706405,True
decode_B24_Lq1_Lkv16384x2+1024x22_Hq32_Hkv8_d128_float16_causal,24,16384,32,8,True,16384x2+1024x22,11,flashinfer_paged_cudacore,298.11199999999997,308.431,1.03461450729927,300.86400000000003,1.0092314297981968,298.11199999999997,1.0,flashdecoding_paged,308.431,1.03461450729927,True
decode_B24_Lq1_Lkv16384x2+512x22_Hq32_Hkv8_d128_float16_causal,24,16384,32,8,True,16384x2+512x22,11,flashinfer_paged_cudacore,249.24849999999998,257.82349999999997,1.0344034166705116,252.06400000000002,1.011295955642662,249.24849999999998,1.0,fd_s8_paged,257.2155,1.0319640840366142,True
decode_B16_Lq1_Lkv1024_Hq32_Hkv8_d128_float16_causal,16,1024,32,8,False,1024x16,11,fa2_paged,103.12,106.5595,1.0333543444530644,106.368,1.0314972847168347,104.44800000000001,1.012878200155159,fa2_paged,103.12,1.0,True
decode_B16_Lq1_Lkv8192x4+2048x12_Hq32_Hkv8_d128_float16_causal,16,8192,32,8,True,8192x4+2048x12,11,flashinfer_paged_cudacore,307.32899999999995,317.35850000000005,1.0326344080773378,308.8325,1.0048921514077749,307.32899999999995,1.0,fd_s8_paged,316.99199999999996,1.0314418749938992,True
decode_B8_Lq1_Lkv2048_Hq32_Hkv8_d128_float16_causal,8,2048,32,8,False,2048x8,11,fa2_paged,103.345,106.6075,1.031569016401374,105.96800000000002,1.0253810053703616,104.1605,1.0078910445594853,fa2_paged,103.345,1.0,True
decode_B4_Lq1_Lkv32768_Hq32_Hkv8_d128_float16_causal,4,32768,32,8,False,32768x4,11,flashinfer_paged,622.497,642.015,1.0313543679728578,622.497,1.0,624.512,1.0032369633909881,fd_s2_paged,624.815,1.00372371272472,True
decode_B16_Lq1_Lkv8192x4+1024x12_Hq32_Hkv8_d128_float16_causal,16,8192,32,8,True,8192x4+1024x12,11,flashinfer_paged_cudacore,254.01600000000002,261.59950000000003,1.0298544186192997,255.937,1.0075625157470396,254.01600000000002,1.0,fd_s4_paged,259.79100000000005,1.0227347883597886,True
decode_B2_Lq1_Lkv16384_Hq32_Hkv8_d128_float16_causal,2,16384,32,8,False,16384x2,11,flashinfer_paged,200.72,206.6715,1.0296507572738143,200.72,1.0,201.744,1.0051016341171781,fd_s4_paged,202.559,1.009162016739737,True
decode_B24_Lq1_Lkv32768x2+1024x22_Hq32_Hkv8_d128_float16_causal,24,32768,32,8,True,32768x2+1024x22,11,flashinfer_paged_cudacore,437.8565,450.57500000000005,1.0290471878343705,442.145,1.0097943047550968,437.8565,1.0,flashdecoding_paged,450.57500000000005,1.0290471878343705,True
decode_B24_Lq1_Lkv8192x2+2048x22_Hq32_Hkv8_d128_float16_causal,24,8192,32,8,True,8192x2+2048x22,11,flashinfer_paged_cudacore,325.77599999999995,334.6075,1.0271091179215168,326.27200000000005,1.0015225185403471,325.77599999999995,1.0,fd_s2_paged,331.007,1.0160570453317619,True
decode_B16_Lq1_Lkv32768x4+2048x12_Hq32_Hkv8_d128_float16_causal,16,32768,32,8,True,32768x4+2048x12,11,flashinfer_paged,729.857,748.847,1.026018795462673,729.857,1.0,733.5685,1.0050852427256298,fd_s4_paged,736.5740000000001,1.0092031726762916,True
decode_B4_Lq1_Lkv8192_Hq32_Hkv8_d128_float16_causal,4,8192,32,8,False,8192x4,11,flashinfer_paged,201.1205,206.1435,1.024975077130377,201.1205,1.0,201.6325,1.0025457375056248,fd_s2_paged,202.0315,1.0045296227883285,True
decode_B24_Lq1_Lkv16384+2048x23_Hq32_Hkv8_d128_float16_causal,24,16384,32,8,True,16384+2048x23,11,flashinfer_paged,335.121,342.735,1.0227201518257585,335.121,1.0,337.6485,1.0075420519752567,flashdecoding_paged,342.735,1.0227201518257585,True
decode_B16_Lq1_Lkv2048_Hq32_Hkv8_d128_float16_causal,16,2048,32,8,False,2048x16,11,fa2_paged,198.28699999999998,202.57600000000002,1.0216302632043455,201.72799999999998,1.017353633874132,202.03199999999998,1.0188867651434537,fa2_paged,198.28699999999998,1.0,True
decode_B24_Lq1_Lkv8192+1024x23_Hq32_Hkv8_d128_float16_causal,24,8192,32,8,True,8192+1024x23,11,flashinfer_paged,196.64,200.719,1.020743490642799,196.64,1.0,198.40000000000003,1.0089503661513428,fd_s4_paged,200.591,1.0200925549227016,True
decode_B24_Lq1_Lkv8192x2+512x22_Hq32_Hkv8_d128_float16_causal,24,8192,32,8,True,8192x2+512x22,11,flashinfer_paged_cudacore,172.832,176.416,1.0207369005739677,173.584,1.0043510461025738,172.832,1.0,fd_s4_paged,176.1915,1.0194379513053138,True
decode_B16_Lq1_Lkv8192x4+512x12_Hq32_Hkv8_d128_float16_causal,16,8192,32,8,True,8192x4+512x12,11,flashinfer_paged_cudacore,227.344,231.712,1.0192131747483988,229.4565,1.00929208600183,227.344,1.0,fd_s4_paged,230.9115,1.015692078964037,True
decode_B8_Lq1_Lkv4096_Hq32_Hkv8_d128_float16_causal,8,4096,32,8,False,4096x8,11,fa2_paged,198.976,202.5915,1.0181705331296236,201.23250000000002,1.0113405636860728,201.872,1.0145545191379866,fa2_paged,198.976,1.0,True
decode_B24_Lq1_Lkv32768x2+512x22_Hq32_Hkv8_d128_float16_causal,24,32768,32,8,True,32768x2+512x22,11,flashinfer_paged_cudacore,391.36,398.3025,1.017739421504497,392.624,1.0032297628781686,391.36,1.0,fd_s4_paged,398.176,1.0174161896974652,True
decode_B8_Lq1_Lkv8192_Hq32_Hkv8_d128_float16_causal,8,8192,32,8,False,8192x8,11,fa2_paged,340.335,346.256,1.01739756416472,343.312,1.008747263725447,344.592,1.0125082639164353,fa2_paged,340.335,1.0,True
decode_B16_Lq1_Lkv4096_Hq32_Hkv8_d128_float16_causal,16,4096,32,8,False,4096x16,11,fa2_paged,340.14300000000003,345.551,1.015899195338431,343.456,1.0097400211087688,345.1835,1.0148187674007696,fa2_paged,340.14300000000003,1.0,True
decode_B16_Lq1_Lkv16384x4+1024x12_Hq32_Hkv8_d128_float16_causal,16,16384,32,8,True,16384x4+1024x12,11,flashinfer_paged,396.2885,401.68,1.0136049872756843,396.2885,1.0,396.46400000000006,1.000442859179613,fd_s4_paged,400.655,1.011018487793615,True
decode_B16_Lq1_Lkv8192_Hq32_Hkv8_d128_float16_causal,16,8192,32,8,False,8192x16,11,fa2_paged,621.023,627.454,1.0103554940799293,623.3444999999999,1.0037381868304394,625.1524999999999,1.0066495121758774,fa2_paged,621.023,1.0,True
decode_B8_Lq1_Lkv16384_Hq32_Hkv8_d128_float16_causal,8,16384,32,8,False,16384x8,11,fa2_paged,621.855,627.663,1.0093397978628458,622.8164999999999,1.0015461803796704,625.3605,1.005637166220421,fa2_paged,621.855,1.0,True
decode_B24_Lq1_Lkv16384x4+512x20_Hq32_Hkv8_d128_float16_causal,24,16384,32,8,True,16384x4+512x20,11,flashinfer_paged_cudacore,387.7605,391.0235,1.0084149881176656,396.784,1.0232708076248096,387.7605,1.0,flashdecoding_paged,391.0235,1.0084149881176656,True
decode_B16_Lq1_Lkv16384x4+512x12_Hq32_Hkv8_d128_float16_causal,16,16384,32,8,True,16384x4+512x12,11,flashinfer_paged,369.6965,372.60699999999997,1.0078726739365937,369.6965,1.0,369.8085,1.0003029512045691,fd_s4_paged,371.3115,1.0043684481730284,True
decode_B16_Lq1_Lkv32768x4+1024x12_Hq32_Hkv8_d128_float16_causal,16,32768,32,8,True,32768x4+1024x12,11,flashinfer_paged,677.121,681.0385,1.005785524300679,677.121,1.0,679.2645,1.0031656085101481,fd_s4_paged,679.2625,1.00316265482831,True
decode_B64_Lq1_Lkv512_Hq32_Hkv8_d128_float16_causal,64,512,32,8,False,512x64,11,flashinfer_paged,202.272,203.3915,1.0055346266413543,202.272,1.0,207.0555,1.0236488490745135,fa2_paged,203.152,1.0043505774402783,True
decode_B16_Lq1_Lkv16384_Hq32_Hkv8_d128_float16_causal,16,16384,32,8,False,16384x16,11,fa2_paged,1181.806,1188.0305,1.0052669389053703,1183.2485000000001,1.001220589504538,1186.864,1.0042798902696382,fa2_paged,1181.806,1.0,True
decode_B8_Lq1_Lkv32768_Hq32_Hkv8_d128_float16_causal,8,32768,32,8,False,32768x8,11,flashinfer_paged,1182.929,1188.9905,1.0051241452361046,1182.929,1.0,1186.464,1.0029883450316965,fa2_paged,1183.086,1.000132721405934,True
decode_B24_Lq1_Lkv32768x4+1024x20_Hq32_Hkv8_d128_float16_causal,24,32768,32,8,True,32768x4+1024x20,11,flashinfer_paged_cudacore,715.8245,719.294,1.004846858412921,727.568,1.0164055575074618,715.8245,1.0,fd_s4_paged,718.351,1.003529496405893,True
decode_B64_Lq1_Lkv2048_Hq32_Hkv8_d128_float16_causal,64,2048,32,8,False,2048x64,11,flashinfer_paged,622.4490000000001,625.327,1.0046236719795516,622.4490000000001,1.0,628.2394999999999,1.0093027701867943,fa2_paged,624.848,1.003854131021176,True
decode_B32_Lq1_Lkv4096_Hq32_Hkv8_d128_float16_causal,32,4096,32,8,False,4096x32,11,flashinfer_paged,620.784,623.295,1.004044885177453,620.784,1.0,626.465,1.0091513312198768,fa2_paged,623.104,1.0037372097219002,True
decode_B16_Lq1_Lkv32768x4+512x12_Hq32_Hkv8_d128_float16_causal,16,32768,32,8,True,32768x4+512x12,11,flashinfer_paged,649.857,652.479,1.0040347337952813,649.857,1.0,654.1279999999999,1.0065722151180951,flashdecoding_paged,652.479,1.0040347337952813,True
decode_B32_Lq1_Lkv16384_Hq32_Hkv8_d128_float16_causal,32,16384,32,8,False,16384x32,11,flashinfer_paged,2298.785,2305.676,1.0029976705085513,2298.785,1.0,2303.665,1.0021228605545973,fa2_paged,2304.19,1.00235124206918,True
decode_B16_Lq1_Lkv32768_Hq32_Hkv8_d128_float16_causal,16,32768,32,8,False,32768x16,11,flashinfer_paged,2301.969,2308.4915,1.0028334438908604,2301.969,1.0,2303.1530000000002,1.0005143422869727,fa2_paged,2304.157,1.0009504906451825,True
decode_B32_Lq1_Lkv2048_Hq32_Hkv8_d128_float16_causal,32,2048,32,8,False,2048x32,11,flashinfer_paged,340.76800000000003,341.696,1.0027232604000376,340.76800000000003,1.0,346.3995,1.0165259061883745,fa2_paged,341.64750000000004,1.0025809348295616,True
decode_B64_Lq1_Lkv4096_Hq32_Hkv8_d128_float16_causal,64,4096,32,8,False,4096x64,11,flashinfer_paged,1182.401,1185.1655,1.0023380392946217,1182.401,1.0,1188.641,1.005277397431159,flashdecoding_paged,1185.1655,1.0023380392946217,True
decode_B32_Lq1_Lkv8192_Hq32_Hkv8_d128_float16_causal,32,8192,32,8,False,8192x32,11,flashinfer_paged,1180.4005,1183.1015000000002,1.002288206418076,1180.4005,1.0,1186.7685000000001,1.0053947791448752,flashdecoding_paged,1183.1015000000002,1.002288206418076,True
decode_B32_Lq1_Lkv32768_Hq32_Hkv8_d128_float16_causal,32,32768,32,8,False,32768x32,11,flashinfer_paged,4536.3385,4544.057000000001,1.0017014823739456,4536.3385,1.0,4541.585499999999,1.0011566597157595,fa2_paged,4543.4035,1.0015574234594709,True
decode_B64_Lq1_Lkv8192_Hq32_Hkv8_d128_float16_causal,64,8192,32,8,False,8192x64,11,flashinfer_paged,2301.906,2305.772,1.0016794777892755,2301.906,1.0,2305.473,1.0015495854305085,fa2_paged,2305.5815000000002,1.0015967202831046,True
decode_B64_Lq1_Lkv16384_Hq32_Hkv8_d128_float16_causal,64,16384,32,8,False,16384x64,11,flashinfer_paged,4538.146500000001,4544.023999999999,1.0012951322748171,4538.146500000001,1.0,4543.393,1.0011560887247688,flashdecoding_paged,4544.023999999999,1.0012951322748171,True
decode_B64_Lq1_Lkv1024_Hq32_Hkv8_d128_float16_causal,64,1024,32,8,False,1024x64,11,fa2_paged,342.7835,343.1515,1.0010735639259183,343.601,1.002384887253908,358.64,1.0462580608459857,fa2_paged,342.7835,1.0,True
decode_B64_Lq1_Lkv32768_Hq32_Hkv8_d128_float16_causal,64,32768,32,8,False,32768x64,11,flashinfer_paged,9011.845,9021.343499999999,1.0010540017055332,9011.845,1.0,9014.7715,1.0003247392737005,flashdecoding_paged,9021.343499999999,1.0010540017055332,True
decode_B24_Lq1_Lkv32768x4+512x20_Hq32_Hkv8_d128_float16_causal,24,32768,32,8,True,32768x4+512x20,11,flashdecoding_paged,670.03,670.03,1.0,683.8555,1.0206341507096697,670.6565,1.0009350327597273,flashdecoding_paged,670.03,1.0,True
decode_B1_Lq1_Lkv512_Hq32_Hkv8_d128_float16_causal,1,512,32,8,False,512,11,flashdecoding_paged,12.64,12.64,1.0,12.736,1.0075949367088608,14.928,1.1810126582278482,flashdecoding_paged,12.64,1.0,True
decode_B32_Lq1_Lkv512_Hq32_Hkv8_d128_float16_causal,32,512,32,8,False,512x32,11,flashdecoding_paged,103.5675,103.5675,1.0,104.1605,1.0057257344244093,105.584,1.0194703937045888,flashdecoding_paged,103.5675,1.0,True
decode_B32_Lq1_Lkv1024_Hq32_Hkv8_d128_float16_causal,32,1024,32,8,False,1024x32,11,flashdecoding_paged,198.704,198.704,1.0,198.785,1.0004076415170302,202.496,1.0190836621306063,flashdecoding_paged,198.704,1.0,True
