workload_key,B,L_kv,H_q,H_kv,ragged,lens,n_variants,best_kernel,best_us,heuristic_us,heuristic_regret,fa2_us,fa2_regret
decode_B26_Lq1_Lkv32768+512x25_Hq32_Hkv8_d128_float16_causal,26,32768,32,8,True,32768+512x25,9,fd_s16_paged,264.592,1053.2289999999998,2.980577644070871,1053.166,2.980339541633912
decode_B32_Lq1_Lkv32768+512x31_Hq32_Hkv8_d128_float16_causal,32,32768,32,8,True,32768+512x31,9,fd_s16_paged,279.375,1071.773,2.8363239373601785,1071.2295,2.834378523489933
decode_B48_Lq1_Lkv32768+512x47_Hq32_Hkv8_d128_float16_causal,48,32768,32,8,True,32768+512x47,9,fd_s8_paged,321.919,1120.893,2.4819100456947245,1121.15,2.4827083831647094
decode_B26_Lq1_Lkv32768+1024x25_Hq32_Hkv8_d128_float16_causal,26,32768,32,8,True,32768+1024x25,9,fd_s8_paged,323.183,1120.5900000000001,2.467354409111866,1118.846,2.4619580856666348
decode_B32_Lq1_Lkv32768+1024x31_Hq32_Hkv8_d128_float16_causal,32,32768,32,8,True,32768+1024x31,9,fd_s8_paged,355.1835,1151.5169999999998,2.2420340471896916,1151.6465,2.2423986474596935
decode_B64_Lq1_Lkv32768+512x63_Hq32_Hkv8_d128_float16_causal,64,32768,32,8,True,32768+512x63,9,fd_s8_paged,361.48699999999997,1166.83,2.2278615828508355,1166.7024999999999,2.2275088730715074
decode_B26_Lq1_Lkv16384+512x25_Hq32_Hkv8_d128_float16_causal,26,16384,32,8,True,16384+512x25,9,fd_s16_paged,187.808,561.7909999999999,1.9913049497359,561.183,1.988067600954166
decode_B48_Lq1_Lkv32768+1024x47_Hq32_Hkv8_d128_float16_causal,48,32768,32,8,True,32768+1024x47,9,fd_s8_paged,430.751,1225.6295,1.845331757790464,1225.885,1.8459249078934237
decode_B32_Lq1_Lkv16384+512x31_Hq32_Hkv8_d128_float16_causal,32,16384,32,8,True,16384+512x31,9,fd_s16_paged,205.375,579.199,1.8202020693852705,579.1835,1.8201265976871577
decode_B26_Lq1_Lkv32768+2048x25_Hq32_Hkv8_d128_float16_causal,26,32768,32,8,True,32768+2048x25,9,fd_s8_paged,436.0305,1218.429,1.7943664491360125,1218.43,1.79436874255356
decode_B26_Lq1_Lkv32768x2+512x24_Hq32_Hkv8_d128_float16_causal,26,32768,32,8,True,32768x2+512x24,9,fd_s4_paged,402.159,1056.9415,1.6281682120753231,1056.815,1.6278536598708473
decode_B32_Lq1_Lkv32768x2+512x30_Hq32_Hkv8_d128_float16_causal,32,32768,32,8,True,32768x2+512x30,9,fd_s8_paged,414.63849999999996,1072.973,1.5877312405866797,1073.15,1.5881581184574038
decode_B32_Lq1_Lkv32768+2048x31_Hq32_Hkv8_d128_float16_causal,32,32768,32,8,True,32768+2048x31,9,fd_s8_paged,493.88699999999994,1265.0855,1.561487749221988,1265.87,1.5630761692451918
decode_B64_Lq1_Lkv32768+1024x63_Hq32_Hkv8_d128_float16_causal,64,32768,32,8,True,32768+1024x63,9,fd_s8_paged,508.527,1298.9245,1.5542881695563855,1298.669,1.5537857380237434
decode_B48_Lq1_Lkv16384+512x47_Hq32_Hkv8_d128_float16_causal,48,16384,32,8,True,16384+512x47,9,fd_s8_paged,246.672,629.007,1.5499732438217548,628.991,1.5499083803593434
decode_B26_Lq1_Lkv16384+1024x25_Hq32_Hkv8_d128_float16_causal,26,16384,32,8,True,16384+1024x25,9,fd_s8_paged,250.559,627.5029999999999,1.504412134467331,626.6225,1.5008979920896874
decode_B26_Lq1_Lkv32768x2+1024x24_Hq32_Hkv8_d128_float16_causal,26,32768,32,8,True,32768x2+1024x24,9,fd_s4_paged,457.023,1126.2055,1.4642206190935685,1125.5175,1.4627152243978965
decode_B48_Lq1_Lkv32768x2+512x46_Hq32_Hkv8_d128_float16_causal,48,32768,32,8,True,32768x2+512x46,9,fd_s8_paged,456.38250000000005,1124.3175,1.4635420946245747,1124.366,1.4636483651323173
decode_B32_Lq1_Lkv16384+1024x31_Hq32_Hkv8_d128_float16_causal,32,16384,32,8,True,16384+1024x31,9,fd_s8_paged,279.0875,660.2705000000001,1.365818963586689,659.3910000000001,1.362667622161509
decode_B32_Lq1_Lkv32768x2+1024x30_Hq32_Hkv8_d128_float16_causal,32,32768,32,8,True,32768x2+1024x30,9,fd_s8_paged,488.366,1153.2775,1.3615024387447119,1153.15,1.3612413640589232
decode_B64_Lq1_Lkv32768x2+512x62_Hq32_Hkv8_d128_float16_causal,64,32768,32,8,True,32768x2+512x62,9,fd_s8_paged,496.0465,1169.277,1.3571923196716438,1169.534,1.3577104162613791
decode_B64_Lq1_Lkv16384+512x63_Hq32_Hkv8_d128_float16_causal,64,16384,32,8,True,16384+512x63,9,fd_s8_paged,287.05449999999996,675.5345,1.3533318585843457,675.7265,1.3540007211174188
decode_B26_Lq1_Lkv8192+512x25_Hq32_Hkv8_d128_float16_causal,26,8192,32,8,True,8192+512x25,9,fd_s8_paged,137.43949999999998,315.44,1.2951189432441188,313.53499999999997,1.281258299106152
decode_B48_Lq1_Lkv32768+2048x47_Hq32_Hkv8_d128_float16_causal,48,32768,32,8,True,32768+2048x47,9,fd_s4_paged,632.303,1411.2285,1.2318864531719762,1411.0700000000002,1.2316357822120092
decode_B16_Lq1_Lkv32768+512x15_Hq32_Hkv8_d128_float16_causal,16,32768,32,8,True,32768+512x15,9,fd_s16_paged,240.79899999999998,535.6474999999999,1.2244589886170623,1022.414,3.245922948185001
decode_B48_Lq1_Lkv32768x2+1024x46_Hq32_Hkv8_d128_float16_causal,48,32768,32,8,True,32768x2+1024x46,9,fd_s4_paged,563.6780000000001,1229.037,1.1803884487242713,1229.006,1.1803334527868743
decode_B26_Lq1_Lkv16384x2+512x24_Hq32_Hkv8_d128_float16_causal,26,16384,32,8,True,16384x2+512x24,9,fd_s8_paged,259.903,564.703,1.1727452164846115,564.863,1.1733608307714802
decode_B26_Lq1_Lkv32768x2+2048x24_Hq32_Hkv8_d128_float16_causal,26,32768,32,8,True,32768x2+2048x24,9,fd_s4_paged,564.991,1227.1970000000001,1.1720646877560883,1223.6779999999999,1.1658362699582825
decode_B32_Lq1_Lkv16384x2+512x30_Hq32_Hkv8_d128_float16_causal,32,16384,32,8,True,16384x2+512x30,9,fd_s8_paged,273.45550000000003,581.694,1.127198026735611,581.4390000000001,1.1262655166928441
decode_B32_Lq1_Lkv8192+512x31_Hq32_Hkv8_d128_float16_causal,32,8192,32,8,True,8192+512x31,9,fd_s4_paged,157.327,333.711,1.1211298759907709,333.9515,1.1226585392208586
decode_B48_Lq1_Lkv16384+1024x47_Hq32_Hkv8_d128_float16_causal,48,16384,32,8,True,16384+1024x47,9,fd_s4_paged,349.35900000000004,733.774,1.1003437724518328,734.239,1.1016747815284562
decode_B16_Lq1_Lkv32768+1024x15_Hq32_Hkv8_d128_float16_causal,16,32768,32,8,True,32768+1024x15,9,fd_s16_paged,277.519,569.6955,1.0528162035752509,1055.438,2.803119786393004
decode_B32_Lq1_Lkv32768x2+2048x30_Hq32_Hkv8_d128_float16_causal,32,32768,32,8,True,32768x2+2048x30,9,fd_s4_paged,623.054,1268.461,1.0358765050862364,1268.558,1.0360321898262432
decode_B64_Lq1_Lkv32768x2+1024x62_Hq32_Hkv8_d128_float16_causal,64,32768,32,8,True,32768x2+1024x62,9,fd_s4_paged,642.3345,1302.429,1.0276491454218948,1302.573,1.0278733276820722
decode_B48_Lq1_Lkv16384x2+512x46_Hq32_Hkv8_d128_float16_causal,48,16384,32,8,True,16384x2+512x46,9,fd_s4_paged,313.567,632.238,1.0162772230496193,632.319,1.0165355410486434
decode_B26_Lq1_Lkv16384x2+1024x24_Hq32_Hkv8_d128_float16_causal,26,16384,32,8,True,16384x2+1024x24,9,fd_s4_paged,315.2955,632.687,1.0066477320481897,633.6469999999999,1.0096924948183528
decode_B64_Lq1_Lkv32768+2048x63_Hq32_Hkv8_d128_float16_causal,64,32768,32,8,True,32768+2048x63,9,fd_s4_paged,777.8525,1556.3960000000002,1.0008883432270261,1556.525,1.001054184437281
decode_B26_Lq1_Lkv16384+2048x25_Hq32_Hkv8_d128_float16_causal,26,16384,32,8,True,16384+2048x25,9,fd_s16_paged,373.599,726.942,0.9457814394578146,727.086,0.9461668794616689
decode_B64_Lq1_Lkv16384x2+512x62_Hq32_Hkv8_d128_float16_causal,64,16384,32,8,True,16384x2+512x62,9,fd_s4_paged,353.59799999999996,678.83,0.9197789580257811,678.607,0.919148298350104
decode_B32_Lq1_Lkv16384x2+1024x30_Hq32_Hkv8_d128_float16_causal,32,16384,32,8,True,16384x2+1024x30,9,fd_s4_paged,345.583,661.7425000000001,0.9148583697693464,661.7429999999999,0.9148598165997746
decode_B64_Lq1_Lkv16384+1024x63_Hq32_Hkv8_d128_float16_causal,64,16384,32,8,True,16384+1024x63,9,fd_s4_paged,424.591,807.4214999999999,0.9016453481114766,807.0550000000001,0.9007821644829968
decode_B48_Lq1_Lkv8192+512x47_Hq32_Hkv8_d128_float16_causal,48,8192,32,8,True,8192+512x47,9,fd_s4_paged,204.2235,381.647,0.8687712236838561,383.34299999999996,0.8770758507223702
decode_B16_Lq1_Lkv16384+512x15_Hq32_Hkv8_d128_float16_causal,16,16384,32,8,True,16384+512x15,9,fd_s8_paged,155.135,288.88,0.8621200889547813,530.704,2.420917265607374
decode_B32_Lq1_Lkv16384+2048x31_Hq32_Hkv8_d128_float16_causal,32,16384,32,8,True,16384+2048x31,9,fd_s4_paged,418.51099999999997,773.791,0.8489143654527602,773.8865000000001,0.8491425553928096
decode_B48_Lq1_Lkv32768x2+2048x46_Hq32_Hkv8_d128_float16_causal,48,32768,32,8,True,32768x2+2048x46,9,fd_s4_paged,767.886,1415.741,0.843686432621509,1416.4450000000002,0.8446032353760848
decode_B16_Lq1_Lkv32768+2048x15_Hq32_Hkv8_d128_float16_causal,16,32768,32,8,True,32768+2048x15,9,fd_s8_paged,346.3195,634.9749999999999,0.8334947931029004,1119.8545,2.233587770830115
decode_B64_Lq1_Lkv8192+512x63_Hq32_Hkv8_d128_float16_causal,64,8192,32,8,True,8192+512x63,9,fd_s4_paged,243.3745,429.615,0.7652424555571762,429.6155,0.7652445100041294
decode_B48_Lq1_Lkv16384x2+1024x46_Hq32_Hkv8_d128_float16_causal,48,16384,32,8,True,16384x2+1024x46,9,fd_s4_paged,418.799,737.2940000000001,0.7604960852342058,737.3425,0.7606118925785401
decode_B26_Lq1_Lkv8192+1024x25_Hq32_Hkv8_d128_float16_causal,26,8192,32,8,True,8192+1024x25,9,fd_s16_paged,217.344,381.711,0.7562527606007068,381.6475,0.7559605970259129
decode_B26_Lq1_Lkv8192x2+512x24_Hq32_Hkv8_d128_float16_causal,26,8192,32,8,True,8192x2+512x24,9,fd_s4_paged,181.72749999999996,318.591,0.7531248710294263,319.10400000000004,0.7559477789547542
decode_B26_Lq1_Lkv16384x2+2048x24_Hq32_Hkv8_d128_float16_causal,26,16384,32,8,True,16384x2+2048x24,9,fd_s4_paged,422.78299999999996,735.4865,0.739631205606659,734.7025,0.7377768264097659
decode_B32_Lq1_Lkv8192+1024x31_Hq32_Hkv8_d128_float16_causal,32,8192,32,8,True,8192+1024x31,9,fd_s4_paged,239.9195,414.143,0.7261748211379233,413.77549999999997,0.7246430573588223
decode_B64_Lq1_Lkv32768x2+2048x62_Hq32_Hkv8_d128_float16_causal,64,32768,32,8,True,32768x2+2048x62,9,fd_s4_paged,914.6385,1560.269,0.7058859866493701,1560.0765000000001,0.7056755209845202
decode_B32_Lq1_Lkv8192x2+512x30_Hq32_Hkv8_d128_float16_causal,32,8192,32,8,True,8192x2+512x30,9,fd_s8_paged,200.4635,335.03999999999996,0.6713267003718879,335.3915,0.6730801367830053
decode_B64_Lq1_Lkv16384x2+1024x62_Hq32_Hkv8_d128_float16_causal,64,16384,32,8,True,16384x2+1024x62,9,fd_s4_paged,493.4235,810.1255,0.6418462031094994,810.063,0.6417195370710962
decode_B48_Lq1_Lkv16384+2048x47_Hq32_Hkv8_d128_float16_causal,48,16384,32,8,True,16384+2048x47,9,fd_s2_paged,564.047,918.7825,0.6289112432120019,918.8135,0.6289662031710122
decode_B32_Lq1_Lkv16384x2+2048x30_Hq32_Hkv8_d128_float16_causal,32,16384,32,8,True,16384x2+2048x30,9,fd_s4_paged,478.91049999999996,776.3979999999999,0.6211755641189742,776.799,0.6220128813212491
decode_B48_Lq1_Lkv8192x2+512x46_Hq32_Hkv8_d128_float16_causal,48,8192,32,8,True,8192x2+512x46,9,fd_s4_paged,240.927,386.287,0.6033362802840694,386.111,0.6026057685523001
decode_B26_Lq1_Lkv8192x2+1024x24_Hq32_Hkv8_d128_float16_causal,26,8192,32,8,True,8192x2+1024x24,9,fd_s4_paged,243.0075,387.615,0.5950742261041326,387.83950000000004,0.5959980659033159
decode_B16_Lq1_Lkv16384+1024x15_Hq32_Hkv8_d128_float16_causal,16,16384,32,8,True,16384+1024x15,9,fd_s16_paged,202.752,323.2635,0.594378847064394,563.855,1.7810083254419191
decode_B26_Lq1_Lkv32768x4+512x22_Hq32_Hkv8_d128_float16_causal,26,32768,32,8,True,32768x4+512x22,9,fd_s4_paged,675.902,1062.814,0.5724380161621063,1062.8625,0.5725097721267283
decode_B32_Lq1_Lkv32768x4+512x28_Hq32_Hkv8_d128_float16_causal,32,32768,32,8,True,32768x4+512x28,9,fd_s4_paged,690.75,1078.0135,0.5606420557365184,1077.8870000000002,0.5604589214621791
decode_B48_Lq1_Lkv32768x4+512x44_Hq32_Hkv8_d128_float16_causal,48,32768,32,8,True,32768x4+512x44,9,fd_s4_paged,727.758,1134.158,0.5584273893244731,1134.3335,0.5586685409160737
decode_B26_Lq1_Lkv32768x4+1024x22_Hq32_Hkv8_d128_float16_causal,26,32768,32,8,True,32768x4+1024x22,9,fd_s2_paged,729.6299999999999,1135.9009999999998,0.5568178391787619,1136.0614999999998,0.5570378136863889
decode_B48_Lq1_Lkv8192+1024x47_Hq32_Hkv8_d128_float16_causal,48,8192,32,8,True,8192+1024x47,9,fd_s2_paged,314.0635,486.975,0.5505622270655459,488.2395,0.5545884829023431
decode_B64_Lq1_Lkv8192x2+512x62_Hq32_Hkv8_d128_float16_causal,64,8192,32,8,True,8192x2+512x62,9,fd_s4_paged,279.03999999999996,432.47900000000004,0.5498817373853215,431.199,0.5452945814220187
decode_B16_Lq1_Lkv8192+512x15_Hq32_Hkv8_d128_float16_causal,16,8192,32,8,True,8192+512x15,9,fd_s8_paged,106.608,164.96,0.5473510430736905,284.447,1.6681581119615787
decode_B64_Lq1_Lkv32768x4+512x60_Hq32_Hkv8_d128_float16_causal,64,32768,32,8,True,32768x4+512x60,9,fd_s4_paged,765.934,1180.1415,0.540787456882708,1179.6129999999998,0.5400974496497086
decode_B32_Lq1_Lkv8192x2+1024x30_Hq32_Hkv8_d128_float16_causal,32,8192,32,8,True,8192x2+1024x30,9,fd_s4_paged,270.287,416.41499999999996,0.5406401343756821,416.1115,0.5395172538819848
decode_B32_Lq1_Lkv32768x4+1024x28_Hq32_Hkv8_d128_float16_causal,32,32768,32,8,True,32768x4+1024x28,9,fd_s4_paged,753.854,1155.501,0.5327914954354556,1156.2060000000001,0.533726689783433
decode_B64_Lq1_Lkv16384+2048x63_Hq32_Hkv8_d128_float16_causal,64,16384,32,8,True,16384+2048x63,9,fd_s2_paged,710.3335,1065.998,0.5007007271936352,1065.4705,0.4999581182641675
decode_B48_Lq1_Lkv16384x2+2048x46_Hq32_Hkv8_d128_float16_causal,48,16384,32,8,True,16384x2+2048x46,9,fd_s2_paged,617.8219999999999,923.582,0.49489982551608747,922.9100000000001,0.49381213359187637
decode_B48_Lq1_Lkv32768x4+1024x44_Hq32_Hkv8_d128_float16_causal,48,32768,32,8,True,32768x4+1024x44,9,fd_s4_paged,827.15,1235.6770000000001,0.49389711660521085,1235.326,0.4934727679381008
decode_B26_Lq1_Lkv32768x4+2048x22_Hq32_Hkv8_d128_float16_causal,26,32768,32,8,True,32768x4+2048x22,9,fd_s2_paged,833.806,1240.461,0.4877093712446301,1240.4299999999998,0.4876721923325087
decode_B26_Lq1_Lkv8192+2048x25_Hq32_Hkv8_d128_float16_causal,26,8192,32,8,True,8192+2048x25,9,fd_s2_paged,325.19849999999997,479.0235,0.47301878698702504,479.087,0.47321405234033986
decode_B64_Lq1_Lkv32768x4+1024x60_Hq32_Hkv8_d128_float16_causal,64,32768,32,8,True,32768x4+1024x60,9,fd_s4_paged,902.1415,1314.2845,0.4568496183802653,1314.3654999999999,0.4569394047386135
decode_B64_Lq1_Lkv8192+1024x63_Hq32_Hkv8_d128_float16_causal,64,8192,32,8,True,8192+1024x63,9,fd_s2_paged,387.696,560.3985,0.4454585551566175,560.3195000000001,0.44525478725599443
decode_B48_Lq1_Lkv16384x4+512x44_Hq32_Hkv8_d128_float16_causal,48,16384,32,8,True,16384x4+512x44,9,fd_s4_paged,444.863,642.9110000000001,0.44518874350080817,642.879,0.44511681124301195
decode_B16_Lq1_Lkv16384+2048x15_Hq32_Hkv8_d128_float16_causal,16,16384,32,8,True,16384+2048x15,9,fd_s4_paged,269.8875,388.60699999999997,0.43988513732573753,627.9825000000001,1.3268306238710577
decode_B26_Lq1_Lkv16384x4+512x22_Hq32_Hkv8_d128_float16_causal,26,16384,32,8,True,16384x4+512x22,9,fd_s2_paged,396.8625,570.943,0.43864184698730657,570.7835,0.4382399445651832
decode_B48_Lq1_Lkv8192x2+1024x46_Hq32_Hkv8_d128_float16_causal,48,8192,32,8,True,8192x2+1024x46,9,fd_s2_paged,341.79100000000005,491.007,0.4365708868870155,490.719,0.4357282666892923
decode_B26_Lq1_Lkv16384x4+1024x22_Hq32_Hkv8_d128_float16_causal,26,16384,32,8,True,16384x4+1024x22,9,fd_s2_paged,449.50300000000004,645.2945,0.43557328872109835,644.447,0.43368787305090284
decode_B32_Lq1_Lkv32768x4+2048x28_Hq32_Hkv8_d128_float16_causal,32,32768,32,8,True,32768x4+2048x28,9,fd_s4_paged,882.1579999999999,1266.3815,0.4355495274089223,1272.126,0.44206139943184786
decode_B32_Lq1_Lkv16384x4+512x28_Hq32_Hkv8_d128_float16_causal,32,16384,32,8,True,16384x4+512x28,9,fd_s4_paged,409.055,585.823,0.4321374876239137,585.6795,0.431786679052939
decode_B16_Lq1_Lkv32768x2+512x14_Hq32_Hkv8_d128_float16_causal,16,32768,32,8,True,32768x2+512x14,9,fd_s8_paged,378.1275,539.6469999999999,0.4271561840913447,1023.263,1.706132190861548
decode_B64_Lq1_Lkv16384x4+512x60_Hq32_Hkv8_d128_float16_causal,64,16384,32,8,True,16384x4+512x60,9,fd_s4_paged,485.1825,688.2705,0.4185806371829157,688.638,0.4193380841229848
decode_B26_Lq1_Lkv8192x2+2048x24_Hq32_Hkv8_d128_float16_causal,26,8192,32,8,True,8192x2+2048x24,9,fd_s2_paged,347.263,489.183,0.40868160443237556,488.4635,0.4066096877582699
decode_B16_Lq1_Lkv32768x2+1024x14_Hq32_Hkv8_d128_float16_causal,16,32768,32,8,True,32768x2+1024x14,9,fd_s8_paged,410.03049999999996,577.2465,0.4078135650884509,1056.718,1.5771692593599749
decode_B64_Lq1_Lkv16384x2+2048x62_Hq32_Hkv8_d128_float16_causal,64,16384,32,8,True,16384x2+2048x62,9,fd_s2_paged,761.3095000000001,1069.005,0.4041661111545305,1069.0055,0.40416676791764705
decode_B32_Lq1_Lkv16384x4+1024x28_Hq32_Hkv8_d128_float16_causal,32,16384,32,8,True,16384x4+1024x28,9,fd_s4_paged,474.144,664.222,0.4008866504690558,664.047,0.4005175642842682
decode_B48_Lq1_Lkv32768x4+2048x44_Hq32_Hkv8_d128_float16_causal,48,32768,32,8,True,32768x4+2048x44,9,fd_s4_paged,1027.853,1424.316,0.38571955328242447,1424.4769999999999,0.38587619046692456
decode_B64_Lq1_Lkv8192x2+1024x62_Hq32_Hkv8_d128_float16_causal,64,8192,32,8,True,8192x2+1024x62,9,fd_s2_paged,415.00750000000005,564.414,0.3600091564610277,563.3264999999999,0.3573887218905678
decode_B48_Lq1_Lkv16384x4+1024x44_Hq32_Hkv8_d128_float16_causal,48,16384,32,8,True,16384x4+1024x44,9,fd_s4_paged,548.302,743.8235,0.3565945409646507,743.4704999999999,0.35595073517878806
decode_B26_Lq1_Lkv16384x4+2048x22_Hq32_Hkv8_d128_float16_causal,26,16384,32,8,True,16384x4+2048x22,9,fd_s2_paged,553.342,747.7905000000001,0.35140744783515454,747.855,0.3515240122745067
decode_B64_Lq1_Lkv32768x4+2048x60_Hq32_Hkv8_d128_float16_causal,64,32768,32,8,True,32768x4+2048x60,9,fd_s2_paged,1167.549,1575.804,0.34966840792120935,1579.4205,0.35276592245807237
decode_B32_Lq1_Lkv8192+2048x31_Hq32_Hkv8_d128_float16_causal,32,8192,32,8,True,8192+2048x31,9,fd_s16_paged,390.879,526.943,0.3480974930860956,527.5830000000001,0.3497348284251649
decode_B16_Lq1_Lkv32768x2+2048x14_Hq32_Hkv8_d128_float16_causal,16,32768,32,8,True,32768x2+2048x14,9,fd_s8_paged,478.97400000000005,637.1665,0.33027366829932303,1120.3020000000001,1.3389620313419934
decode_B64_Lq1_Lkv16384x4+1024x60_Hq32_Hkv8_d128_float16_causal,64,16384,32,8,True,16384x4+1024x60,9,fd_s4_paged,622.1585,823.182,0.3231065717176571,822.9905,0.3227987723385599
decode_B16_Lq1_Lkv8192+1024x15_Hq32_Hkv8_d128_float16_causal,16,8192,32,8,True,8192+1024x15,9,fd_s4_paged,150.91199999999998,199.5195,0.32209168256997467,316.927,1.1000781912637834
decode_B48_Lq1_Lkv8192x4+512x44_Hq32_Hkv8_d128_float16_causal,48,8192,32,8,True,8192x4+512x44,9,fd_s2_paged,305.0555,396.7835,0.3006928247482836,396.719,0.30048138781303724
decode_B26_Lq1_Lkv8192x4+1024x22_Hq32_Hkv8_d128_float16_causal,26,8192,32,8,True,8192x4+1024x22,9,fd_s2_paged,307.0395,397.791,0.29556946256100614,396.671,0.29192172342646483
decode_B32_Lq1_Lkv16384x4+2048x28_Hq32_Hkv8_d128_float16_causal,32,16384,32,8,True,16384x4+2048x28,9,fd_s4_paged,602.6535,779.775,0.29390271524184297,779.5350000000001,0.29350447645288713
decode_B32_Lq1_Lkv8192x2+2048x30_Hq32_Hkv8_d128_float16_causal,32,8192,32,8,True,8192x2+2048x30,9,fd_s8_paged,412.047,531.1665,0.2890920210558505,530.831,0.28827779355267724
decode_B64_Lq1_Lkv8192x4+512x60_Hq32_Hkv8_d128_float16_causal,64,8192,32,8,True,8192x4+512x60,9,fd_s4_paged,343.44000000000005,441.551,0.28567144188213356,442.6715,0.2889340204984856
decode_B32_Lq1_Lkv8192x4+512x28_Hq32_Hkv8_d128_float16_causal,32,8192,32,8,True,8192x4+512x28,9,fd_s4_paged,267.00800000000004,340.36749999999995,0.2747464495445826,340.14300000000003,0.2739056507670181
decode_B26_Lq1_Lkv8192x4+512x22_Hq32_Hkv8_d128_float16_causal,26,8192,32,8,True,8192x4+512x22,9,fd_s2_paged,255.696,325.1195,0.27150796258056453,323.6475,0.26575112633752584
decode_B48_Lq1_Lkv16384x4+2048x44_Hq32_Hkv8_d128_float16_causal,48,16384,32,8,True,16384x4+2048x44,9,fd_s2_paged,743.79,932.477,0.25368316325844664,932.6220000000001,0.2538781107570687
decode_B32_Lq1_Lkv8192x4+1024x28_Hq32_Hkv8_d128_float16_causal,32,8192,32,8,True,8192x4+1024x28,9,fd_s4_paged,334.223,418.9915,0.25362856535905665,418.41549999999995,0.2519051651143096
decode_B48_Lq1_Lkv8192+2048x47_Hq32_Hkv8_d128_float16_causal,48,8192,32,8,True,8192+2048x47,9,fd_s8_paged,540.5260000000001,673.694,0.24636742728379368,673.0550000000001,0.2451852454831034
decode_B16_Lq1_Lkv16384x2+512x14_Hq32_Hkv8_d128_float16_causal,16,16384,32,8,True,16384x2+512x14,9,fd_s8_paged,236.208,293.1195,0.24093807153017677,530.991,1.2479805933753303
decode_B24_Lq1_Lkv32768+512x23_Hq32_Hkv8_d128_float16_causal,24,32768,32,8,True,32768+512x23,9,fd_s16_paged,260.1435,321.3275,0.23519326833074805,1048.2865,3.0296470986205684
decode_B48_Lq1_Lkv8192x4+1024x44_Hq32_Hkv8_d128_float16_causal,48,8192,32,8,True,8192x4+1024x44,9,fd_s2_paged,404.55949999999996,498.318,0.23175453796042378,497.631,0.23005639467124128
decode_B64_Lq1_Lkv16384x4+2048x60_Hq32_Hkv8_d128_float16_causal,64,16384,32,8,True,16384x4+2048x60,9,fd_s2_paged,885.5820000000001,1089.8854999999999,0.23069969805167645,1089.246,0.2299775740699337
decode_B16_Lq1_Lkv16384x2+1024x14_Hq32_Hkv8_d128_float16_causal,16,16384,32,8,True,16384x2+1024x14,9,fd_s8_paged,268.751,330.639,0.23028007337647138,564.447,1.1002600920554717
decode_B26_Lq1_Lkv8192x4+2048x22_Hq32_Hkv8_d128_float16_causal,26,8192,32,8,True,8192x4+2048x22,9,fd_s8_paged,409.71,503.3425,0.2285335969344171,502.767,0.22712894486344015
decode_B24_Lq1_Lkv32768+1024x23_Hq32_Hkv8_d128_float16_causal,24,32768,32,8,True,32768+1024x23,9,fd_s8_paged,315.807,384.495,0.21749992875395407,1108.7984999999999,2.5110003894783834
decode_B48_Lq1_Lkv8192x2+2048x46_Hq32_Hkv8_d128_float16_causal,48,8192,32,8,True,8192x2+2048x46,9,fd_s8_paged,559.374,676.9590000000001,0.21020819702024052,676.8785,0.21006428614844452
decode_B64_Lq1_Lkv8192x4+1024x60_Hq32_Hkv8_d128_float16_causal,64,8192,32,8,True,8192x4+1024x60,9,fd_s2_paged,477.5985,575.519,0.2050268164577569,576.2225,0.20649981103374482
decode_B64_Lq1_Lkv8192+2048x63_Hq32_Hkv8_d128_float16_causal,64,8192,32,8,True,8192+2048x63,9,fd_s8_paged,688.846,818.4784999999999,0.18818792589345068,817.806,0.18721165543532226
decode_B16_Lq1_Lkv16384x2+2048x14_Hq32_Hkv8_d128_float16_causal,16,16384,32,8,True,16384x2+2048x14,9,fd_s4_paged,334.07900000000006,390.89500000000004,0.17006755887080582,628.0464999999999,0.8799340874463819
decode_B32_Lq1_Lkv8192x4+2048x28_Hq32_Hkv8_d128_float16_causal,32,8192,32,8,True,8192x4+2048x28,9,fd_s2_paged,459.35850000000005,533.935,0.16234923267992185,534.815,0.1642649477477831
decode_B64_Lq1_Lkv8192x2+2048x62_Hq32_Hkv8_d128_float16_causal,64,8192,32,8,True,8192x2+2048x62,9,fd_s2_paged,708.5260000000001,822.206,0.16044577051512565,822.062,0.16024253167844216
decode_B48_Lq1_Lkv8192x4+2048x44_Hq32_Hkv8_d128_float16_causal,48,8192,32,8,True,8192x4+2048x44,9,fd_s2_paged,601.806,686.3340000000001,0.14045722375649294,686.239,0.1402993655762821
decode_B16_Lq1_Lkv8192x2+512x14_Hq32_Hkv8_d128_float16_causal,16,8192,32,8,True,8192x2+512x14,9,fd_s8_paged,150.7355,169.583,0.12503690238862109,285.48699999999997,0.8939599497132391
decode_B16_Lq1_Lkv8192+2048x15_Hq32_Hkv8_d128_float16_causal,16,8192,32,8,True,8192+2048x15,9,fd_s16_paged,238.319,265.9515,0.11594753250894829,381.8555,0.6022872704232562
decode_B64_Lq1_Lkv8192x4+2048x60_Hq32_Hkv8_d128_float16_causal,64,8192,32,8,True,8192x4+2048x60,9,fd_s2_paged,744.958,831.134,0.11567900472241388,831.0065,0.11550785413405862
decode_B24_Lq1_Lkv32768+2048x23_Hq32_Hkv8_d128_float16_causal,24,32768,32,8,True,32768+2048x23,9,fd_s8_paged,421.10249999999996,465.231,0.10479277610558002,1197.998,1.844908306172488
decode_B8_Lq1_Lkv512_Hq32_Hkv8_d128_float16_causal,8,512,32,8,False,512x8,9,fa2_paged,31.136,34.2395,0.09967561664953761,31.136,0.0
decode_B24_Lq1_Lkv16384+512x23_Hq32_Hkv8_d128_float16_causal,24,16384,32,8,True,16384+512x23,9,fd_s8_paged,180.7835,197.3915,0.09186679094054484,556.031,2.075673388334665
decode_B1_Lq1_Lkv4096_Hq32_Hkv8_d128_float16_causal,1,4096,32,8,False,4096,9,fd_s8_paged,34.480000000000004,37.184,0.07842227378190225,126.91149999999999,2.680727958236658
decode_B24_Lq1_Lkv16384+1024x23_Hq32_Hkv8_d128_float16_causal,24,16384,32,8,True,16384+1024x23,9,fd_s8_paged,241.99900000000002,260.76800000000003,0.0775581717279823,616.6705,1.5482357365113075
decode_B16_Lq1_Lkv512_Hq32_Hkv8_d128_float16_causal,16,512,32,8,False,512x16,9,fa2_paged,54.832,58.591499999999996,0.06856397723956809,54.832,0.0
decode_B16_Lq1_Lkv8192x2+1024x14_Hq32_Hkv8_d128_float16_causal,16,8192,32,8,True,8192x2+1024x14,9,fd_s8_paged,194.816,206.895,0.06200209428383707,318.7195,0.6360026897174769
decode_B1_Lq1_Lkv8192_Hq32_Hkv8_d128_float16_causal,1,8192,32,8,False,8192,9,fd_s8_paged,58.608000000000004,61.984,0.057603057603057506,249.856,3.2631722631722626
decode_B2_Lq1_Lkv2048_Hq32_Hkv8_d128_float16_causal,2,2048,32,8,False,2048x2,9,fd_s4_paged,34.592,36.495999999999995,0.05504162812210911,65.80799999999999,0.9024051803885289
decode_B24_Lq1_Lkv8192x4+2048x20_Hq32_Hkv8_d128_float16_causal,24,8192,32,8,True,8192x4+2048x20,9,fd_s8_paged,392.1585,413.21500000000003,0.053693850828172796,487.8225,0.24394218154139202
decode_B8_Lq1_Lkv1024_Hq32_Hkv8_d128_float16_causal,8,1024,32,8,False,1024x8,9,fa2_paged,55.3435,58.304500000000004,0.05350221796597632,55.3435,0.0
decode_B2_Lq1_Lkv32768_Hq32_Hkv8_d128_float16_causal,2,32768,32,8,False,32768x2,9,fd_s4_paged,344.416,357.7595,0.03874239292018955,988.8945,1.8712211395521696
decode_B4_Lq1_Lkv16384_Hq32_Hkv8_d128_float16_causal,4,16384,32,8,False,16384x4,9,fd_s4_paged,343.9515,356.8475,0.03749365826286555,498.447,0.449178154478175
decode_B24_Lq1_Lkv8192x4+1024x20_Hq32_Hkv8_d128_float16_causal,24,8192,32,8,True,8192x4+1024x20,9,fd_s2_paged,298.095,308.86400000000003,0.036126067193344324,389.2635,0.30583706536506816
decode_B24_Lq1_Lkv32768x4+2048x20_Hq32_Hkv8_d128_float16_causal,24,32768,32,8,True,32768x4+2048x20,9,fd_s2_paged,818.7345,846.238,0.03359269702205059,1225.4855,0.4968045196580819
decode_B24_Lq1_Lkv8192+512x23_Hq32_Hkv8_d128_float16_causal,24,8192,32,8,True,8192+512x23,9,fd_s8_paged,130.9115,135.2955,0.03348827261164988,310.319,1.3704487382697472
decode_B24_Lq1_Lkv16384x4+2048x20_Hq32_Hkv8_d128_float16_causal,24,16384,32,8,True,16384x4+2048x20,9,fd_s2_paged,538.8625,556.8465,0.03337400542810087,735.9505,0.36574821962931203
decode_B16_Lq1_Lkv1024_Hq32_Hkv8_d128_float16_causal,16,1024,32,8,False,1024x16,9,fa2_paged,103.12,106.5595,0.0333543444530644,103.12,0.0
decode_B8_Lq1_Lkv2048_Hq32_Hkv8_d128_float16_causal,8,2048,32,8,False,2048x8,9,fa2_paged,103.345,106.6075,0.031569016401373995,103.345,0.0
decode_B24_Lq1_Lkv16384x4+1024x20_Hq32_Hkv8_d128_float16_causal,24,16384,32,8,True,16384x4+1024x20,9,fd_s2_paged,439.679,452.57500000000005,0.029330488833899437,634.7345,0.4436316039656205
decode_B1_Lq1_Lkv16384_Hq32_Hkv8_d128_float16_causal,1,16384,32,8,False,16384,9,fd_s8_paged,107.248,110.368,0.029091451588840744,495.9995,3.6247902058779653
decode_B2_Lq1_Lkv4096_Hq32_Hkv8_d128_float16_causal,2,4096,32,8,False,4096x2,9,fd_s4_paged,58.416,60.064,0.028211448918104676,127.296,1.1791290057518489
decode_B4_Lq1_Lkv32768_Hq32_Hkv8_d128_float16_causal,4,32768,32,8,False,32768x4,9,fd_s2_paged,624.815,642.015,0.027528148331906088,990.495,0.5852612373262485
decode_B1_Lq1_Lkv32768_Hq32_Hkv8_d128_float16_causal,1,32768,32,8,False,32768,9,fd_s8_paged,203.264,208.33550000000002,0.024950310925692776,988.0785000000001,3.8610600007871536
decode_B1_Lq1_Lkv2048_Hq32_Hkv8_d128_float16_causal,1,2048,32,8,False,2048,9,fd_s8_paged,22.528,23.088,0.024857954545454586,65.136,1.891335227272727
decode_B16_Lq1_Lkv2048_Hq32_Hkv8_d128_float16_causal,16,2048,32,8,False,2048x16,9,fa2_paged,198.28699999999998,202.57600000000002,0.021630263204345468,198.28699999999998,0.0
decode_B4_Lq1_Lkv8192_Hq32_Hkv8_d128_float16_causal,4,8192,32,8,False,8192x4,9,fd_s2_paged,202.0315,206.1435,0.020353261743836892,252.4955,0.24978283089518216
decode_B2_Lq1_Lkv16384_Hq32_Hkv8_d128_float16_causal,2,16384,32,8,False,16384x2,9,fd_s4_paged,202.559,206.6715,0.020302726612986932,496.576,1.4515128925399514
decode_B16_Lq1_Lkv16384x4+2048x12_Hq32_Hkv8_d128_float16_causal,16,16384,32,8,True,16384x4+2048x12,9,fd_s4_paged,457.823,466.831,0.019675726208600253,629.28,0.3745049942881855
decode_B4_Lq1_Lkv1024_Hq32_Hkv8_d128_float16_causal,4,1024,32,8,False,1024x4,9,fd_s2_paged,34.144000000000005,34.768,0.01827553889409539,36.608,0.07216494845360799
decode_B8_Lq1_Lkv4096_Hq32_Hkv8_d128_float16_causal,8,4096,32,8,False,4096x8,9,fa2_paged,198.976,202.5915,0.01817053312962358,198.976,0.0
decode_B8_Lq1_Lkv8192_Hq32_Hkv8_d128_float16_causal,8,8192,32,8,False,8192x8,9,fa2_paged,340.335,346.256,0.017397564164719936,340.335,0.0
decode_B16_Lq1_Lkv32768x4+2048x12_Hq32_Hkv8_d128_float16_causal,16,32768,32,8,True,32768x4+2048x12,9,fd_s4_paged,736.5740000000001,748.847,0.016662276974207524,1121.246,0.5222448796726467
decode_B16_Lq1_Lkv4096_Hq32_Hkv8_d128_float16_causal,16,4096,32,8,False,4096x16,9,fa2_paged,340.14300000000003,345.551,0.015899195338431094,340.14300000000003,0.0
decode_B24_Lq1_Lkv8192x4+512x20_Hq32_Hkv8_d128_float16_causal,24,8192,32,8,True,8192x4+512x20,9,fd_s2_paged,250.1755,253.967,0.01515536093662262,319.28,0.27622409068833664
decode_B16_Lq1_Lkv8192x2+2048x14_Hq32_Hkv8_d128_float16_causal,16,8192,32,8,True,8192x2+2048x14,9,fd_s8_paged,264.08000000000004,267.59950000000003,0.013327400787640054,382.368,0.44792487125113567
decode_B4_Lq1_Lkv4096_Hq32_Hkv8_d128_float16_causal,4,4096,32,8,False,4096x4,9,fd_s4_paged,106.335,107.744,0.013250576009780524,129.05599999999998,0.21367376686885775
decode_B2_Lq1_Lkv8192_Hq32_Hkv8_d128_float16_causal,2,8192,32,8,False,8192x2,9,fd_s4_paged,106.88050000000001,108.2885,0.013173591066658386,250.208,1.3410070125046194
decode_B4_Lq1_Lkv2048_Hq32_Hkv8_d128_float16_causal,4,2048,32,8,False,2048x4,9,fd_s2_paged,58.193,58.896,0.012080490780678188,67.26400000000001,0.1558778547247952
decode_B24_Lq1_Lkv8192x2+2048x22_Hq32_Hkv8_d128_float16_causal,24,8192,32,8,True,8192x2+2048x22,9,fd_s2_paged,331.007,334.6075,0.010877413468597386,469.88750000000005,0.4195696767742072
decode_B16_Lq1_Lkv8192_Hq32_Hkv8_d128_float16_causal,16,8192,32,8,False,8192x16,9,fa2_paged,621.023,627.454,0.010355494079929306,621.023,0.0
decode_B8_Lq1_Lkv16384_Hq32_Hkv8_d128_float16_causal,8,16384,32,8,False,16384x8,9,fa2_paged,621.855,627.663,0.009339797862845778,621.855,0.0
decode_B16_Lq1_Lkv8192x4+1024x12_Hq32_Hkv8_d128_float16_causal,16,8192,32,8,True,8192x4+1024x12,9,fd_s4_paged,259.79100000000005,261.59950000000003,0.006961365097328143,318.991,0.227875484524098
decode_B4_Lq1_Lkv512_Hq32_Hkv8_d128_float16_causal,4,512,32,8,False,512x4,9,fd_s4_paged,21.8235,21.951999999999998,0.005888148097234591,22.048000000000002,0.010287075858592898
decode_B16_Lq1_Lkv16384_Hq32_Hkv8_d128_float16_causal,16,16384,32,8,False,16384x16,9,fa2_paged,1181.806,1188.0305,0.005266938905370333,1181.806,0.0
decode_B8_Lq1_Lkv32768_Hq32_Hkv8_d128_float16_causal,8,32768,32,8,False,32768x8,9,fa2_paged,1183.086,1188.9905,0.004990761449294556,1183.086,0.0
decode_B24_Lq1_Lkv8192+2048x23_Hq32_Hkv8_d128_float16_causal,24,8192,32,8,True,8192+2048x23,9,fd_s2_paged,309.0555,310.479,0.0046059688308410784,459.4235,0.4865404433831464
decode_B16_Lq1_Lkv16384x4+512x12_Hq32_Hkv8_d128_float16_causal,16,16384,32,8,True,16384x4+512x12,9,fd_s4_paged,371.3115,372.60699999999997,0.0034889843164027656,531.8230000000001,0.43228259830358073
decode_B16_Lq1_Lkv8192x4+512x12_Hq32_Hkv8_d128_float16_causal,16,8192,32,8,True,8192x4+512x12,9,fd_s4_paged,230.9115,231.712,0.003466696115178358,285.6,0.23683748968760776
decode_B16_Lq1_Lkv32768x4+1024x12_Hq32_Hkv8_d128_float16_causal,16,32768,32,8,True,32768x4+1024x12,9,fd_s4_paged,679.2625,681.0385,0.002614600393809452,1057.2134999999998,0.5564137575679502
decode_B16_Lq1_Lkv16384x4+1024x12_Hq32_Hkv8_d128_float16_causal,16,16384,32,8,True,16384x4+1024x12,9,fd_s4_paged,400.655,401.68,0.002558310766120453,564.735,0.40952939561468105
decode_B24_Lq1_Lkv16384x2+512x22_Hq32_Hkv8_d128_float16_causal,24,16384,32,8,True,16384x2+512x22,9,fd_s8_paged,257.2155,257.82349999999997,0.0023637766775328473,559.7275,1.1761033063715054
decode_B16_Lq1_Lkv32768_Hq32_Hkv8_d128_float16_causal,16,32768,32,8,False,32768x16,9,fa2_paged,2304.157,2308.4915,0.001881165215738223,2304.157,0.0
decode_B24_Lq1_Lkv32768x4+1024x20_Hq32_Hkv8_d128_float16_causal,24,32768,32,8,True,32768x4+1024x20,9,fd_s4_paged,718.351,719.294,0.001312728735673785,1126.797,0.5685883363425401
decode_B24_Lq1_Lkv8192x2+512x22_Hq32_Hkv8_d128_float16_causal,24,8192,32,8,True,8192x2+512x22,9,fd_s4_paged,176.1915,176.416,0.0012741817851600334,313.2315,0.7777900750036182
decode_B64_Lq1_Lkv512_Hq32_Hkv8_d128_float16_causal,64,512,32,8,False,512x64,9,fa2_paged,203.152,203.3915,0.001178920217374202,203.152,0.0
decode_B16_Lq1_Lkv8192x4+2048x12_Hq32_Hkv8_d128_float16_causal,16,8192,32,8,True,8192x4+2048x12,9,fd_s8_paged,316.99199999999996,317.35850000000005,0.0011561805976179063,382.5915,0.2069437083585708
decode_B24_Lq1_Lkv32768x2+2048x22_Hq32_Hkv8_d128_float16_causal,24,32768,32,8,True,32768x2+2048x22,9,fd_s4_paged,555.167,555.8064999999999,0.0011519056428064278,1206.27,1.1728056602787986
decode_B64_Lq1_Lkv1024_Hq32_Hkv8_d128_float16_causal,64,1024,32,8,False,1024x64,9,fa2_paged,342.7835,343.1515,0.001073563925918286,342.7835,0.0
decode_B24_Lq1_Lkv8192x2+1024x22_Hq32_Hkv8_d128_float16_causal,24,8192,32,8,True,8192x2+1024x22,9,fd_s4_paged,236.8315,237.02349999999998,0.0008107029681438949,376.336,0.5890453761429539
decode_B64_Lq1_Lkv2048_Hq32_Hkv8_d128_float16_causal,64,2048,32,8,False,2048x64,9,fa2_paged,624.848,625.327,0.0007665864338208817,624.848,0.0
decode_B32_Lq1_Lkv16384_Hq32_Hkv8_d128_float16_causal,32,16384,32,8,False,16384x32,9,fa2_paged,2304.19,2305.676,0.0006449120949225673,2304.19,0.0
decode_B24_Lq1_Lkv8192+1024x23_Hq32_Hkv8_d128_float16_causal,24,8192,32,8,True,8192+1024x23,9,fd_s4_paged,200.591,200.719,0.0006381143720306515,370.111,0.8451027214580913
decode_B24_Lq1_Lkv32768x2+512x22_Hq32_Hkv8_d128_float16_causal,24,32768,32,8,True,32768x2+512x22,9,fd_s4_paged,398.176,398.3025,0.00031769870609976714,1051.742,1.6413997830105278
decode_B32_Lq1_Lkv4096_Hq32_Hkv8_d128_float16_causal,32,4096,32,8,False,4096x32,9,fa2_paged,623.104,623.295,0.0003065298890714274,623.104,0.0
decode_B32_Lq1_Lkv32768_Hq32_Hkv8_d128_float16_causal,32,32768,32,8,False,32768x32,9,fa2_paged,4543.4035,4544.057000000001,0.00014383490262326326,4543.4035,0.0
decode_B32_Lq1_Lkv2048_Hq32_Hkv8_d128_float16_causal,32,2048,32,8,False,2048x32,9,fa2_paged,341.64750000000004,341.696,0.00014195918307602362,341.64750000000004,0.0
decode_B64_Lq1_Lkv8192_Hq32_Hkv8_d128_float16_causal,64,8192,32,8,False,8192x64,9,fa2_paged,2305.5815000000002,2305.772,8.262557623739397e-05,2305.5815000000002,0.0
decode_B16_Lq1_Lkv32768x4+512x12_Hq32_Hkv8_d128_float16_causal,16,32768,32,8,True,32768x4+512x12,9,flashdecoding_paged,652.479,652.479,0.0,1023.7104999999999,0.5689554759616782
decode_B24_Lq1_Lkv32768x4+512x20_Hq32_Hkv8_d128_float16_causal,24,32768,32,8,True,32768x4+512x20,9,flashdecoding_paged,670.03,670.03,0.0,1057.9185,0.578912138262466
decode_B24_Lq1_Lkv32768x2+1024x22_Hq32_Hkv8_d128_float16_causal,24,32768,32,8,True,32768x2+1024x22,9,flashdecoding_paged,450.57500000000005,450.57500000000005,0.0,1114.478,1.473457249070632
decode_B1_Lq1_Lkv1024_Hq32_Hkv8_d128_float16_causal,1,1024,32,8,False,1024,9,flashdecoding_paged,16.225,16.225,0.0,34.288,1.113281972265023
decode_B1_Lq1_Lkv512_Hq32_Hkv8_d128_float16_causal,1,512,32,8,False,512,9,flashdecoding_paged,12.64,12.64,0.0,18.863999999999997,0.492405063291139
decode_B24_Lq1_Lkv16384+2048x23_Hq32_Hkv8_d128_float16_causal,24,16384,32,8,True,16384+2048x23,9,flashdecoding_paged,342.735,342.735,0.0,706.095,1.0601776883014575
decode_B24_Lq1_Lkv16384x2+1024x22_Hq32_Hkv8_d128_float16_causal,24,16384,32,8,True,16384x2+1024x22,9,flashdecoding_paged,308.431,308.431,0.0,622.607,1.0186265323524548
decode_B24_Lq1_Lkv16384x2+2048x22_Hq32_Hkv8_d128_float16_causal,24,16384,32,8,True,16384x2+2048x22,9,flashdecoding_paged,414.943,414.943,0.0,716.6865,0.7271926505568236
decode_B24_Lq1_Lkv16384x4+512x20_Hq32_Hkv8_d128_float16_causal,24,16384,32,8,True,16384x4+512x20,9,flashdecoding_paged,391.0235,391.0235,0.0,565.0385,0.44502440390411313
decode_B32_Lq1_Lkv512_Hq32_Hkv8_d128_float16_causal,32,512,32,8,False,512x32,9,flashdecoding_paged,103.5675,103.5675,0.0,103.72800000000001,0.0015497139546674088
decode_B32_Lq1_Lkv8192_Hq32_Hkv8_d128_float16_causal,32,8192,32,8,False,8192x32,9,flashdecoding_paged,1183.1015000000002,1183.1015000000002,0.0,1183.167,5.536295913732836e-05
decode_B2_Lq1_Lkv512_Hq32_Hkv8_d128_float16_causal,2,512,32,8,False,512x2,9,flashdecoding_paged,15.838999999999999,15.838999999999999,0.0,19.68,0.2425026832502053
decode_B32_Lq1_Lkv1024_Hq32_Hkv8_d128_float16_causal,32,1024,32,8,False,1024x32,9,flashdecoding_paged,198.704,198.704,0.0,198.784,0.0004026089057089788
decode_B2_Lq1_Lkv1024_Hq32_Hkv8_d128_float16_causal,2,1024,32,8,False,1024x2,9,flashdecoding_paged,22.159999999999997,22.159999999999997,0.0,34.752,0.5682310469314082
decode_B64_Lq1_Lkv16384_Hq32_Hkv8_d128_float16_causal,64,16384,32,8,False,16384x64,9,flashdecoding_paged,4544.023999999999,4544.023999999999,0.0,4544.2975,6.0188942664129996e-05
decode_B64_Lq1_Lkv4096_Hq32_Hkv8_d128_float16_causal,64,4096,32,8,False,4096x64,9,flashdecoding_paged,1185.1655,1185.1655,0.0,1185.359,0.00016326833678492747
decode_B64_Lq1_Lkv32768_Hq32_Hkv8_d128_float16_causal,64,32768,32,8,False,32768x64,9,flashdecoding_paged,9021.343499999999,9021.343499999999,0.0,9022.469000000001,0.00012475968795588877
