workload,lens,S,ctas,gpu_sim_cycle,gpu_sim_insn,gpu_ipc,check
ragged,"2048,128x15",1,128,452140,47364096,104.7554,ok
ragged,"2048,128x15",2,256,230648,48722432,211.2415,ok
ragged,"2048,128x15",4,512,121071,51429376,424.7869,ok
ragged,"2048,128x15",8,1024,86491,56843264,657.2159,ok
ragged,"2048,128x15",16,2048,62566,67675232,1081.6615,ok
uniform,256x16,1,128,53004,48835584,921.3566,ok
uniform,256x16,2,256,31388,50593280,1611.8669,ok
uniform,256x16,4,512,24515,54098944,2206.7690,ok
uniform,256x16,8,1024,23506,61110272,2599.7734,ok
uniform,256x16,16,2048,26102,75140800,2878.7373,ok
