layer,variant,num_splits_called,max_abs_err,mean_abs_err,max_abs_err_rid8,max_abs_out,max_abs_out_rid8,split1_vs_split8_max,split1_vs_split8_max_rid8,exact_equal_split1
0,split1,0,0.0009705126285552979,1.2847047401010059e-05,0.0009303689002990723,0.5386369824409485,0.46084922552108765,0.0009765625,0.00048828125,True
0,split8,0,0.0009705126285552979,1.2712669558823109e-05,0.0009303689002990723,0.5386369824409485,0.46084922552108765,0.0009765625,0.00048828125,True
0,kernel_as_called,0,0.0009705126285552979,1.2847047401010059e-05,0.0009303689002990723,0.5386369824409485,0.46084922552108765,0.0009765625,0.00048828125,True
1,split1,0,0.000940859317779541,2.974987364723347e-05,0.0009062290191650391,0.34759455919265747,0.27239060401916504,0.0009765625,0.000244140625,True
1,split8,0,0.000940859317779541,2.956709431600757e-05,0.0009062290191650391,0.34759455919265747,0.27239060401916504,0.0009765625,0.000244140625,True
1,kernel_as_called,0,0.000940859317779541,2.974987364723347e-05,0.0009062290191650391,0.34759455919265747,0.27239060401916504,0.0009765625,0.000244140625,True
2,split1,0,0.0011128485202789307,3.2223812013398856e-05,0.0006579458713531494,0.47531619668006897,0.31315794587135315,0.0009765625,0.0009765625,True
2,split8,0,0.0011128485202789307,3.186856338288635e-05,0.0006579458713531494,0.47531619668006897,0.31315794587135315,0.0009765625,0.0009765625,True
2,kernel_as_called,0,0.0011128485202789307,3.2223812013398856e-05,0.0006579458713531494,0.47531619668006897,0.31315794587135315,0.0009765625,0.0009765625,True
3,split1,0,0.001968681812286377,3.9621227188035846e-05,0.0017375349998474121,0.6853312849998474,0.6853312849998474,0.001953125,0.00048828125,True
3,split8,0,0.001968681812286377,3.9130150980781764e-05,0.0017375349998474121,0.6853312849998474,0.6853312849998474,0.001953125,0.00048828125,True
3,kernel_as_called,0,0.001968681812286377,3.9621227188035846e-05,0.0017375349998474121,0.6853312849998474,0.6853312849998474,0.001953125,0.00048828125,True
4,split1,0,0.0020494461059570312,5.4622905736323446e-05,0.0009622573852539062,0.8488355875015259,0.4506279528141022,0.001953125,0.00048828125,True
4,split8,0,0.0020494461059570312,5.366607001633383e-05,0.0009622573852539062,0.8488355875015259,0.4506279528141022,0.001953125,0.00048828125,True
4,kernel_as_called,0,0.0020494461059570312,5.4622905736323446e-05,0.0009622573852539062,0.8488355875015259,0.4506279528141022,0.001953125,0.00048828125,True
5,split1,0,0.0034112930297851562,6.459302676375955e-05,0.0019907355308532715,1.0034112930297852,0.5961359143257141,0.001953125,0.0009765625,True
5,split8,0,0.0034112930297851562,6.407938781194389e-05,0.0019907355308532715,1.0034112930297852,0.5961359143257141,0.001953125,0.0009765625,True
5,kernel_as_called,0,0.0034112930297851562,6.459302676375955e-05,0.0019907355308532715,1.0034112930297852,0.5961359143257141,0.001953125,0.0009765625,True
6,split1,0,0.0023010969161987305,8.113632793538272e-05,0.0010738670825958252,0.8783343434333801,0.6827801465988159,0.00390625,0.0009765625,True
6,split8,0,0.0023010969161987305,8.060404070420191e-05,0.0010738670825958252,0.8783343434333801,0.6827801465988159,0.00390625,0.0009765625,True
6,kernel_as_called,0,0.0023010969161987305,8.113632793538272e-05,0.0010738670825958252,0.8783343434333801,0.6827801465988159,0.00390625,0.0009765625,True
7,split1,0,0.005558967590332031,9.157717431662604e-05,0.001685023307800293,2.1377956867218018,0.9469975233078003,0.00390625,0.0009765625,True
7,split8,0,0.005558967590332031,9.116816363530234e-05,0.001685023307800293,2.1377956867218018,0.9469975233078003,0.00390625,0.0009765625,True
7,kernel_as_called,0,0.005558967590332031,9.157717431662604e-05,0.001685023307800293,2.1377956867218018,0.9469975233078003,0.00390625,0.0009765625,True
8,split1,0,0.004708051681518555,0.00011228283983655274,0.0011703968048095703,1.501718521118164,0.9013102054595947,0.00390625,0.0009765625,True
8,split8,0,0.004708051681518555,0.00011189096403541043,0.0011703968048095703,1.501718521118164,0.9013102054595947,0.00390625,0.0009765625,True
8,kernel_as_called,0,0.004708051681518555,0.00011228283983655274,0.0011703968048095703,1.501718521118164,0.9013102054595947,0.00390625,0.0009765625,True
9,split1,0,0.0040111541748046875,0.00011981531861238182,0.002144753932952881,1.2600656747817993,0.9853059649467468,0.00390625,0.001953125,True
9,split8,0,0.0040111541748046875,0.00011932561756111681,0.002144753932952881,1.2600656747817993,0.9853059649467468,0.00390625,0.001953125,True
9,kernel_as_called,0,0.0040111541748046875,0.00011981531861238182,0.002144753932952881,1.2600656747817993,0.9853059649467468,0.00390625,0.001953125,True
10,split1,0,0.004336118698120117,9.150301775662228e-05,0.0024285316467285156,1.7929728031158447,1.3920974731445312,0.00390625,0.001953125,True
10,split8,0,0.004336118698120117,9.10068629309535e-05,0.0024285316467285156,1.7929728031158447,1.3920974731445312,0.00390625,0.001953125,True
10,kernel_as_called,0,0.004336118698120117,9.150301775662228e-05,0.0024285316467285156,1.7929728031158447,1.3920974731445312,0.00390625,0.001953125,True
11,split1,0,0.004392027854919434,0.0001104073307942599,0.0021513700485229492,1.5783313512802124,1.1010680198669434,0.00390625,0.0009765625,True
11,split8,0,0.004392027854919434,0.00010990332521032542,0.0021513700485229492,1.5783313512802124,1.1010680198669434,0.00390625,0.0009765625,True
11,kernel_as_called,0,0.004392027854919434,0.0001104073307942599,0.0021513700485229492,1.5783313512802124,1.1010680198669434,0.00390625,0.0009765625,True
12,split1,0,0.004554271697998047,0.00016350034275092185,0.0023984909057617188,2.1240386962890625,1.6933913230895996,0.00390625,0.001953125,True
12,split8,0,0.004554271697998047,0.0001630440674489364,0.0023984909057617188,2.1240386962890625,1.6933913230895996,0.00390625,0.001953125,True
12,kernel_as_called,0,0.004554271697998047,0.00016350034275092185,0.0023984909057617188,2.1240386962890625,1.6933913230895996,0.00390625,0.001953125,True
13,split1,0,0.007216691970825195,0.00011670288949972019,0.0022359490394592285,3.7787859439849854,0.8196418285369873,0.0078125,0.001953125,True
13,split8,0,0.007216691970825195,0.00011633756366791204,0.0022359490394592285,3.7787859439849854,0.8196418285369873,0.0078125,0.001953125,True
13,kernel_as_called,0,0.007216691970825195,0.00011670288949972019,0.0022359490394592285,3.7787859439849854,0.8196418285369873,0.0078125,0.001953125,True
14,split1,0,0.0075070858001708984,0.00015953599358908832,0.0021218061447143555,2.492492914199829,1.1114968061447144,0.0078125,0.001953125,True
14,split8,0,0.0075070858001708984,0.00015897915000095963,0.0021218061447143555,2.492492914199829,1.1114968061447144,0.0078125,0.001953125,True
14,kernel_as_called,0,0.0075070858001708984,0.00015953599358908832,0.0021218061447143555,2.492492914199829,1.1114968061447144,0.0078125,0.001953125,True
15,split1,0,0.007552385330200195,0.0001660098205320537,0.004025816917419434,4.934887886047363,1.2069116830825806,0.0078125,0.00390625,True
15,split8,0,0.007552385330200195,0.00016528370906598866,0.004025816917419434,4.934887886047363,1.2069116830825806,0.0078125,0.00390625,True
15,kernel_as_called,0,0.007552385330200195,0.0001660098205320537,0.004025816917419434,4.934887886047363,1.2069116830825806,0.0078125,0.00390625,True
16,split1,0,0.015483856201171875,0.00017198549176100641,0.003166794776916504,12.922016143798828,1.6437917947769165,0.0078125,0.001953125,True
16,split8,0,0.015483856201171875,0.0001717427949188277,0.003166794776916504,12.922016143798828,1.6437917947769165,0.0078125,0.001953125,True
16,kernel_as_called,0,0.015483856201171875,0.00017198549176100641,0.003166794776916504,12.922016143798828,1.6437917947769165,0.0078125,0.001953125,True
17,split1,0,0.007876873016357422,0.00020625031902454793,0.003484487533569336,2.793379306793213,1.2621405124664307,0.0078125,0.00390625,True
17,split8,0,0.007876873016357422,0.00020576048700604588,0.003484487533569336,2.793379306793213,1.2621405124664307,0.0078125,0.00390625,True
17,kernel_as_called,0,0.007876873016357422,0.00020625031902454793,0.003484487533569336,2.793379306793213,1.2621405124664307,0.0078125,0.00390625,True
18,split1,0,0.00769495964050293,0.00019846201757900417,0.003975033760070801,2.6715993881225586,1.506852149963379,0.0078125,0.00390625,True
18,split8,0,0.00769495964050293,0.00019792704551946372,0.003975033760070801,2.6715993881225586,1.506852149963379,0.0078125,0.00390625,True
18,kernel_as_called,0,0.00769495964050293,0.00019846201757900417,0.003975033760070801,2.6715993881225586,1.506852149963379,0.0078125,0.00390625,True
19,split1,0,0.008486747741699219,0.0002471565385349095,0.003931164741516113,4.504985809326172,1.7806847095489502,0.0078125,0.00390625,True
19,split8,0,0.008486747741699219,0.00024656805908307433,0.003931164741516113,4.504985809326172,1.7806847095489502,0.0078125,0.00390625,True
19,kernel_as_called,0,0.008486747741699219,0.0002471565385349095,0.003931164741516113,4.504985809326172,1.7806847095489502,0.0078125,0.00390625,True
20,split1,0,0.008452892303466797,0.0002525714226067066,0.003914475440979004,2.948026180267334,1.8416602611541748,0.0078125,0.00390625,True
20,split8,0,0.008452892303466797,0.0002521586720831692,0.003914475440979004,2.948026180267334,1.8416602611541748,0.0078125,0.00390625,True
20,kernel_as_called,0,0.008452892303466797,0.0002525714226067066,0.003914475440979004,2.948026180267334,1.8416602611541748,0.0078125,0.00390625,True
21,split1,0,0.009371757507324219,0.00024329447478521615,0.0039293766021728516,3.39184308052063,2.468412399291992,0.0078125,0.0078125,True
21,split8,0,0.009371757507324219,0.00024293677415698767,0.0042345523834228516,3.39184308052063,2.468412399291992,0.0078125,0.0078125,True
21,kernel_as_called,0,0.009371757507324219,0.00024329447478521615,0.0039293766021728516,3.39184308052063,2.468412399291992,0.0078125,0.0078125,True
22,split1,0,0.009101152420043945,0.0004055474419146776,0.006791830062866211,4.224861145019531,2.722524642944336,0.0078125,0.00390625,True
22,split8,0,0.009101152420043945,0.00040517456363886595,0.006791830062866211,4.224861145019531,2.722524642944336,0.0078125,0.00390625,True
22,kernel_as_called,0,0.009101152420043945,0.0004055474419146776,0.006791830062866211,4.224861145019531,2.722524642944336,0.0078125,0.00390625,True
23,split1,0,0.009183168411254883,0.00028433569241315126,0.009183168411254883,3.6970252990722656,2.540433168411255,0.015625,0.0078125,True
23,split8,0,0.009183168411254883,0.00028330349596217275,0.009183168411254883,3.6970252990722656,2.540433168411255,0.015625,0.0078125,True
23,kernel_as_called,0,0.009183168411254883,0.00028433569241315126,0.009183168411254883,3.6970252990722656,2.540433168411255,0.015625,0.0078125,True
24,split1,0,0.007777214050292969,0.0002590050280559808,0.007509469985961914,4.627456188201904,2.8450467586517334,0.0078125,0.0078125,True
24,split8,0,0.007777214050292969,0.0002581117441877723,0.007509469985961914,4.627456188201904,2.8450467586517334,0.0078125,0.0078125,True
24,kernel_as_called,0,0.007777214050292969,0.0002590050280559808,0.007509469985961914,4.627456188201904,2.8450467586517334,0.0078125,0.0078125,True
25,split1,0,0.008173465728759766,0.00018669517885427922,0.0025893449783325195,3.1482880115509033,1.783300518989563,0.0078125,0.00390625,True
25,split8,0,0.008173465728759766,0.00018604990327730775,0.0025893449783325195,3.1482880115509033,1.783300518989563,0.0078125,0.00390625,True
25,kernel_as_called,0,0.008173465728759766,0.00018669517885427922,0.0025893449783325195,3.1482880115509033,1.783300518989563,0.0078125,0.00390625,True
26,split1,0,0.00764775276184082,0.00017201878654304892,0.0044165849685668945,3.080000400543213,2.0460376739501953,0.0078125,0.00390625,True
26,split8,0,0.00764775276184082,0.00017104018479585648,0.0044165849685668945,3.080000400543213,2.0460376739501953,0.0078125,0.00390625,True
26,kernel_as_called,0,0.00764775276184082,0.00017201878654304892,0.0044165849685668945,3.080000400543213,2.0460376739501953,0.0078125,0.00390625,True
27,split1,0,0.012021541595458984,0.0002054282813332975,0.00792074203491211,4.269228458404541,3.6593406200408936,0.015625,0.00390625,True
27,split8,0,0.012021541595458984,0.0002040768595179543,0.00792074203491211,4.269228458404541,3.6593406200408936,0.015625,0.00390625,True
27,kernel_as_called,0,0.012021541595458984,0.0002054282813332975,0.00792074203491211,4.269228458404541,3.6593406200408936,0.015625,0.00390625,True
28,split1,0,0.017427444458007812,0.0003415477694943547,0.0082855224609375,6.748810768127441,4.2270355224609375,0.015625,0.00390625,True
28,split8,0,0.017427444458007812,0.0003410245990380645,0.0082855224609375,6.748810768127441,4.2270355224609375,0.015625,0.00390625,True
28,kernel_as_called,0,0.017427444458007812,0.0003415477694943547,0.0082855224609375,6.748810768127441,4.2270355224609375,0.015625,0.00390625,True
29,split1,0,0.032657623291015625,0.0002952396753244102,0.002412557601928711,11.699965476989746,1.119485855102539,0.015625,0.00390625,True
29,split8,0,0.032657623291015625,0.00029463335522450507,0.002412557601928711,11.699965476989746,1.119485855102539,0.015625,0.00390625,True
29,kernel_as_called,0,0.032657623291015625,0.0002952396753244102,0.002412557601928711,11.699965476989746,1.119485855102539,0.015625,0.00390625,True
30,split1,0,0.03374004364013672,0.00027565594064071774,0.004195451736450195,8.596240043640137,2.1737918853759766,0.03125,0.001953125,True
30,split8,0,0.03374004364013672,0.0002743115765042603,0.004195451736450195,8.596240043640137,2.1737918853759766,0.03125,0.001953125,True
30,kernel_as_called,0,0.03374004364013672,0.00027565594064071774,0.004195451736450195,8.596240043640137,2.1737918853759766,0.03125,0.001953125,True
31,split1,0,0.01680469512939453,0.0003623765951488167,0.005612373352050781,6.244294166564941,2.425880193710327,0.015625,0.00390625,True
31,split8,0,0.01680469512939453,0.00036074931267648935,0.005612373352050781,6.244294166564941,2.425880193710327,0.015625,0.00390625,True
31,kernel_as_called,0,0.01680469512939453,0.0003623765951488167,0.005612373352050781,6.244294166564941,2.425880193710327,0.015625,0.00390625,True
32,split1,0,0.028845787048339844,0.0005668661906383932,0.0065195560455322266,10.456748962402344,3.0652642250061035,0.03125,0.00390625,True
32,split8,0,0.028845787048339844,0.0005629326915368438,0.0065195560455322266,10.456748962402344,3.0652642250061035,0.03125,0.00390625,True
32,kernel_as_called,0,0.028845787048339844,0.0005668661906383932,0.0065195560455322266,10.456748962402344,3.0652642250061035,0.03125,0.00390625,True
33,split1,0,0.06490325927734375,0.0008176982519216835,0.024112701416015625,22.157787322998047,10.634214401245117,0.0625,0.0078125,True
33,split8,0,0.06490325927734375,0.0008124453015625477,0.024112701416015625,22.157787322998047,10.634214401245117,0.0625,0.0078125,True
33,kernel_as_called,0,0.06490325927734375,0.0008176982519216835,0.024112701416015625,22.157787322998047,10.634214401245117,0.0625,0.0078125,True
34,split1,0,0.13433456420898438,0.001162059372290969,0.025730133056640625,33.1302490234375,9.775057792663574,0.0625,0.03125,True
34,split8,0,0.13433456420898438,0.0011539410334080458,0.025730133056640625,33.1302490234375,9.775057792663574,0.0625,0.03125,True
34,kernel_as_called,0,0.13433456420898438,0.001162059372290969,0.025730133056640625,33.1302490234375,9.775057792663574,0.0625,0.03125,True
35,split1,0,0.06154632568359375,0.001237979275174439,0.03014850616455078,30.711374282836914,14.039336204528809,0.03125,0.015625,True
35,split8,0,0.06154632568359375,0.0012360229156911373,0.03014850616455078,30.711374282836914,14.039336204528809,0.03125,0.015625,True
35,kernel_as_called,0,0.06154632568359375,0.001237979275174439,0.03014850616455078,30.711374282836914,14.039336204528809,0.03125,0.015625,True
