step,B,num_splits,chosen_variant,source,neighbor_key,neighbor_distance,best_alternative,best_us,chosen_us,regret,policy
0,32,0,flashdecoding_paged,nearest_measured,decode_B32_Lq1_Lkv32768+512x31_Hq32_Hkv8_d128_float16_causal,0.0009498502960075871,fd_s16_paged,279.375,1071.773,2.8363239373601785,heuristic
1,32,0,flashdecoding_paged,nearest_measured,decode_B32_Lq1_Lkv32768+512x31_Hq32_Hkv8_d128_float16_causal,0.001899077585703147,fd_s16_paged,279.375,1071.773,2.8363239373601785,heuristic
2,32,0,flashdecoding_paged,nearest_measured,decode_B32_Lq1_Lkv32768+512x31_Hq32_Hkv8_d128_float16_causal,0.00284768268800838,fd_s16_paged,279.375,1071.773,2.8363239373601785,heuristic
3,32,0,flashdecoding_paged,nearest_measured,decode_B32_Lq1_Lkv32768+512x31_Hq32_Hkv8_d128_float16_causal,0.003795666420230437,fd_s16_paged,279.375,1071.773,2.8363239373601785,heuristic
4,32,0,flashdecoding_paged,nearest_measured,decode_B32_Lq1_Lkv32768+512x31_Hq32_Hkv8_d128_float16_causal,0.004743029598069434,fd_s16_paged,279.375,1071.773,2.8363239373601785,heuristic
5,32,0,flashdecoding_paged,nearest_measured,decode_B32_Lq1_Lkv32768+512x31_Hq32_Hkv8_d128_float16_causal,0.00568977303562143,fd_s16_paged,279.375,1071.773,2.8363239373601785,heuristic
6,32,0,flashdecoding_paged,nearest_measured,decode_B32_Lq1_Lkv32768+512x31_Hq32_Hkv8_d128_float16_causal,0.006635897545379088,fd_s16_paged,279.375,1071.773,2.8363239373601785,heuristic
7,32,0,flashdecoding_paged,nearest_measured,decode_B32_Lq1_Lkv32768+512x31_Hq32_Hkv8_d128_float16_causal,0.007581403938243524,fd_s16_paged,279.375,1071.773,2.8363239373601785,heuristic
8,32,0,flashdecoding_paged,nearest_measured,decode_B32_Lq1_Lkv32768+512x31_Hq32_Hkv8_d128_float16_causal,0.008526293023519397,fd_s16_paged,279.375,1071.773,2.8363239373601785,heuristic
9,32,0,flashdecoding_paged,nearest_measured,decode_B32_Lq1_Lkv32768+512x31_Hq32_Hkv8_d128_float16_causal,0.009470565608928866,fd_s16_paged,279.375,1071.773,2.8363239373601785,heuristic
10,32,0,flashdecoding_paged,nearest_measured,decode_B32_Lq1_Lkv32768+512x31_Hq32_Hkv8_d128_float16_causal,0.010414222500606267,fd_s16_paged,279.375,1071.773,2.8363239373601785,heuristic
11,32,0,flashdecoding_paged,nearest_measured,decode_B32_Lq1_Lkv32768+512x31_Hq32_Hkv8_d128_float16_causal,0.011357264503109012,fd_s16_paged,279.375,1071.773,2.8363239373601785,heuristic
12,32,0,flashdecoding_paged,nearest_measured,decode_B32_Lq1_Lkv32768+512x31_Hq32_Hkv8_d128_float16_causal,0.012299692419419035,fd_s16_paged,279.375,1071.773,2.8363239373601785,heuristic
13,32,0,flashdecoding_paged,nearest_measured,decode_B32_Lq1_Lkv32768+512x31_Hq32_Hkv8_d128_float16_causal,0.013241507050946847,fd_s16_paged,279.375,1071.773,2.8363239373601785,heuristic
14,32,0,flashdecoding_paged,nearest_measured,decode_B32_Lq1_Lkv32768+512x31_Hq32_Hkv8_d128_float16_causal,0.014182709197536026,fd_s16_paged,279.375,1071.773,2.8363239373601785,heuristic
15,32,0,flashdecoding_paged,nearest_measured,decode_B32_Lq1_Lkv32768+512x31_Hq32_Hkv8_d128_float16_causal,0.01512329965746583,fd_s16_paged,279.375,1071.773,2.8363239373601785,heuristic
16,32,0,flashdecoding_paged,nearest_measured,decode_B32_Lq1_Lkv32768+512x31_Hq32_Hkv8_d128_float16_causal,0.016063279227459745,fd_s16_paged,279.375,1071.773,2.8363239373601785,heuristic
17,32,0,flashdecoding_paged,nearest_measured,decode_B32_Lq1_Lkv32768+512x31_Hq32_Hkv8_d128_float16_causal,0.01700264870268362,fd_s16_paged,279.375,1071.773,2.8363239373601785,heuristic
18,32,0,flashdecoding_paged,nearest_measured,decode_B32_Lq1_Lkv32768+512x31_Hq32_Hkv8_d128_float16_causal,0.01794140887675277,fd_s16_paged,279.375,1071.773,2.8363239373601785,heuristic
19,32,0,flashdecoding_paged,nearest_measured,decode_B32_Lq1_Lkv32768+512x31_Hq32_Hkv8_d128_float16_causal,0.018879560541739348,fd_s16_paged,279.375,1071.773,2.8363239373601785,heuristic
20,32,0,flashdecoding_paged,nearest_measured,decode_B32_Lq1_Lkv32768+512x31_Hq32_Hkv8_d128_float16_causal,0.019817104488168435,fd_s16_paged,279.375,1071.773,2.8363239373601785,heuristic
21,32,0,flashdecoding_paged,nearest_measured,decode_B32_Lq1_Lkv32768+512x31_Hq32_Hkv8_d128_float16_causal,0.02075404150502736,fd_s16_paged,279.375,1071.773,2.8363239373601785,heuristic
22,32,0,flashdecoding_paged,nearest_measured,decode_B32_Lq1_Lkv32768+512x31_Hq32_Hkv8_d128_float16_causal,0.021690372379768647,fd_s16_paged,279.375,1071.773,2.8363239373601785,heuristic
23,32,0,flashdecoding_paged,nearest_measured,decode_B32_Lq1_Lkv32768+512x31_Hq32_Hkv8_d128_float16_causal,0.0226260978983178,fd_s16_paged,279.375,1071.773,2.8363239373601785,heuristic
24,32,0,flashdecoding_paged,nearest_measured,decode_B32_Lq1_Lkv32768+512x31_Hq32_Hkv8_d128_float16_causal,0.023561218845069076,fd_s16_paged,279.375,1071.773,2.8363239373601785,heuristic
25,32,0,flashdecoding_paged,nearest_measured,decode_B32_Lq1_Lkv32768+512x31_Hq32_Hkv8_d128_float16_causal,0.024495736002896822,fd_s16_paged,279.375,1071.773,2.8363239373601785,heuristic
26,32,0,flashdecoding_paged,nearest_measured,decode_B32_Lq1_Lkv32768+512x31_Hq32_Hkv8_d128_float16_causal,0.025429650153151333,fd_s16_paged,279.375,1071.773,2.8363239373601785,heuristic
27,32,0,flashdecoding_paged,nearest_measured,decode_B32_Lq1_Lkv32768+512x31_Hq32_Hkv8_d128_float16_causal,0.02636296207567515,fd_s16_paged,279.375,1071.773,2.8363239373601785,heuristic
28,32,0,flashdecoding_paged,nearest_measured,decode_B32_Lq1_Lkv32768+512x31_Hq32_Hkv8_d128_float16_causal,0.027295672548795905,fd_s16_paged,279.375,1071.773,2.8363239373601785,heuristic
29,32,0,flashdecoding_paged,nearest_measured,decode_B32_Lq1_Lkv32768+512x31_Hq32_Hkv8_d128_float16_causal,0.028227782349333486,fd_s16_paged,279.375,1071.773,2.8363239373601785,heuristic
30,32,0,flashdecoding_paged,nearest_measured,decode_B32_Lq1_Lkv32768+512x31_Hq32_Hkv8_d128_float16_causal,0.02915929225260513,fd_s16_paged,279.375,1071.773,2.8363239373601785,heuristic
31,32,0,flashdecoding_paged,nearest_measured,decode_B32_Lq1_Lkv32768+512x31_Hq32_Hkv8_d128_float16_causal,0.030090203032431068,fd_s16_paged,279.375,1071.773,2.8363239373601785,heuristic
32,32,0,flashdecoding_paged,nearest_measured,decode_B32_Lq1_Lkv32768+512x31_Hq32_Hkv8_d128_float16_causal,0.031020515461134206,fd_s16_paged,279.375,1071.773,2.8363239373601785,heuristic
33,32,0,flashdecoding_paged,nearest_measured,decode_B32_Lq1_Lkv32768+512x31_Hq32_Hkv8_d128_float16_causal,0.03195023030954392,fd_s16_paged,279.375,1071.773,2.8363239373601785,heuristic
34,32,0,flashdecoding_paged,nearest_measured,decode_B32_Lq1_Lkv32768+512x31_Hq32_Hkv8_d128_float16_causal,0.03287934834700317,fd_s16_paged,279.375,1071.773,2.8363239373601785,heuristic
35,32,0,flashdecoding_paged,nearest_measured,decode_B32_Lq1_Lkv32768+512x31_Hq32_Hkv8_d128_float16_causal,0.03380787034137364,fd_s16_paged,279.375,1071.773,2.8363239373601785,heuristic
36,32,0,flashdecoding_paged,nearest_measured,decode_B32_Lq1_Lkv32768+512x31_Hq32_Hkv8_d128_float16_causal,0.03473579705903221,fd_s16_paged,279.375,1071.773,2.8363239373601785,heuristic
37,32,0,flashdecoding_paged,nearest_measured,decode_B32_Lq1_Lkv32768+512x31_Hq32_Hkv8_d128_float16_causal,0.03566312926488177,fd_s16_paged,279.375,1071.773,2.8363239373601785,heuristic
38,32,0,flashdecoding_paged,nearest_measured,decode_B32_Lq1_Lkv32768+512x31_Hq32_Hkv8_d128_float16_causal,0.03658986772235484,fd_s16_paged,279.375,1071.773,2.8363239373601785,heuristic
39,32,0,flashdecoding_paged,nearest_measured,decode_B32_Lq1_Lkv32768+512x31_Hq32_Hkv8_d128_float16_causal,0.03751601319340955,fd_s16_paged,279.375,1071.773,2.8363239373601785,heuristic
40,32,0,flashdecoding_paged,nearest_measured,decode_B32_Lq1_Lkv32768+512x31_Hq32_Hkv8_d128_float16_causal,0.038441566438544336,fd_s16_paged,279.375,1071.773,2.8363239373601785,heuristic
41,32,0,flashdecoding_paged,nearest_measured,decode_B32_Lq1_Lkv32768+512x31_Hq32_Hkv8_d128_float16_causal,0.03936652821679426,fd_s16_paged,279.375,1071.773,2.8363239373601785,heuristic
42,32,0,flashdecoding_paged,nearest_measured,decode_B32_Lq1_Lkv32768+512x31_Hq32_Hkv8_d128_float16_causal,0.0402908992857344,fd_s16_paged,279.375,1071.773,2.8363239373601785,heuristic
43,32,0,flashdecoding_paged,nearest_measured,decode_B32_Lq1_Lkv32768+512x31_Hq32_Hkv8_d128_float16_causal,0.04121468040149262,fd_s16_paged,279.375,1071.773,2.8363239373601785,heuristic
44,32,0,flashdecoding_paged,nearest_measured,decode_B32_Lq1_Lkv32768+512x31_Hq32_Hkv8_d128_float16_causal,0.042137872318736516,fd_s16_paged,279.375,1071.773,2.8363239373601785,heuristic
45,32,0,flashdecoding_paged,nearest_measured,decode_B32_Lq1_Lkv32768+512x31_Hq32_Hkv8_d128_float16_causal,0.04306047579069909,fd_s16_paged,279.375,1071.773,2.8363239373601785,heuristic
46,32,0,flashdecoding_paged,nearest_measured,decode_B32_Lq1_Lkv32768+512x31_Hq32_Hkv8_d128_float16_causal,0.043982491569160426,fd_s16_paged,279.375,1071.773,2.8363239373601785,heuristic
47,32,0,flashdecoding_paged,nearest_measured,decode_B32_Lq1_Lkv32768+512x31_Hq32_Hkv8_d128_float16_causal,0.044903920404467286,fd_s16_paged,279.375,1071.773,2.8363239373601785,heuristic
48,32,0,flashdecoding_paged,nearest_measured,decode_B32_Lq1_Lkv32768+512x31_Hq32_Hkv8_d128_float16_causal,0.04582476304553153,fd_s16_paged,279.375,1071.773,2.8363239373601785,heuristic
49,32,0,flashdecoding_paged,nearest_measured,decode_B32_Lq1_Lkv32768+512x31_Hq32_Hkv8_d128_float16_causal,0.046745020239828315,fd_s16_paged,279.375,1071.773,2.8363239373601785,heuristic
50,32,0,flashdecoding_paged,nearest_measured,decode_B32_Lq1_Lkv32768+512x31_Hq32_Hkv8_d128_float16_causal,0.047664692733408294,fd_s16_paged,279.375,1071.773,2.8363239373601785,heuristic
51,32,0,flashdecoding_paged,nearest_measured,decode_B32_Lq1_Lkv32768+512x31_Hq32_Hkv8_d128_float16_causal,0.04858378127089971,fd_s16_paged,279.375,1071.773,2.8363239373601785,heuristic
52,32,0,flashdecoding_paged,nearest_measured,decode_B32_Lq1_Lkv32768+512x31_Hq32_Hkv8_d128_float16_causal,0.049502286595506304,fd_s16_paged,279.375,1071.773,2.8363239373601785,heuristic
53,32,0,flashdecoding_paged,nearest_measured,decode_B32_Lq1_Lkv32768+512x31_Hq32_Hkv8_d128_float16_causal,0.05042020944901465,fd_s16_paged,279.375,1071.773,2.8363239373601785,heuristic
54,32,0,flashdecoding_paged,nearest_measured,decode_B32_Lq1_Lkv32768+512x31_Hq32_Hkv8_d128_float16_causal,0.05133755057179942,fd_s16_paged,279.375,1071.773,2.8363239373601785,heuristic
55,32,0,flashdecoding_paged,nearest_measured,decode_B32_Lq1_Lkv32768+512x31_Hq32_Hkv8_d128_float16_causal,0.05225431070282515,fd_s16_paged,279.375,1071.773,2.8363239373601785,heuristic
56,32,0,flashdecoding_paged,nearest_measured,decode_B32_Lq1_Lkv32768+512x31_Hq32_Hkv8_d128_float16_causal,0.05317049057965156,fd_s16_paged,279.375,1071.773,2.8363239373601785,heuristic
57,32,0,flashdecoding_paged,nearest_measured,decode_B32_Lq1_Lkv32768+512x31_Hq32_Hkv8_d128_float16_causal,0.05408609093843001,fd_s16_paged,279.375,1071.773,2.8363239373601785,heuristic
58,32,0,flashdecoding_paged,nearest_measured,decode_B32_Lq1_Lkv32768+512x31_Hq32_Hkv8_d128_float16_causal,0.0550011125139195,fd_s16_paged,279.375,1071.773,2.8363239373601785,heuristic
59,32,0,flashdecoding_paged,nearest_measured,decode_B32_Lq1_Lkv32768+512x31_Hq32_Hkv8_d128_float16_causal,0.055915556039477766,fd_s16_paged,279.375,1071.773,2.8363239373601785,heuristic
60,32,0,flashdecoding_paged,nearest_measured,decode_B32_Lq1_Lkv32768+512x31_Hq32_Hkv8_d128_float16_causal,0.05682942224707186,fd_s16_paged,279.375,1071.773,2.8363239373601785,heuristic
61,32,0,flashdecoding_paged,nearest_measured,decode_B32_Lq1_Lkv32768+512x31_Hq32_Hkv8_d128_float16_causal,0.05774271186728372,fd_s16_paged,279.375,1071.773,2.8363239373601785,heuristic
62,32,0,flashdecoding_paged,nearest_measured,decode_B32_Lq1_Lkv32768+512x31_Hq32_Hkv8_d128_float16_causal,0.05865542562930455,fd_s16_paged,279.375,1071.773,2.8363239373601785,heuristic
0,32,16,fd_s16_paged,nearest_measured,decode_B32_Lq1_Lkv32768+512x31_Hq32_Hkv8_d128_float16_causal,0.0009498502960075871,fd_s16_paged,279.375,279.375,0.0,table
1,32,16,fd_s16_paged,nearest_measured,decode_B32_Lq1_Lkv32768+512x31_Hq32_Hkv8_d128_float16_causal,0.001899077585703147,fd_s16_paged,279.375,279.375,0.0,table
2,32,16,fd_s16_paged,nearest_measured,decode_B32_Lq1_Lkv32768+512x31_Hq32_Hkv8_d128_float16_causal,0.00284768268800838,fd_s16_paged,279.375,279.375,0.0,table
3,32,16,fd_s16_paged,nearest_measured,decode_B32_Lq1_Lkv32768+512x31_Hq32_Hkv8_d128_float16_causal,0.003795666420230437,fd_s16_paged,279.375,279.375,0.0,table
4,32,16,fd_s16_paged,nearest_measured,decode_B32_Lq1_Lkv32768+512x31_Hq32_Hkv8_d128_float16_causal,0.004743029598069434,fd_s16_paged,279.375,279.375,0.0,table
5,32,16,fd_s16_paged,nearest_measured,decode_B32_Lq1_Lkv32768+512x31_Hq32_Hkv8_d128_float16_causal,0.00568977303562143,fd_s16_paged,279.375,279.375,0.0,table
6,32,16,fd_s16_paged,nearest_measured,decode_B32_Lq1_Lkv32768+512x31_Hq32_Hkv8_d128_float16_causal,0.006635897545379088,fd_s16_paged,279.375,279.375,0.0,table
7,32,16,fd_s16_paged,nearest_measured,decode_B32_Lq1_Lkv32768+512x31_Hq32_Hkv8_d128_float16_causal,0.007581403938243524,fd_s16_paged,279.375,279.375,0.0,table
8,32,16,fd_s16_paged,nearest_measured,decode_B32_Lq1_Lkv32768+512x31_Hq32_Hkv8_d128_float16_causal,0.008526293023519397,fd_s16_paged,279.375,279.375,0.0,table
9,32,16,fd_s16_paged,nearest_measured,decode_B32_Lq1_Lkv32768+512x31_Hq32_Hkv8_d128_float16_causal,0.009470565608928866,fd_s16_paged,279.375,279.375,0.0,table
10,32,16,fd_s16_paged,nearest_measured,decode_B32_Lq1_Lkv32768+512x31_Hq32_Hkv8_d128_float16_causal,0.010414222500606267,fd_s16_paged,279.375,279.375,0.0,table
11,32,16,fd_s16_paged,nearest_measured,decode_B32_Lq1_Lkv32768+512x31_Hq32_Hkv8_d128_float16_causal,0.011357264503109012,fd_s16_paged,279.375,279.375,0.0,table
12,32,16,fd_s16_paged,nearest_measured,decode_B32_Lq1_Lkv32768+512x31_Hq32_Hkv8_d128_float16_causal,0.012299692419419035,fd_s16_paged,279.375,279.375,0.0,table
13,32,16,fd_s16_paged,nearest_measured,decode_B32_Lq1_Lkv32768+512x31_Hq32_Hkv8_d128_float16_causal,0.013241507050946847,fd_s16_paged,279.375,279.375,0.0,table
14,32,16,fd_s16_paged,nearest_measured,decode_B32_Lq1_Lkv32768+512x31_Hq32_Hkv8_d128_float16_causal,0.014182709197536026,fd_s16_paged,279.375,279.375,0.0,table
15,32,16,fd_s16_paged,nearest_measured,decode_B32_Lq1_Lkv32768+512x31_Hq32_Hkv8_d128_float16_causal,0.01512329965746583,fd_s16_paged,279.375,279.375,0.0,table
16,32,16,fd_s16_paged,nearest_measured,decode_B32_Lq1_Lkv32768+512x31_Hq32_Hkv8_d128_float16_causal,0.016063279227459745,fd_s16_paged,279.375,279.375,0.0,table
17,32,16,fd_s16_paged,nearest_measured,decode_B32_Lq1_Lkv32768+512x31_Hq32_Hkv8_d128_float16_causal,0.01700264870268362,fd_s16_paged,279.375,279.375,0.0,table
18,32,16,fd_s16_paged,nearest_measured,decode_B32_Lq1_Lkv32768+512x31_Hq32_Hkv8_d128_float16_causal,0.01794140887675277,fd_s16_paged,279.375,279.375,0.0,table
19,32,16,fd_s16_paged,nearest_measured,decode_B32_Lq1_Lkv32768+512x31_Hq32_Hkv8_d128_float16_causal,0.018879560541739348,fd_s16_paged,279.375,279.375,0.0,table
20,32,16,fd_s16_paged,nearest_measured,decode_B32_Lq1_Lkv32768+512x31_Hq32_Hkv8_d128_float16_causal,0.019817104488168435,fd_s16_paged,279.375,279.375,0.0,table
21,32,16,fd_s16_paged,nearest_measured,decode_B32_Lq1_Lkv32768+512x31_Hq32_Hkv8_d128_float16_causal,0.02075404150502736,fd_s16_paged,279.375,279.375,0.0,table
22,32,16,fd_s16_paged,nearest_measured,decode_B32_Lq1_Lkv32768+512x31_Hq32_Hkv8_d128_float16_causal,0.021690372379768647,fd_s16_paged,279.375,279.375,0.0,table
23,32,16,fd_s16_paged,nearest_measured,decode_B32_Lq1_Lkv32768+512x31_Hq32_Hkv8_d128_float16_causal,0.0226260978983178,fd_s16_paged,279.375,279.375,0.0,table
24,32,16,fd_s16_paged,nearest_measured,decode_B32_Lq1_Lkv32768+512x31_Hq32_Hkv8_d128_float16_causal,0.023561218845069076,fd_s16_paged,279.375,279.375,0.0,table
25,32,16,fd_s16_paged,nearest_measured,decode_B32_Lq1_Lkv32768+512x31_Hq32_Hkv8_d128_float16_causal,0.024495736002896822,fd_s16_paged,279.375,279.375,0.0,table
26,32,16,fd_s16_paged,nearest_measured,decode_B32_Lq1_Lkv32768+512x31_Hq32_Hkv8_d128_float16_causal,0.025429650153151333,fd_s16_paged,279.375,279.375,0.0,table
27,32,16,fd_s16_paged,nearest_measured,decode_B32_Lq1_Lkv32768+512x31_Hq32_Hkv8_d128_float16_causal,0.02636296207567515,fd_s16_paged,279.375,279.375,0.0,table
28,32,16,fd_s16_paged,nearest_measured,decode_B32_Lq1_Lkv32768+512x31_Hq32_Hkv8_d128_float16_causal,0.027295672548795905,fd_s16_paged,279.375,279.375,0.0,table
29,32,16,fd_s16_paged,nearest_measured,decode_B32_Lq1_Lkv32768+512x31_Hq32_Hkv8_d128_float16_causal,0.028227782349333486,fd_s16_paged,279.375,279.375,0.0,table
30,32,16,fd_s16_paged,nearest_measured,decode_B32_Lq1_Lkv32768+512x31_Hq32_Hkv8_d128_float16_causal,0.02915929225260513,fd_s16_paged,279.375,279.375,0.0,table
31,32,16,fd_s16_paged,nearest_measured,decode_B32_Lq1_Lkv32768+512x31_Hq32_Hkv8_d128_float16_causal,0.030090203032431068,fd_s16_paged,279.375,279.375,0.0,table
32,32,16,fd_s16_paged,nearest_measured,decode_B32_Lq1_Lkv32768+512x31_Hq32_Hkv8_d128_float16_causal,0.031020515461134206,fd_s16_paged,279.375,279.375,0.0,table
33,32,16,fd_s16_paged,nearest_measured,decode_B32_Lq1_Lkv32768+512x31_Hq32_Hkv8_d128_float16_causal,0.03195023030954392,fd_s16_paged,279.375,279.375,0.0,table
34,32,16,fd_s16_paged,nearest_measured,decode_B32_Lq1_Lkv32768+512x31_Hq32_Hkv8_d128_float16_causal,0.03287934834700317,fd_s16_paged,279.375,279.375,0.0,table
35,32,16,fd_s16_paged,nearest_measured,decode_B32_Lq1_Lkv32768+512x31_Hq32_Hkv8_d128_float16_causal,0.03380787034137364,fd_s16_paged,279.375,279.375,0.0,table
36,32,16,fd_s16_paged,nearest_measured,decode_B32_Lq1_Lkv32768+512x31_Hq32_Hkv8_d128_float16_causal,0.03473579705903221,fd_s16_paged,279.375,279.375,0.0,table
37,32,16,fd_s16_paged,nearest_measured,decode_B32_Lq1_Lkv32768+512x31_Hq32_Hkv8_d128_float16_causal,0.03566312926488177,fd_s16_paged,279.375,279.375,0.0,table
38,32,16,fd_s16_paged,nearest_measured,decode_B32_Lq1_Lkv32768+512x31_Hq32_Hkv8_d128_float16_causal,0.03658986772235484,fd_s16_paged,279.375,279.375,0.0,table
39,32,16,fd_s16_paged,nearest_measured,decode_B32_Lq1_Lkv32768+512x31_Hq32_Hkv8_d128_float16_causal,0.03751601319340955,fd_s16_paged,279.375,279.375,0.0,table
40,32,16,fd_s16_paged,nearest_measured,decode_B32_Lq1_Lkv32768+512x31_Hq32_Hkv8_d128_float16_causal,0.038441566438544336,fd_s16_paged,279.375,279.375,0.0,table
41,32,16,fd_s16_paged,nearest_measured,decode_B32_Lq1_Lkv32768+512x31_Hq32_Hkv8_d128_float16_causal,0.03936652821679426,fd_s16_paged,279.375,279.375,0.0,table
42,32,16,fd_s16_paged,nearest_measured,decode_B32_Lq1_Lkv32768+512x31_Hq32_Hkv8_d128_float16_causal,0.0402908992857344,fd_s16_paged,279.375,279.375,0.0,table
43,32,16,fd_s16_paged,nearest_measured,decode_B32_Lq1_Lkv32768+512x31_Hq32_Hkv8_d128_float16_causal,0.04121468040149262,fd_s16_paged,279.375,279.375,0.0,table
44,32,16,fd_s16_paged,nearest_measured,decode_B32_Lq1_Lkv32768+512x31_Hq32_Hkv8_d128_float16_causal,0.042137872318736516,fd_s16_paged,279.375,279.375,0.0,table
45,32,16,fd_s16_paged,nearest_measured,decode_B32_Lq1_Lkv32768+512x31_Hq32_Hkv8_d128_float16_causal,0.04306047579069909,fd_s16_paged,279.375,279.375,0.0,table
46,32,16,fd_s16_paged,nearest_measured,decode_B32_Lq1_Lkv32768+512x31_Hq32_Hkv8_d128_float16_causal,0.043982491569160426,fd_s16_paged,279.375,279.375,0.0,table
47,32,16,fd_s16_paged,nearest_measured,decode_B32_Lq1_Lkv32768+512x31_Hq32_Hkv8_d128_float16_causal,0.044903920404467286,fd_s16_paged,279.375,279.375,0.0,table
48,32,16,fd_s16_paged,nearest_measured,decode_B32_Lq1_Lkv32768+512x31_Hq32_Hkv8_d128_float16_causal,0.04582476304553153,fd_s16_paged,279.375,279.375,0.0,table
49,32,16,fd_s16_paged,nearest_measured,decode_B32_Lq1_Lkv32768+512x31_Hq32_Hkv8_d128_float16_causal,0.046745020239828315,fd_s16_paged,279.375,279.375,0.0,table
50,32,16,fd_s16_paged,nearest_measured,decode_B32_Lq1_Lkv32768+512x31_Hq32_Hkv8_d128_float16_causal,0.047664692733408294,fd_s16_paged,279.375,279.375,0.0,table
51,32,16,fd_s16_paged,nearest_measured,decode_B32_Lq1_Lkv32768+512x31_Hq32_Hkv8_d128_float16_causal,0.04858378127089971,fd_s16_paged,279.375,279.375,0.0,table
52,32,16,fd_s16_paged,nearest_measured,decode_B32_Lq1_Lkv32768+512x31_Hq32_Hkv8_d128_float16_causal,0.049502286595506304,fd_s16_paged,279.375,279.375,0.0,table
53,32,16,fd_s16_paged,nearest_measured,decode_B32_Lq1_Lkv32768+512x31_Hq32_Hkv8_d128_float16_causal,0.05042020944901465,fd_s16_paged,279.375,279.375,0.0,table
54,32,16,fd_s16_paged,nearest_measured,decode_B32_Lq1_Lkv32768+512x31_Hq32_Hkv8_d128_float16_causal,0.05133755057179942,fd_s16_paged,279.375,279.375,0.0,table
55,32,16,fd_s16_paged,nearest_measured,decode_B32_Lq1_Lkv32768+512x31_Hq32_Hkv8_d128_float16_causal,0.05225431070282515,fd_s16_paged,279.375,279.375,0.0,table
56,32,16,fd_s16_paged,nearest_measured,decode_B32_Lq1_Lkv32768+512x31_Hq32_Hkv8_d128_float16_causal,0.05317049057965156,fd_s16_paged,279.375,279.375,0.0,table
57,32,16,fd_s16_paged,nearest_measured,decode_B32_Lq1_Lkv32768+512x31_Hq32_Hkv8_d128_float16_causal,0.05408609093843001,fd_s16_paged,279.375,279.375,0.0,table
58,32,16,fd_s16_paged,nearest_measured,decode_B32_Lq1_Lkv32768+512x31_Hq32_Hkv8_d128_float16_causal,0.0550011125139195,fd_s16_paged,279.375,279.375,0.0,table
59,32,16,fd_s16_paged,nearest_measured,decode_B32_Lq1_Lkv32768+512x31_Hq32_Hkv8_d128_float16_causal,0.055915556039477766,fd_s16_paged,279.375,279.375,0.0,table
60,32,16,fd_s16_paged,nearest_measured,decode_B32_Lq1_Lkv32768+512x31_Hq32_Hkv8_d128_float16_causal,0.05682942224707186,fd_s16_paged,279.375,279.375,0.0,table
61,32,16,fd_s16_paged,nearest_measured,decode_B32_Lq1_Lkv32768+512x31_Hq32_Hkv8_d128_float16_causal,0.05774271186728372,fd_s16_paged,279.375,279.375,0.0,table
62,32,16,fd_s16_paged,nearest_measured,decode_B32_Lq1_Lkv32768+512x31_Hq32_Hkv8_d128_float16_causal,0.05865542562930455,fd_s16_paged,279.375,279.375,0.0,table
