finite,argmax_equal,reference_top1,candidate_top1,reference_top1_margin,candidate_top1_margin,reference_tied_top1,max_abs_logit_diff,mean_abs_logit_diff,cosine_similarity,candidate_token_rank_in_reference,reference_gap_to_candidate_token,guaranteed_stable_by_linf_bound,step,rid,position,forced_input_token,num_splits,policy,reference
True,True,16,16,0.0,0.0,True,0.125,0.022029902786016464,0.9999185800552368,1,0.0,False,0,0,1,220,8,fixed8,heuristic
True,True,198,198,0.0,0.0,True,0.09375,0.009487025439739227,0.9999393224716187,1,0.0,False,0,1,1,43590,8,fixed8,heuristic
True,True,17,17,0.0625,0.0625,False,0.09375,0.019398365169763565,0.999950647354126,1,0.0,False,0,2,1,220,8,fixed8,heuristic
True,True,16,16,0.0,0.0,True,0.09375,0.01781143806874752,0.9999411106109619,1,0.0,False,0,3,1,220,8,fixed8,heuristic
True,True,17,17,0.125,0.125,False,0.15625,0.030637092888355255,0.9998582601547241,1,0.0,False,0,4,1,220,8,fixed8,heuristic
True,True,8,8,0.6875,0.6875,False,0.0625,0.008614112623035908,0.9999613165855408,1,0.0,True,0,5,1,6318,8,fixed8,heuristic
True,True,16,16,0.1875,0.1875,False,0.09375,0.016637438908219337,0.999963104724884,1,0.0,False,0,6,1,220,8,fixed8,heuristic
True,True,16,16,0.1875,0.1875,False,0.109375,0.02894284762442112,0.9998965263366699,1,0.0,False,0,7,1,220,8,fixed8,heuristic
True,True,8,8,0.625,0.5625,False,0.078125,0.019030582159757614,0.9998090267181396,1,0.0,True,0,8,1,1975,8,fixed8,heuristic
True,True,16,16,0.125,0.125,False,0.09765625,0.01997407339513302,0.9999176263809204,1,0.0,False,0,9,1,220,8,fixed8,heuristic
True,True,220,220,1.28125,1.28125,False,0.0625,0.011092744767665863,0.9999157786369324,1,0.0,True,0,10,1,424,8,fixed8,heuristic
True,True,16,16,0.0625,0.0625,False,0.1875,0.02902711182832718,0.9999246001243591,1,0.0,False,0,11,1,220,8,fixed8,heuristic
True,True,220,220,0.65625,0.625,False,0.09375,0.012614281848073006,0.9999326467514038,1,0.0,True,0,12,1,50,8,fixed8,heuristic
True,True,82,82,0.0625,0.0625,False,0.078125,0.013621468096971512,0.9999382495880127,1,0.0,False,0,13,1,13,8,fixed8,heuristic
True,True,1718,1718,0.9375,0.96875,False,0.078125,0.010691487230360508,0.9999433159828186,1,0.0,True,0,14,1,16444,8,fixed8,heuristic
True,True,220,220,1.71875,1.6875,False,0.06640625,0.016903283074498177,0.9998781681060791,1,0.0,True,0,15,1,60,8,fixed8,heuristic
True,True,220,220,1.15625,1.125,False,0.05078125,0.009245820343494415,0.9999374151229858,1,0.0,True,0,16,1,398,8,fixed8,heuristic
True,True,220,220,2.375,2.375,False,0.0625,0.008793361485004425,0.9999657869338989,1,0.0,True,0,17,1,29,8,fixed8,heuristic
True,True,220,220,0.125,0.125,False,0.078125,0.0150051424279809,0.9999086856842041,1,0.0,False,0,18,1,198,8,fixed8,heuristic
True,True,198,198,0.3125,0.34375,False,0.09375,0.014909741468727589,0.9998412132263184,1,0.0,True,0,19,1,17787,8,fixed8,heuristic
True,True,14,14,0.875,0.875,False,0.0625,0.009543158113956451,0.9999514222145081,1,0.0,True,0,20,1,874,8,fixed8,heuristic
True,True,16,16,0.1875,0.1875,False,0.09375,0.016708185896277428,0.999958336353302,1,0.0,False,0,21,1,220,8,fixed8,heuristic
True,True,16,16,0.3125,0.3125,False,0.125,0.026676367968320847,0.9998926520347595,1,0.0,True,0,22,1,220,8,fixed8,heuristic
True,True,220,220,0.84375,0.875,False,0.0625,0.01266463566571474,0.9999180436134338,1,0.0,True,0,23,1,658,8,fixed8,heuristic
True,True,220,220,1.90625,1.90625,False,0.09375,0.012687701731920242,0.9999458193778992,1,0.0,True,0,24,1,1,8,fixed8,heuristic
True,True,220,220,0.59375,0.5625,False,0.078125,0.01698440872132778,0.9998307228088379,1,0.0,True,0,25,1,82,8,fixed8,heuristic
True,True,16,16,0.0625,0.0,False,0.109375,0.03139417991042137,0.9998937845230103,1,0.0,False,0,26,1,220,8,fixed8,heuristic
True,True,17,17,0.125,0.0625,False,0.1875,0.031877920031547546,0.9998792409896851,1,0.0,False,0,27,1,220,8,fixed8,heuristic
True,True,16,16,0.1875,0.25,False,0.09375,0.013424801640212536,0.9999606013298035,1,0.0,False,0,28,1,220,8,fixed8,heuristic
True,True,220,220,1.46875,1.4375,False,0.0625,0.01815948076546192,0.99982088804245,1,0.0,True,0,29,1,273,8,fixed8,heuristic
True,True,487,487,0.0,0.0625,True,0.078125,0.011457450687885284,0.9999335408210754,1,0.0,False,0,30,1,1663,8,fixed8,heuristic
True,True,445,445,0.375,0.375,False,0.125,0.020804135128855705,0.999948263168335,1,0.0,True,0,31,1,6960,8,fixed8,heuristic
True,True,15,15,0.1875,0.1875,False,0.078125,0.016595149412751198,0.9998879432678223,1,0.0,True,1,0,2,16,8,fixed8,heuristic
True,True,220,220,0.75,0.75,False,0.09375,0.016848249360919,0.9999051094055176,1,0.0,True,1,1,2,198,8,fixed8,heuristic
True,True,15,15,1.5625,1.5,False,0.09375,0.01595868170261383,0.9998868703842163,1,0.0,True,1,2,2,17,8,fixed8,heuristic
True,True,15,15,0.5,0.5,False,0.125,0.03837817534804344,0.9995234608650208,1,0.0,True,1,3,2,16,8,fixed8,heuristic
True,True,15,15,2.25,2.3125,False,0.078125,0.01600886695086956,0.9998895525932312,1,0.0,True,1,4,2,17,8,fixed8,heuristic
True,True,220,220,1.75,1.8125,False,0.109375,0.011913926340639591,0.9999226927757263,1,0.0,True,1,5,2,8,8,fixed8,heuristic
True,True,15,15,0.25,0.25,False,0.0625,0.011438517831265926,0.999933123588562,1,0.0,True,1,6,2,16,8,fixed8,heuristic
True,True,15,15,0.3125,0.3125,False,0.09375,0.013845246285200119,0.9999200105667114,1,0.0,True,1,7,2,16,8,fixed8,heuristic
True,True,220,220,1.5,1.46875,False,0.078125,0.011480972170829773,0.9999292492866516,1,0.0,True,1,8,2,8,8,fixed8,heuristic
True,True,15,15,0.3125,0.3125,False,0.078125,0.01078101061284542,0.9999368190765381,1,0.0,True,1,9,2,16,8,fixed8,heuristic
True,True,16,16,0.125,0.125,False,0.1015625,0.023201147094368935,0.9999160766601562,1,0.0,False,1,10,2,220,8,fixed8,heuristic
True,True,15,15,0.5,0.5,False,0.125,0.02916322834789753,0.9997037649154663,1,0.0,True,1,11,2,16,8,fixed8,heuristic
True,True,16,16,0.0,0.0,True,0.078125,0.011888353154063225,0.9999629259109497,1,0.0,False,1,12,2,220,8,fixed8,heuristic
True,True,2577,2577,0.1875,0.1875,False,0.078125,0.013092887587845325,0.999956488609314,1,0.0,True,1,13,2,82,8,fixed8,heuristic
True,True,220,220,0.78125,0.78125,False,0.0625,0.009804917499423027,0.9999479055404663,1,0.0,True,1,14,2,1718,8,fixed8,heuristic
True,True,16,16,0.125,0.1875,False,0.09375,0.01446226891130209,0.9999639987945557,1,0.0,False,1,15,2,220,8,fixed8,heuristic
True,True,16,16,0.1875,0.125,False,0.09375,0.01676473207771778,0.9999518990516663,1,0.0,False,1,16,2,220,8,fixed8,heuristic
True,True,16,16,0.0,0.0,True,0.109375,0.016978392377495766,0.9999305009841919,1,0.0,False,1,17,2,220,8,fixed8,heuristic
True,True,16,16,0.375,0.375,False,0.125,0.028855659067630768,0.9998999834060669,1,0.0,True,1,18,2,220,8,fixed8,heuristic
True,True,13874,13874,0.5625,0.5625,False,0.09375,0.01698221266269684,0.9999262690544128,1,0.0,True,1,19,2,198,8,fixed8,heuristic
True,True,220,220,0.3125,0.28125,False,0.0625,0.010066443122923374,0.9999548196792603,1,0.0,True,1,20,2,14,8,fixed8,heuristic
True,True,15,15,0.25,0.25,False,0.0703125,0.012275210581719875,0.9999333620071411,1,0.0,True,1,21,2,16,8,fixed8,heuristic
True,True,15,15,0.375,0.4375,False,0.078125,0.019969727843999863,0.999849259853363,1,0.0,True,1,22,2,16,8,fixed8,heuristic
True,True,16,16,0.0,0.0,True,0.125,0.03190527856349945,0.9998569488525391,1,0.0,False,1,23,2,220,8,fixed8,heuristic
True,True,17,17,0.1875,0.25,False,0.21875,0.040852949023246765,0.9997833371162415,1,0.0,False,1,24,2,220,8,fixed8,heuristic
True,True,16,16,0.3125,0.3125,False,0.125,0.01674816943705082,0.9999536275863647,1,0.0,True,1,25,2,220,8,fixed8,heuristic
True,True,15,15,0.375,0.375,False,0.0703125,0.0116610461845994,0.9999332427978516,1,0.0,True,1,26,2,16,8,fixed8,heuristic
True,True,15,15,1.9375,1.9375,False,0.0625,0.01099124550819397,0.9999406337738037,1,0.0,True,1,27,2,17,8,fixed8,heuristic
True,True,15,15,0.1875,0.125,False,0.08984375,0.025022437795996666,0.9997658133506775,1,0.0,True,1,28,2,16,8,fixed8,heuristic
True,True,16,16,0.0,0.0,True,0.125,0.044716138392686844,0.9997968077659607,1,0.0,False,1,29,2,220,8,fixed8,heuristic
True,True,220,220,0.8125,0.75,False,0.0625,0.011977930553257465,0.999924898147583,1,0.0,True,1,30,2,487,8,fixed8,heuristic
True,True,27510,27510,0.5625,0.5625,False,0.09375,0.01661592535674572,0.9999674558639526,1,0.0,True,1,31,2,445,8,fixed8,heuristic
True,True,15,15,1.375,1.3125,False,0.0625,0.009775065816938877,0.9999492168426514,1,0.0,True,2,0,3,15,8,fixed8,heuristic
True,True,16,16,0.3125,0.3125,False,0.078125,0.012637816369533539,0.9999609589576721,1,0.0,True,2,1,3,220,8,fixed8,heuristic
True,True,17,17,1.125,1.1875,False,0.09375,0.023353727534413338,0.9998226165771484,1,0.0,True,2,2,3,15,8,fixed8,heuristic
True,True,15,15,1.8125,1.8125,False,0.0625,0.010192768648266792,0.9999523758888245,1,0.0,True,2,3,3,15,8,fixed8,heuristic
True,True,17,17,1.1875,1.1875,False,0.078125,0.011279105208814144,0.9999329447746277,1,0.0,True,2,4,3,15,8,fixed8,heuristic
True,True,16,16,0.0,0.0,True,0.15625,0.03039049170911312,0.9998656511306763,1,0.0,False,2,5,3,220,8,fixed8,heuristic
True,True,15,15,1.625,1.6875,False,0.0625,0.010813262313604355,0.999940812587738,1,0.0,True,2,6,3,15,8,fixed8,heuristic
True,True,15,15,1.75,1.8125,False,0.078125,0.01664014533162117,0.9998977184295654,1,0.0,True,2,7,3,15,8,fixed8,heuristic
True,True,17,17,0.3125,0.3125,False,0.15625,0.039857570081949234,0.9998289346694946,1,0.0,False,2,8,3,220,8,fixed8,heuristic
True,True,15,15,1.625,1.625,False,0.0625,0.01011477131396532,0.9999504685401917,1,0.0,True,2,9,3,15,8,fixed8,heuristic
True,True,15,15,0.4375,0.375,False,0.09375,0.019872216507792473,0.9998491406440735,1,0.0,True,2,10,3,16,8,fixed8,heuristic
True,True,15,15,1.5625,1.5625,False,0.0625,0.010727549903094769,0.9999397993087769,1,0.0,True,2,11,3,15,8,fixed8,heuristic
True,True,15,15,0.375,0.3125,False,0.0625,0.01113821566104889,0.9999446868896484,1,0.0,True,2,12,3,16,8,fixed8,heuristic
True,True,974,974,0.375,0.375,False,0.09375,0.013607773929834366,0.9999191761016846,1,0.0,True,2,13,3,2577,8,fixed8,heuristic
True,True,16,16,0.1875,0.125,False,0.125,0.01905815303325653,0.9999189376831055,1,0.0,False,2,14,3,220,8,fixed8,heuristic
True,True,15,15,0.1875,0.1875,False,0.072265625,0.012757993303239346,0.999920666217804,1,0.0,True,2,15,3,16,8,fixed8,heuristic
True,True,15,15,0.5,0.4375,False,0.078125,0.011839130893349648,0.999930739402771,1,0.0,True,2,16,3,16,8,fixed8,heuristic
True,True,15,15,0.375,0.3125,False,0.111328125,0.04174105450510979,0.9994320273399353,1,0.0,True,2,17,3,16,8,fixed8,heuristic
True,True,13,13,0.1875,0.1875,False,0.09375,0.01995980739593506,0.9998952746391296,1,0.0,False,2,18,3,16,8,fixed8,heuristic
True,True,3989,3989,0.125,0.125,False,0.25,0.03140963986515999,0.999788224697113,1,0.0,False,2,19,3,13874,8,fixed8,heuristic
True,True,17,17,0.0625,0.0625,False,0.12890625,0.027516763657331467,0.9998927116394043,1,0.0,False,2,20,3,220,8,fixed8,heuristic
True,True,15,15,1.4375,1.4375,False,0.125,0.01689935475587845,0.9998817443847656,1,0.0,True,2,21,3,15,8,fixed8,heuristic
True,True,15,15,1.5625,1.5,False,0.0654296875,0.01561759039759636,0.9999097585678101,1,0.0,True,2,22,3,15,8,fixed8,heuristic
True,True,15,15,0.3125,0.375,False,0.08203125,0.027671128511428833,0.999718189239502,1,0.0,True,2,23,3,16,8,fixed8,heuristic
True,True,15,15,2.0625,2.0,False,0.09375,0.01480321679264307,0.9999069571495056,1,0.0,True,2,24,3,17,8,fixed8,heuristic
True,True,15,15,0.25,0.1875,False,0.125,0.025234775617718697,0.99983149766922,1,0.0,False,2,25,3,16,8,fixed8,heuristic
True,True,15,15,1.5,1.4375,False,0.064453125,0.012181688100099564,0.999935507774353,1,0.0,True,2,26,3,15,8,fixed8,heuristic
True,True,17,17,1.0625,1.0625,False,0.078125,0.01338596735149622,0.9999205470085144,1,0.0,True,2,27,3,15,8,fixed8,heuristic
True,True,15,15,1.375,1.3125,False,0.0625,0.009521223604679108,0.9999498724937439,1,0.0,True,2,28,3,15,8,fixed8,heuristic
True,True,15,15,0.0625,0.0625,False,0.0703125,0.013634412549436092,0.9999119639396667,1,0.0,False,2,29,3,16,8,fixed8,heuristic
True,True,16,16,0.4375,0.4375,False,0.109375,0.018408529460430145,0.9999582171440125,1,0.0,True,2,30,3,220,8,fixed8,heuristic
True,True,2186,2186,0.0625,0.125,False,0.1875,0.017588716000318527,0.9999622702598572,1,0.0,False,2,31,3,27510,8,fixed8,heuristic
True,True,15,15,1.1875,1.1875,False,0.078125,0.014748034067451954,0.999905526638031,1,0.0,True,3,0,4,15,8,fixed8,heuristic
True,True,15,15,0.1875,0.1875,False,0.140625,0.03339141234755516,0.9997366666793823,1,0.0,False,3,1,4,16,8,fixed8,heuristic
True,True,19,19,0.375,0.375,False,0.15625,0.026673341169953346,0.9999071955680847,1,0.0,True,3,2,4,17,8,fixed8,heuristic
True,True,15,15,1.1875,1.125,False,0.078125,0.016982873901724815,0.9998855590820312,1,0.0,True,3,3,4,15,8,fixed8,heuristic
True,True,19,19,0.25,0.25,False,0.14453125,0.04447094723582268,0.9998243451118469,1,0.0,False,3,4,4,17,8,fixed8,heuristic
True,True,15,15,0.25,0.3125,False,0.083984375,0.026427561417222023,0.9997198581695557,1,0.0,True,3,5,4,16,8,fixed8,heuristic
True,True,15,15,1.25,1.25,False,0.0625,0.011206419207155704,0.999937117099762,1,0.0,True,3,6,4,15,8,fixed8,heuristic
True,True,15,15,1.0625,1.0625,False,0.09375,0.01269657164812088,0.9999315738677979,1,0.0,True,3,7,4,15,8,fixed8,heuristic
True,True,15,15,2.125,2.1875,False,0.0625,0.011781741864979267,0.9999410510063171,1,0.0,True,3,8,4,17,8,fixed8,heuristic
True,True,15,15,0.9375,1.0,False,0.0703125,0.017810828983783722,0.9998692274093628,1,0.0,True,3,9,4,15,8,fixed8,heuristic
True,True,15,15,1.9375,1.875,False,0.125,0.013555265963077545,0.9999346733093262,1,0.0,True,3,10,4,15,8,fixed8,heuristic
True,True,15,15,1.0,1.0,False,0.0625,0.009754404425621033,0.9999544024467468,1,0.0,True,3,11,4,15,8,fixed8,heuristic
True,True,15,15,1.5625,1.5625,False,0.0859375,0.022738119587302208,0.999830961227417,1,0.0,True,3,12,4,15,8,fixed8,heuristic
True,True,220,220,0.4375,0.4375,False,0.05078125,0.01002221368253231,0.9999365210533142,1,0.0,True,3,13,4,974,8,fixed8,heuristic
True,True,15,15,0.3125,0.3125,False,0.09375,0.01907842606306076,0.999850869178772,1,0.0,True,3,14,4,16,8,fixed8,heuristic
True,True,15,15,1.4375,1.4375,False,0.09375,0.01876884140074253,0.9998934864997864,1,0.0,True,3,15,4,15,8,fixed8,heuristic
True,True,15,15,1.75,1.75,False,0.09375,0.018967777490615845,0.9998594522476196,1,0.0,True,3,16,4,15,8,fixed8,heuristic
True,True,15,15,1.625,1.6875,False,0.109375,0.035976238548755646,0.9995964765548706,1,0.0,True,3,17,4,15,8,fixed8,heuristic
True,True,17,17,0.125,0.0625,False,0.078125,0.013884988613426685,0.9999451041221619,1,0.0,False,3,18,4,13,8,fixed8,heuristic
True,True,2610,2610,1.0,1.0,False,0.1875,0.05902557075023651,0.9998388886451721,1,0.0,True,3,19,4,3989,8,fixed8,heuristic
True,True,15,15,2.25,2.3125,False,0.09375,0.022107630968093872,0.999836266040802,1,0.0,True,3,20,4,17,8,fixed8,heuristic
True,True,15,15,0.875,0.875,False,0.078125,0.012919438071548939,0.999915599822998,1,0.0,True,3,21,4,15,8,fixed8,heuristic
True,True,15,15,0.75,0.6875,False,0.125,0.012989304959774017,0.9999275803565979,1,0.0,True,3,22,4,15,8,fixed8,heuristic
True,True,15,15,1.3125,1.3125,False,0.0625,0.01039503887295723,0.9999474883079529,1,0.0,True,3,23,4,15,8,fixed8,heuristic
True,True,17,17,1.6875,1.75,False,0.1015625,0.03745514526963234,0.999608039855957,1,0.0,True,3,24,4,15,8,fixed8,heuristic
True,True,15,15,1.375,1.4375,False,0.09375,0.022140389308333397,0.9998359084129333,1,0.0,True,3,25,4,15,8,fixed8,heuristic
True,True,15,15,1.1875,1.1875,False,0.0703125,0.015726778656244278,0.9999012351036072,1,0.0,True,3,26,4,15,8,fixed8,heuristic
True,True,18,18,0.0,0.0,True,0.125,0.021466879174113274,0.999889612197876,1,0.0,False,3,27,4,17,8,fixed8,heuristic
True,True,15,15,1.9375,2.0,False,0.07958984375,0.01752568408846855,0.9998623728752136,1,0.0,True,3,28,4,15,8,fixed8,heuristic
True,True,15,15,1.6875,1.6875,False,0.125,0.022405769675970078,0.999822735786438,1,0.0,True,3,29,4,15,8,fixed8,heuristic
True,True,15,15,0.25,0.25,False,0.09375,0.033987317234277725,0.9997159838676453,1,0.0,True,3,30,4,16,8,fixed8,heuristic
True,True,1188,1188,0.625,0.6875,False,0.1875,0.05340474471449852,0.9999245405197144,1,0.0,True,3,31,4,2186,8,fixed8,heuristic
True,True,15,15,2.0,1.9375,False,0.0625,0.009633636102080345,0.9999493360519409,1,0.0,True,4,0,5,15,8,fixed8,heuristic
True,True,15,15,1.5,1.5625,False,0.09375,0.02343081682920456,0.9998520016670227,1,0.0,True,4,1,5,15,8,fixed8,heuristic
True,True,12,12,0.625,0.625,False,0.0625,0.009771264158189297,0.9999348521232605,1,0.0,True,4,2,5,19,8,fixed8,heuristic
True,True,15,15,2.5,2.4375,False,0.0625,0.01096157357096672,0.999935507774353,1,0.0,True,4,3,5,15,8,fixed8,heuristic
True,True,12,12,2.0,2.0,False,0.09375,0.020008357241749763,0.999819278717041,1,0.0,True,4,4,5,19,8,fixed8,heuristic
True,True,15,15,1.5625,1.5625,False,0.078125,0.01316410955041647,0.9999203681945801,1,0.0,True,4,5,5,15,8,fixed8,heuristic
True,True,15,15,2.5,2.5625,False,0.0625,0.011252104304730892,0.99992835521698,1,0.0,True,4,6,5,15,8,fixed8,heuristic
True,True,15,15,2.5,2.5,False,0.0625,0.012310827150940895,0.9999327659606934,1,0.0,True,4,7,5,15,8,fixed8,heuristic
True,True,17,17,0.875,0.875,False,0.0654296875,0.011957409791648388,0.9999280571937561,1,0.0,True,4,8,5,15,8,fixed8,heuristic
True,True,15,15,2.1875,2.1875,False,0.078125,0.021034356206655502,0.9998212456703186,1,0.0,True,4,9,5,15,8,fixed8,heuristic
True,True,15,15,0.8125,0.8125,False,0.06640625,0.015403917990624905,0.9999016523361206,1,0.0,True,4,10,5,15,8,fixed8,heuristic
True,True,15,15,2.25,2.1875,False,0.0703125,0.01702871359884739,0.9998687505722046,1,0.0,True,4,11,5,15,8,fixed8,heuristic
True,True,15,15,0.6875,0.75,False,0.09375,0.017168859019875526,0.9999057054519653,1,0.0,True,4,12,5,15,8,fixed8,heuristic
True,True,16,16,0.125,0.125,False,0.125,0.023894082754850388,0.9999202489852905,1,0.0,False,4,13,5,220,8,fixed8,heuristic
True,True,15,15,1.5,1.5,False,0.09375,0.015525716356933117,0.9998905062675476,1,0.0,True,4,14,5,15,8,fixed8,heuristic
True,True,15,15,0.875,0.875,False,0.0625,0.012072781100869179,0.9999257922172546,1,0.0,True,4,15,5,15,8,fixed8,heuristic
True,True,15,15,0.5625,0.5625,False,0.0625,0.008815434761345387,0.9999589323997498,1,0.0,True,4,16,5,15,8,fixed8,heuristic
True,True,15,15,1.3125,1.375,False,0.078125,0.013316542841494083,0.9999161958694458,1,0.0,True,4,17,5,15,8,fixed8,heuristic
True,True,13,13,0.0625,0.0,False,0.09375,0.017683936282992363,0.9999094009399414,1,0.0,False,4,18,5,17,8,fixed8,heuristic
True,True,525,525,3.125,3.0,False,0.25,0.059885624796152115,0.999969482421875,1,0.0,True,4,19,5,2610,8,fixed8,heuristic
True,True,17,17,1.0,1.0625,False,0.09375,0.021133719012141228,0.9998651742935181,1,0.0,True,4,20,5,15,8,fixed8,heuristic
True,True,15,15,2.25,2.25,False,0.125,0.02459781989455223,0.999785304069519,1,0.0,True,4,21,5,15,8,fixed8,heuristic
True,True,15,15,2.125,2.125,False,0.0625,0.010123620741069317,0.9999493956565857,1,0.0,True,4,22,5,15,8,fixed8,heuristic
True,True,15,15,1.1875,1.1875,False,0.09527587890625,0.03348922356963158,0.999650776386261,1,0.0,True,4,23,5,15,8,fixed8,heuristic
True,True,19,19,0.25,0.25,False,0.1328125,0.027174165472388268,0.9998974800109863,1,0.0,False,4,24,5,17,8,fixed8,heuristic
True,True,15,15,1.5,1.4375,False,0.0703125,0.013602813705801964,0.9999215602874756,1,0.0,True,4,25,5,15,8,fixed8,heuristic
True,True,15,15,2.4375,2.5,False,0.125,0.01091156154870987,0.9999352693557739,1,0.0,True,4,26,5,15,8,fixed8,heuristic
True,True,12,12,0.875,0.9375,False,0.0625,0.008934580720961094,0.999937891960144,1,0.0,True,4,27,5,18,8,fixed8,heuristic
True,True,15,15,2.5,2.4375,False,0.078125,0.015145450830459595,0.9998806715011597,1,0.0,True,4,28,5,15,8,fixed8,heuristic
True,True,15,15,1.0,0.9375,False,0.09375,0.014114839024841785,0.9999087452888489,1,0.0,True,4,29,5,15,8,fixed8,heuristic
True,True,15,15,1.375,1.4375,False,0.125,0.015508390963077545,0.9999229907989502,1,0.0,True,4,30,5,15,8,fixed8,heuristic
True,True,82,82,0.4375,0.4375,False,0.109375,0.018191302195191383,0.999968409538269,1,0.0,True,4,31,5,1188,8,fixed8,heuristic
True,True,15,15,2.5625,2.5625,False,0.09375,0.014954528771340847,0.9999045729637146,1,0.0,True,5,0,6,15,8,fixed8,heuristic
True,True,15,15,1.5,1.5,False,0.09375,0.01564919389784336,0.9998942017555237,1,0.0,True,5,1,6,15,8,fixed8,heuristic
True,True,15,15,1.125,1.0,False,0.140625,0.026216235011816025,0.999845027923584,1,0.0,True,5,2,6,12,8,fixed8,heuristic
True,True,15,15,2.875,2.875,False,0.09375,0.03319283202290535,0.9996407628059387,1,0.0,True,5,3,6,15,8,fixed8,heuristic
True,True,15,15,1.0,0.875,False,0.125,0.02650284208357334,0.999860942363739,1,0.0,True,5,4,6,12,8,fixed8,heuristic
True,True,15,15,1.75,1.75,False,0.078125,0.012566084042191505,0.9999257922172546,1,0.0,True,5,5,6,15,8,fixed8,heuristic
True,True,15,15,3.0625,3.0,False,0.0859375,0.01887255720794201,0.9998468160629272,1,0.0,True,5,6,6,15,8,fixed8,heuristic
True,True,15,15,3.0625,3.0,False,0.09375,0.02750607579946518,0.9997308254241943,1,0.0,True,5,7,6,15,8,fixed8,heuristic
True,True,18,18,0.0,0.0,True,0.125,0.02073615975677967,0.9999030828475952,1,0.0,False,5,8,6,17,8,fixed8,heuristic
True,True,15,15,2.625,2.625,False,0.078125,0.01156037300825119,0.9999356269836426,1,0.0,True,5,9,6,15,8,fixed8,heuristic
True,True,15,15,2.625,2.625,False,0.0703125,0.01728169433772564,0.999874472618103,1,0.0,True,5,10,6,15,8,fixed8,heuristic
True,True,15,15,2.625,2.5625,False,0.09375,0.022634364664554596,0.9998133182525635,1,0.0,True,5,11,6,15,8,fixed8,heuristic
True,True,15,15,2.3125,2.3125,False,0.078125,0.03186221048235893,0.9996650218963623,1,0.0,True,5,12,6,15,8,fixed8,heuristic
True,True,15,15,0.6875,0.625,False,0.09033203125,0.017639964818954468,0.9998680949211121,1,0.0,True,5,13,6,16,8,fixed8,heuristic
True,True,15,15,0.9375,0.9375,False,0.0625,0.010104512795805931,0.9999449253082275,1,0.0,True,5,14,6,15,8,fixed8,heuristic
True,True,15,15,2.0,1.9375,False,0.125,0.04338771104812622,0.999372661113739,1,0.0,True,5,15,6,15,8,fixed8,heuristic
True,True,15,15,2.4375,2.5,False,0.078125,0.014217784628272057,0.9998921155929565,1,0.0,True,5,16,6,15,8,fixed8,heuristic
True,True,15,15,2.3125,2.3125,False,0.0625,0.01108426321297884,0.9999417662620544,1,0.0,True,5,17,6,15,8,fixed8,heuristic
True,True,18,18,1.625,1.625,False,0.11083984375,0.04288720339536667,0.9997881054878235,1,0.0,True,5,18,6,13,8,fixed8,heuristic
True,True,264,264,0.5,0.625,False,0.25,0.05047409608960152,0.9999568462371826,1,0.0,False,5,19,6,525,8,fixed8,heuristic
True,True,18,18,0.125,0.25,False,0.140625,0.036613721400499344,0.999879002571106,1,0.0,False,5,20,6,17,8,fixed8,heuristic
True,True,15,15,2.9375,2.9375,False,0.078125,0.018079131841659546,0.9998714923858643,1,0.0,True,5,21,6,15,8,fixed8,heuristic
True,True,15,15,2.5625,2.5625,False,0.09375,0.014930760487914085,0.9999192953109741,1,0.0,True,5,22,6,15,8,fixed8,heuristic
True,True,15,15,2.1875,2.1875,False,0.078125,0.017490390688180923,0.9998689889907837,1,0.0,True,5,23,6,15,8,fixed8,heuristic
True,True,12,12,2.25,2.1875,False,0.109375,0.027665354311466217,0.9997488260269165,1,0.0,True,5,24,6,19,8,fixed8,heuristic
True,True,15,15,1.9375,1.875,False,0.0625,0.010250870138406754,0.9999545812606812,1,0.0,True,5,25,6,15,8,fixed8,heuristic
True,True,15,15,3.0,3.0625,False,0.0654296875,0.012006941251456738,0.9999317526817322,1,0.0,True,5,26,6,15,8,fixed8,heuristic
True,True,15,15,1.0,1.0,False,0.09375,0.020851192995905876,0.9998840689659119,1,0.0,True,5,27,6,12,8,fixed8,heuristic
True,True,15,15,3.125,3.1875,False,0.0703125,0.012286893092095852,0.9999179244041443,1,0.0,True,5,28,6,15,8,fixed8,heuristic
True,True,15,15,2.5625,2.5625,False,0.0625,0.012654487043619156,0.9999187588691711,1,0.0,True,5,29,6,15,8,fixed8,heuristic
True,True,15,15,0.4375,0.4375,False,0.076171875,0.021359100937843323,0.999857485294342,1,0.0,True,5,30,6,15,8,fixed8,heuristic
True,True,8,8,0.375,0.375,False,0.125,0.020278556272387505,0.999886155128479,1,0.0,True,5,31,6,82,8,fixed8,heuristic
True,True,15,15,3.0625,3.0625,False,0.09375,0.02075497806072235,0.9998462200164795,1,0.0,True,6,0,7,15,8,fixed8,heuristic
True,True,15,15,2.25,2.25,False,0.0625,0.010906740091741085,0.9999443292617798,1,0.0,True,6,1,7,15,8,fixed8,heuristic
True,True,19,19,0.75,0.625,False,0.125,0.02392229251563549,0.9998794198036194,1,0.0,True,6,2,7,15,8,fixed8,heuristic
True,True,15,15,3.25,3.25,False,0.0625,0.009728718549013138,0.999956488609314,1,0.0,True,6,3,7,15,8,fixed8,heuristic
True,True,19,19,0.5,0.5,False,0.125,0.020596744492650032,0.9998723268508911,1,0.0,True,6,4,7,15,8,fixed8,heuristic
True,True,15,15,2.4375,2.5,False,0.0625,0.011120593175292015,0.999941885471344,1,0.0,True,6,5,7,15,8,fixed8,heuristic
True,True,15,15,3.25,3.25,False,0.0625,0.00966136995702982,0.9999530911445618,1,0.0,True,6,6,7,15,8,fixed8,heuristic
True,True,15,15,3.3125,3.3125,False,0.0703125,0.011458883062005043,0.9999365210533142,1,0.0,True,6,7,7,15,8,fixed8,heuristic
True,True,12,12,1.3125,1.3125,False,0.06591796875,0.011069241911172867,0.9999276399612427,1,0.0,True,6,8,7,18,8,fixed8,heuristic
True,True,15,15,2.875,2.9375,False,0.0625,0.009167641401290894,0.9999603033065796,1,0.0,True,6,9,7,15,8,fixed8,heuristic
True,True,15,15,3.125,3.125,False,0.078125,0.02157214842736721,0.9998305439949036,1,0.0,True,6,10,7,15,8,fixed8,heuristic
True,True,15,15,3.0,3.0,False,0.0625,0.010056623257696629,0.9999538660049438,1,0.0,True,6,11,7,15,8,fixed8,heuristic
True,True,15,15,2.75,2.75,False,0.09375,0.015809325501322746,0.9998956918716431,1,0.0,True,6,12,7,15,8,fixed8,heuristic
True,True,15,15,2.125,2.125,False,0.078125,0.010916298255324364,0.9999398589134216,1,0.0,True,6,13,7,15,8,fixed8,heuristic
True,True,15,15,1.9375,2.0,False,0.09375,0.027961069718003273,0.9997045993804932,1,0.0,True,6,14,7,15,8,fixed8,heuristic
True,True,15,15,2.5625,2.5625,False,0.109375,0.03351384401321411,0.9996098279953003,1,0.0,True,6,15,7,15,8,fixed8,heuristic
True,True,15,15,3.0,3.0,False,0.0625,0.009138094261288643,0.9999568462371826,1,0.0,True,6,16,7,15,8,fixed8,heuristic
True,True,15,15,2.8125,2.875,False,0.0625,0.010538158938288689,0.9999462962150574,1,0.0,True,6,17,7,15,8,fixed8,heuristic
True,True,13,13,3.1875,3.125,False,0.08203125,0.014522751793265343,0.9999210238456726,1,0.0,True,6,18,7,18,8,fixed8,heuristic
True,True,10950,10950,2.3125,2.375,False,0.21875,0.0486798919737339,0.9999339580535889,1,0.0,True,6,19,7,264,8,fixed8,heuristic
True,True,14,14,0.5,0.5,False,0.0625,0.010265007615089417,0.999946653842926,1,0.0,True,6,20,7,18,8,fixed8,heuristic
True,True,15,15,3.25,3.3125,False,0.0625,0.011520899832248688,0.9999403357505798,1,0.0,True,6,21,7,15,8,fixed8,heuristic
True,True,15,15,2.875,2.9375,False,0.0625,0.014189674519002438,0.9999213218688965,1,0.0,True,6,22,7,15,8,fixed8,heuristic
True,True,15,15,2.875,2.75,False,0.0625,0.01098542008548975,0.9999428391456604,1,0.0,True,6,23,7,15,8,fixed8,heuristic
True,True,15,15,1.0,1.125,False,0.125,0.014329442754387856,0.9999330043792725,1,0.0,True,6,24,7,12,8,fixed8,heuristic
True,True,15,15,2.3125,2.3125,False,0.0625,0.009099939838051796,0.9999485015869141,1,0.0,True,6,25,7,15,8,fixed8,heuristic
True,True,15,15,3.375,3.375,False,0.078125,0.015445751138031483,0.99988853931427,1,0.0,True,6,26,7,15,8,fixed8,heuristic
True,True,19,19,0.375,0.375,False,0.125,0.028269555419683456,0.9998946189880371,1,0.0,True,6,27,7,15,8,fixed8,heuristic
True,True,15,15,3.625,3.625,False,0.0625,0.010610700584948063,0.9999405145645142,1,0.0,True,6,28,7,15,8,fixed8,heuristic
True,True,15,15,2.875,2.875,False,0.0859375,0.028190240263938904,0.9997779130935669,1,0.0,True,6,29,7,15,8,fixed8,heuristic
True,True,15,15,2.1875,2.125,False,0.125,0.013511938974261284,0.9999405741691589,1,0.0,True,6,30,7,15,8,fixed8,heuristic
True,True,589,589,4.5,4.625,False,0.125,0.022538764402270317,0.9999282360076904,1,0.0,True,6,31,7,8,8,fixed8,heuristic
True,True,15,15,3.0625,3.0,False,0.09375,0.01905127614736557,0.999843955039978,1,0.0,True,7,0,8,15,8,fixed8,heuristic
True,True,15,15,3.0,2.9375,False,0.0625,0.011208604089915752,0.9999434947967529,1,0.0,True,7,1,8,15,8,fixed8,heuristic
True,True,12,12,6.75,6.8125,False,0.125,0.01991135999560356,0.9999122023582458,1,0.0,True,7,2,8,19,8,fixed8,heuristic
True,True,15,15,3.0625,3.0625,False,0.0625,0.011543460190296173,0.9999294281005859,1,0.0,True,7,3,8,15,8,fixed8,heuristic
True,True,12,12,7.125,7.1875,False,0.125,0.015334529802203178,0.9999310970306396,1,0.0,True,7,4,8,19,8,fixed8,heuristic
True,True,15,15,3.125,3.125,False,0.07421875,0.010706566274166107,0.99994957447052,1,0.0,True,7,5,8,15,8,fixed8,heuristic
True,True,15,15,3.125,3.1875,False,0.0625,0.009545124135911465,0.9999448657035828,1,0.0,True,7,6,8,15,8,fixed8,heuristic
True,True,15,15,3.125,3.1875,False,0.0703125,0.013188429176807404,0.9998977780342102,1,0.0,True,7,7,8,15,8,fixed8,heuristic
True,True,15,15,0.875,0.875,False,0.109375,0.017987390980124474,0.9999130964279175,1,0.0,True,7,8,8,12,8,fixed8,heuristic
True,True,15,15,2.875,2.875,False,0.09375,0.02354421094059944,0.9997835755348206,1,0.0,True,7,9,8,15,8,fixed8,heuristic
True,True,15,15,3.5625,3.5625,False,0.09375,0.0180741585791111,0.9998738765716553,1,0.0,True,7,10,8,15,8,fixed8,heuristic
True,True,15,15,2.875,2.875,False,0.078125,0.012231524102389812,0.999930202960968,1,0.0,True,7,11,8,15,8,fixed8,heuristic
True,True,15,15,3.125,3.0625,False,0.0625,0.010000988841056824,0.99994957447052,1,0.0,True,7,12,8,15,8,fixed8,heuristic
True,True,4,4,0.1875,0.25,False,0.09375,0.028807854279875755,0.9997684359550476,1,0.0,False,7,13,8,15,8,fixed8,heuristic
True,True,15,15,2.375,2.4375,False,0.078125,0.013363196514546871,0.9999215006828308,1,0.0,True,7,14,8,15,8,fixed8,heuristic
True,True,15,15,2.75,2.75,False,0.1015625,0.02240234985947609,0.9998005032539368,1,0.0,True,7,15,8,15,8,fixed8,heuristic
True,True,15,15,3.3125,3.3125,False,0.0625,0.011019686236977577,0.9999421834945679,1,0.0,True,7,16,8,15,8,fixed8,heuristic
True,True,15,15,3.125,3.1875,False,0.078125,0.013425026088953018,0.9999290704727173,1,0.0,True,7,17,8,15,8,fixed8,heuristic
True,True,19,19,4.5,4.625,False,0.125,0.011803481727838516,0.9999499320983887,1,0.0,True,7,18,8,13,8,fixed8,heuristic
True,True,17847,17847,6.5,6.625,False,0.359375,0.06038816645741463,0.999910831451416,1,0.0,True,7,19,8,10950,8,fixed8,heuristic
True,True,15,15,0.1875,0.1875,False,0.125,0.023394085466861725,0.9998759031295776,1,0.0,False,7,20,8,14,8,fixed8,heuristic
True,True,15,15,3.1875,3.1875,False,0.0625,0.010223875753581524,0.9999478459358215,1,0.0,True,7,21,8,15,8,fixed8,heuristic
True,True,15,15,2.875,2.8125,False,0.078125,0.016553722321987152,0.9998795986175537,1,0.0,True,7,22,8,15,8,fixed8,heuristic
True,True,15,15,3.125,3.125,False,0.078125,0.011734320782124996,0.9999350309371948,1,0.0,True,7,23,8,15,8,fixed8,heuristic
True,True,19,19,0.625,0.625,False,0.125,0.019471166655421257,0.9998765587806702,1,0.0,True,7,24,8,15,8,fixed8,heuristic
True,True,15,15,2.6875,2.6875,False,0.078125,0.02334553375840187,0.9998083114624023,1,0.0,True,7,25,8,15,8,fixed8,heuristic
True,True,15,15,3.3125,3.3125,False,0.06640625,0.012738683260977268,0.999907374382019,1,0.0,True,7,26,8,15,8,fixed8,heuristic
True,True,12,12,6.5,6.5,False,0.09375,0.01782442256808281,0.9999144077301025,1,0.0,True,7,27,8,19,8,fixed8,heuristic
True,True,15,15,3.5,3.5,False,0.09375,0.012809977866709232,0.9999004602432251,1,0.0,True,7,28,8,15,8,fixed8,heuristic
True,True,15,15,3.375,3.375,False,0.078125,0.012968520633876324,0.9999188184738159,1,0.0,True,7,29,8,15,8,fixed8,heuristic
True,True,15,15,2.6875,2.625,False,0.09375,0.0223053190857172,0.9998178482055664,1,0.0,True,7,30,8,15,8,fixed8,heuristic
True,True,274,274,2.5,2.4375,False,0.125,0.027490179985761642,0.9999089241027832,1,0.0,True,7,31,8,589,8,fixed8,heuristic
True,True,15,15,3.3125,3.3125,False,0.09375,0.011355163529515266,0.9999256134033203,1,0.0,True,8,0,9,15,8,fixed8,heuristic
True,True,15,15,3.375,3.375,False,0.072265625,0.012233749032020569,0.9999309778213501,1,0.0,True,8,1,9,15,8,fixed8,heuristic
True,True,15,15,0.125,0.0,False,0.125,0.01978835090994835,0.9999083876609802,1,0.0,False,8,2,9,12,8,fixed8,heuristic
True,True,15,15,3.4375,3.4375,False,0.0703125,0.01629774272441864,0.9998904466629028,1,0.0,True,8,3,9,15,8,fixed8,heuristic
True,True,15,15,0.0,0.0,True,0.125,0.019301531836390495,0.9999138116836548,1,0.0,False,8,4,9,12,8,fixed8,heuristic
True,True,15,15,3.5,3.4375,False,0.09375,0.014601020142436028,0.999906063079834,1,0.0,True,8,5,9,15,8,fixed8,heuristic
True,True,15,15,3.4375,3.4375,False,0.09375,0.024040063843131065,0.9997667670249939,1,0.0,True,8,6,9,15,8,fixed8,heuristic
True,True,15,15,3.5625,3.5,False,0.078125,0.013690456748008728,0.9999099969863892,1,0.0,True,8,7,9,15,8,fixed8,heuristic
True,True,19,19,0.25,0.25,False,0.125,0.04042506963014603,0.9997693300247192,1,0.0,False,8,8,9,15,8,fixed8,heuristic
True,True,15,15,3.125,3.1875,False,0.09375,0.018012482672929764,0.99986732006073,1,0.0,True,8,9,9,15,8,fixed8,heuristic
True,True,15,15,3.5,3.5,False,0.0830078125,0.02000400982797146,0.9998365640640259,1,0.0,True,8,10,9,15,8,fixed8,heuristic
True,True,15,15,3.0,3.0,False,0.109375,0.0168223287910223,0.9998743534088135,1,0.0,True,8,11,9,15,8,fixed8,heuristic
True,True,15,15,3.0,3.0,False,0.09375,0.02361597679555416,0.9997732043266296,1,0.0,True,8,12,9,15,8,fixed8,heuristic
True,True,220,220,1.5,1.53125,False,0.0703125,0.012416870333254337,0.999955415725708,1,0.0,True,8,13,9,4,8,fixed8,heuristic
True,True,15,15,2.75,2.75,False,0.125,0.03282637149095535,0.9996064901351929,1,0.0,True,8,14,9,15,8,fixed8,heuristic
True,True,15,15,2.8125,2.75,False,0.09375,0.024303345009684563,0.9997705221176147,1,0.0,True,8,15,9,15,8,fixed8,heuristic
True,True,15,15,3.1875,3.25,False,0.0625,0.012475785799324512,0.9999243021011353,1,0.0,True,8,16,9,15,8,fixed8,heuristic
True,True,15,15,3.3125,3.3125,False,0.09375,0.018462399020791054,0.9998611211776733,1,0.0,True,8,17,9,15,8,fixed8,heuristic
True,True,13,13,4.3125,4.3125,False,0.125,0.012555193156003952,0.9999480843544006,1,0.0,True,8,18,9,19,8,fixed8,heuristic
True,True,13,13,1.75,1.75,False,0.375,0.05601021274924278,0.9997509717941284,1,0.0,True,8,19,9,17847,8,fixed8,heuristic
True,False,19,18,0.125,0.0,False,0.125,0.018810028210282326,0.9999070167541504,2,0.125,False,8,20,9,15,8,fixed8,heuristic
True,True,15,15,3.4375,3.375,False,0.0703125,0.013605647720396519,0.9999154806137085,1,0.0,True,8,21,9,15,8,fixed8,heuristic
True,True,15,15,3.0,3.0,False,0.09375,0.01795651949942112,0.9998665452003479,1,0.0,True,8,22,9,15,8,fixed8,heuristic
True,True,15,15,3.0625,3.0625,False,0.078125,0.015089418739080429,0.999891459941864,1,0.0,True,8,23,9,15,8,fixed8,heuristic
True,True,12,12,7.375,7.375,False,0.103515625,0.01992495357990265,0.999890923500061,1,0.0,True,8,24,9,19,8,fixed8,heuristic
True,True,15,15,2.6875,2.6875,False,0.0625,0.011022388003766537,0.9999361038208008,1,0.0,True,8,25,9,15,8,fixed8,heuristic
True,True,15,15,3.625,3.625,False,0.1015625,0.013095499947667122,0.999910831451416,1,0.0,True,8,26,9,15,8,fixed8,heuristic
True,False,16,15,0.125,0.0,False,0.125,0.017579855397343636,0.9999262094497681,2,0.125,False,8,27,9,12,8,fixed8,heuristic
True,True,15,15,3.875,3.875,False,0.109375,0.0316319465637207,0.9996281266212463,1,0.0,True,8,28,9,15,8,fixed8,heuristic
True,True,15,15,3.375,3.375,False,0.09375,0.023854471743106842,0.9998242259025574,1,0.0,True,8,29,9,15,8,fixed8,heuristic
True,True,15,15,2.875,2.875,False,0.078125,0.012761784717440605,0.9999237060546875,1,0.0,True,8,30,9,15,8,fixed8,heuristic
True,True,16419,16419,2.0625,2.0625,False,0.109375,0.01741817779839039,0.999948263168335,1,0.0,True,8,31,9,274,8,fixed8,heuristic
True,True,15,15,3.3125,3.3125,False,0.08203125,0.025202738121151924,0.9997749328613281,1,0.0,True,9,0,10,15,8,fixed8,heuristic
True,True,15,15,3.375,3.3125,False,0.0625,0.01290899608284235,0.9999257326126099,1,0.0,True,9,1,10,15,8,fixed8,heuristic
True,False,20,18,0.125,0.0,False,0.125,0.019627388566732407,0.9998363256454468,2,0.125,False,9,2,10,15,8,fixed8,heuristic
True,True,15,15,3.25,3.3125,False,0.07421875,0.015585016459226608,0.9998934268951416,1,0.0,True,9,3,10,15,8,fixed8,heuristic
True,False,18,20,0.0,0.125,True,0.265625,0.06632158905267715,0.9989887475967407,1,0.0,False,9,4,10,15,8,fixed8,heuristic
True,True,15,15,3.375,3.375,False,0.0625,0.009542832151055336,0.9999553561210632,1,0.0,True,9,5,10,15,8,fixed8,heuristic
True,True,15,15,3.5,3.5,False,0.09375,0.014386162161827087,0.999902606010437,1,0.0,True,9,6,10,15,8,fixed8,heuristic
True,True,15,15,3.5,3.5,False,0.09375,0.037284575402736664,0.9995209574699402,1,0.0,True,9,7,10,15,8,fixed8,heuristic
True,True,12,12,6.875,6.8125,False,0.125,0.019731594249606133,0.9999089241027832,1,0.0,True,9,8,10,19,8,fixed8,heuristic
True,True,15,15,3.25,3.25,False,0.06640625,0.014771265909075737,0.9999063611030579,1,0.0,True,9,9,10,15,8,fixed8,heuristic
True,True,15,15,3.6875,3.6875,False,0.0859375,0.020992279052734375,0.9998149871826172,1,0.0,True,9,10,10,15,8,fixed8,heuristic
True,True,15,15,3.0,2.9375,False,0.0703125,0.012342885136604309,0.9999325275421143,1,0.0,True,9,11,10,15,8,fixed8,heuristic
True,True,15,15,3.25,3.1875,False,0.09375,0.017185503616929054,0.9998654127120972,1,0.0,True,9,12,10,15,8,fixed8,heuristic
True,True,16,16,0.625,0.625,False,0.09375,0.01271162461489439,0.9999548196792603,1,0.0,True,9,13,10,220,8,fixed8,heuristic
True,True,15,15,2.6875,2.6875,False,0.08203125,0.01190275326371193,0.9999421834945679,1,0.0,True,9,14,10,15,8,fixed8,heuristic
True,True,15,15,3.0,3.0625,False,0.0859375,0.026466334238648415,0.9997443556785583,1,0.0,True,9,15,10,15,8,fixed8,heuristic
True,True,15,15,3.6875,3.6875,False,0.11328125,0.031622398644685745,0.9996331334114075,1,0.0,True,9,16,10,15,8,fixed8,heuristic
True,True,15,15,3.625,3.625,False,0.09375,0.020496094599366188,0.999872624874115,1,0.0,True,9,17,10,15,8,fixed8,heuristic
True,True,20,20,5.5,5.5,False,0.08984375,0.015006901696324348,0.9999542236328125,1,0.0,True,9,18,10,13,8,fixed8,heuristic
True,True,5209,5209,0.25,0.125,False,0.3291015625,0.05856000632047653,0.9997472763061523,1,0.0,False,9,19,10,13,8,fixed8,heuristic
True,True,14,14,5.0,4.875,False,0.125,0.01293167658150196,0.9999353885650635,1,0.0,True,9,20,10,19,8,fixed8,heuristic
True,True,15,15,3.3125,3.3125,False,0.08203125,0.01360656600445509,0.999904453754425,1,0.0,True,9,21,10,15,8,fixed8,heuristic
True,True,15,15,3.0,3.0,False,0.0859375,0.01461497787386179,0.9999027252197266,1,0.0,True,9,22,10,15,8,fixed8,heuristic
True,True,15,15,3.3125,3.3125,False,0.1015625,0.029417559504508972,0.9996838569641113,1,0.0,True,9,23,10,15,8,fixed8,heuristic
True,True,15,15,0.0,0.125,True,0.125,0.020436298102140427,0.9999253749847412,1,0.0,False,9,24,10,12,8,fixed8,heuristic
True,True,15,15,2.875,2.875,False,0.06640625,0.01816253736615181,0.9998600482940674,1,0.0,True,9,25,10,15,8,fixed8,heuristic
True,True,15,15,3.5625,3.5625,False,0.064453125,0.011772334575653076,0.9999260902404785,1,0.0,True,9,26,10,15,8,fixed8,heuristic
True,True,17,17,0.125,0.125,False,0.09375,0.017138682305812836,0.9999510645866394,1,0.0,False,9,27,10,16,8,fixed8,heuristic
True,True,15,15,3.875,3.9375,False,0.078125,0.014964527450501919,0.9998987913131714,1,0.0,True,9,28,10,15,8,fixed8,heuristic
True,True,15,15,3.5,3.5,False,0.068359375,0.011641636490821838,0.9999406933784485,1,0.0,True,9,29,10,15,8,fixed8,heuristic
True,True,15,15,2.8125,2.8125,False,0.0625,0.010035762563347816,0.9999528527259827,1,0.0,True,9,30,10,15,8,fixed8,heuristic
True,True,6011,6011,2.25,2.25,False,0.15625,0.019570115953683853,0.999937891960144,1,0.0,True,9,31,10,16419,8,fixed8,heuristic
True,True,15,15,3.1875,3.1875,False,0.078125,0.01465499959886074,0.9998871684074402,1,0.0,True,10,0,11,15,8,fixed8,heuristic
True,True,15,15,3.5625,3.5625,False,0.109375,0.03305910527706146,0.9996333122253418,1,0.0,True,10,1,11,15,8,fixed8,heuristic
True,True,220,220,0.9375,0.875,False,0.078125,0.012817580252885818,0.9999246001243591,1,0.0,True,10,2,11,20,8,fixed8,heuristic
True,True,15,15,3.125,3.125,False,0.07421875,0.013095252215862274,0.9999180436134338,1,0.0,True,10,3,11,15,8,fixed8,heuristic
True,True,51,51,0.4375,0.375,False,0.125,0.023739175871014595,0.9997810125350952,1,0.0,True,10,4,11,18,8,fixed8,heuristic
True,True,15,15,3.6875,3.6875,False,0.078125,0.012889373116195202,0.9999198317527771,1,0.0,True,10,5,11,15,8,fixed8,heuristic
True,True,15,15,3.3125,3.3125,False,0.078125,0.012237202376127243,0.9999154806137085,1,0.0,True,10,6,11,15,8,fixed8,heuristic
True,True,15,15,3.3125,3.3125,False,0.078125,0.01366934459656477,0.9998883605003357,1,0.0,True,10,7,11,15,8,fixed8,heuristic
True,True,16,16,0.125,0.25,False,0.125,0.02481621690094471,0.9998663067817688,1,0.0,False,10,8,11,12,8,fixed8,heuristic
True,True,15,15,3.125,3.125,False,0.09375,0.03684491291642189,0.9995529651641846,1,0.0,True,10,9,11,15,8,fixed8,heuristic
True,True,15,15,3.625,3.5625,False,0.0703125,0.012180236168205738,0.9999252557754517,1,0.0,True,10,10,11,15,8,fixed8,heuristic
True,True,15,15,2.9375,3.0625,False,0.06640625,0.010715948417782784,0.9999442100524902,1,0.0,True,10,11,11,15,8,fixed8,heuristic
True,True,15,15,3.3125,3.25,False,0.125,0.045898597687482834,0.9993164539337158,1,0.0,True,10,12,11,15,8,fixed8,heuristic
True,True,15,15,2.75,2.75,False,0.15625,0.03679114952683449,0.9996557235717773,1,0.0,True,10,13,11,16,8,fixed8,heuristic
True,True,15,15,2.9375,2.9375,False,0.078125,0.016511043533682823,0.9998877048492432,1,0.0,True,10,14,11,15,8,fixed8,heuristic
True,True,15,15,3.1875,3.1875,False,0.109375,0.02976720780134201,0.9996845126152039,1,0.0,True,10,15,11,15,8,fixed8,heuristic
True,True,15,15,3.5625,3.5625,False,0.072265625,0.011948949657380581,0.9999175667762756,1,0.0,True,10,16,11,15,8,fixed8,heuristic
True,True,15,15,3.6875,3.6875,False,0.0625,0.009110083803534508,0.9999542236328125,1,0.0,True,10,17,11,15,8,fixed8,heuristic
True,True,13,13,4.4375,4.4375,False,0.078125,0.014302804134786129,0.9999385476112366,1,0.0,True,10,18,11,20,8,fixed8,heuristic
True,True,3410,3410,0.5,0.625,False,0.375,0.048065245151519775,0.9999498128890991,1,0.0,False,10,19,11,5209,8,fixed8,heuristic
True,True,15,15,0.125,0.125,False,0.09375,0.015943124890327454,0.9999224543571472,1,0.0,False,10,20,11,14,8,fixed8,heuristic
True,True,15,15,3.25,3.1875,False,0.078125,0.01448982022702694,0.9998813271522522,1,0.0,True,10,21,11,15,8,fixed8,heuristic
True,True,15,15,3.0,3.0,False,0.09765625,0.020070208236575127,0.9998412132263184,1,0.0,True,10,22,11,15,8,fixed8,heuristic
True,True,15,15,3.3125,3.25,False,0.0859375,0.023053446784615517,0.9997956156730652,1,0.0,True,10,23,11,15,8,fixed8,heuristic
True,True,20,20,0.125,0.125,False,0.125,0.026030950248241425,0.9997304677963257,1,0.0,False,10,24,11,15,8,fixed8,heuristic
True,True,15,15,3.0,3.0,False,0.0703125,0.013967994600534439,0.9999090433120728,1,0.0,True,10,25,11,15,8,fixed8,heuristic
True,True,15,15,3.4375,3.4375,False,0.0625,0.010270146653056145,0.9999392032623291,1,0.0,True,10,26,11,15,8,fixed8,heuristic
True,True,220,220,1.125,1.125,False,0.09375,0.014862844720482826,0.999910295009613,1,0.0,True,10,27,11,17,8,fixed8,heuristic
True,True,15,15,3.75,3.6875,False,0.071044921875,0.011394155211746693,0.9999242424964905,1,0.0,True,10,28,11,15,8,fixed8,heuristic
True,True,15,15,3.5,3.5,False,0.125,0.017348086461424828,0.9998794794082642,1,0.0,True,10,29,11,15,8,fixed8,heuristic
True,True,15,15,3.1875,3.1875,False,0.09375,0.018389388918876648,0.9998627305030823,1,0.0,True,10,30,11,15,8,fixed8,heuristic
True,True,5315,5315,1.75,1.75,False,0.19140625,0.026692043989896774,0.9999457597732544,1,0.0,True,10,31,11,6011,8,fixed8,heuristic
True,True,15,15,3.625,3.625,False,0.08203125,0.01699020341038704,0.9998668432235718,1,0.0,True,11,0,12,15,8,fixed8,heuristic
True,True,15,15,3.6875,3.6875,False,0.09375,0.01848708651959896,0.9998737573623657,1,0.0,True,11,1,12,15,8,fixed8,heuristic
True,True,16,16,1.125,1.25,False,0.125,0.027181139215826988,0.9999016523361206,1,0.0,True,11,2,12,220,8,fixed8,heuristic
True,True,15,15,3.75,3.75,False,0.078125,0.013551554642617702,0.9999182224273682,1,0.0,True,11,3,12,15,8,fixed8,heuristic
True,True,16,16,0.875,0.875,False,0.125,0.018414795398712158,0.9998841285705566,1,0.0,True,11,4,12,51,8,fixed8,heuristic
True,True,15,15,3.6875,3.6875,False,0.064208984375,0.010685751214623451,0.9999493360519409,1,0.0,True,11,5,12,15,8,fixed8,heuristic
True,True,15,15,3.875,4.0,False,0.125,0.011196772567927837,0.9999479651451111,1,0.0,True,11,6,12,15,8,fixed8,heuristic
True,True,15,15,3.875,3.875,False,0.0625,0.009125402197241783,0.9999405145645142,1,0.0,True,11,7,12,15,8,fixed8,heuristic
True,True,17,17,0.0,0.125,True,0.125,0.025301804766058922,0.9998987913131714,1,0.0,False,11,8,12,16,8,fixed8,heuristic
True,True,15,15,3.5,3.5625,False,0.0703125,0.01371929794549942,0.9999138116836548,1,0.0,True,11,9,12,15,8,fixed8,heuristic
True,True,15,15,3.4375,3.4375,False,0.09375,0.013772834092378616,0.999913215637207,1,0.0,True,11,10,12,15,8,fixed8,heuristic
True,True,15,15,3.5,3.4375,False,0.0625,0.010804696939885616,0.9999455213546753,1,0.0,True,11,11,12,15,8,fixed8,heuristic
True,True,15,15,3.25,3.1875,False,0.078125,0.01583077199757099,0.999884843826294,1,0.0,True,11,12,12,15,8,fixed8,heuristic
True,True,15,15,3.9375,3.9375,False,0.09375,0.017171893268823624,0.9999145865440369,1,0.0,True,11,13,12,15,8,fixed8,heuristic
True,True,15,15,2.875,2.8125,False,0.125,0.012556128203868866,0.9999288320541382,1,0.0,True,11,14,12,15,8,fixed8,heuristic
True,True,15,15,3.0625,3.0625,False,0.0625,0.01330517791211605,0.9999125003814697,1,0.0,True,11,15,12,15,8,fixed8,heuristic
True,True,15,15,3.5,3.4375,False,0.078125,0.017137473449110985,0.9998554587364197,1,0.0,True,11,16,12,15,8,fixed8,heuristic
True,True,15,15,3.4375,3.5,False,0.0625,0.011396181769669056,0.9999439716339111,1,0.0,True,11,17,12,15,8,fixed8,heuristic
True,True,21,21,5.875,5.9375,False,0.125,0.014127880334854126,0.9999390840530396,1,0.0,True,11,18,12,13,8,fixed8,heuristic
True,True,264,264,3.125,3.0,False,0.34375,0.058160461485385895,0.9999275803565979,1,0.0,True,11,19,12,3410,8,fixed8,heuristic
True,True,20,20,0.5,0.375,False,0.125,0.025362974032759666,0.9998481869697571,1,0.0,True,11,20,12,15,8,fixed8,heuristic
True,True,15,15,3.875,3.8125,False,0.06640625,0.013270115479826927,0.9999167323112488,1,0.0,True,11,21,12,15,8,fixed8,heuristic
True,True,15,15,3.3125,3.3125,False,0.09375,0.011698898859322071,0.9999361634254456,1,0.0,True,11,22,12,15,8,fixed8,heuristic
True,True,15,15,3.25,3.1875,False,0.078125,0.021156154572963715,0.9997919201850891,1,0.0,True,11,23,12,15,8,fixed8,heuristic
True,True,51,51,1.3125,1.25,False,0.125,0.0315309576690197,0.9997509121894836,1,0.0,True,11,24,12,20,8,fixed8,heuristic
True,True,15,15,2.875,2.9375,False,0.0859375,0.02818434312939644,0.9996992945671082,1,0.0,True,11,25,12,15,8,fixed8,heuristic
True,True,15,15,4.0625,3.9375,False,0.125,0.009993667714297771,0.9999523162841797,1,0.0,True,11,26,12,15,8,fixed8,heuristic
True,True,16,16,1.0,1.125,False,0.125,0.033623743802309036,0.9998928904533386,1,0.0,True,11,27,12,220,8,fixed8,heuristic
True,True,15,15,4.3125,4.375,False,0.0625,0.011096787638962269,0.9999338388442993,1,0.0,True,11,28,12,15,8,fixed8,heuristic
True,True,15,15,3.4375,3.4375,False,0.08154296875,0.015632424503564835,0.9999130368232727,1,0.0,True,11,29,12,15,8,fixed8,heuristic
True,True,15,15,3.1875,3.125,False,0.125,0.01194414496421814,0.9999401569366455,1,0.0,True,11,30,12,15,8,fixed8,heuristic
True,True,1141,1141,0.25,0.25,False,0.15625,0.024181218817830086,0.9999474287033081,1,0.0,False,11,31,12,5315,8,fixed8,heuristic
True,True,15,15,3.875,3.8125,False,0.09375,0.018228044733405113,0.9998451471328735,1,0.0,True,12,0,13,15,8,fixed8,heuristic
True,True,15,15,3.375,3.4375,False,0.0859375,0.014405633322894573,0.9998995661735535,1,0.0,True,12,1,13,15,8,fixed8,heuristic
True,True,19,19,0.125,0.125,False,0.125,0.01837395690381527,0.999962568283081,1,0.0,False,12,2,13,16,8,fixed8,heuristic
True,True,15,15,3.9375,3.9375,False,0.0703125,0.011210216209292412,0.9999294281005859,1,0.0,True,12,3,13,15,8,fixed8,heuristic
True,False,19,17,0.125,0.0,False,0.125,0.030135536566376686,0.9999423027038574,2,0.125,False,12,4,13,16,8,fixed8,heuristic
True,True,15,15,3.5625,3.5,False,0.0703125,0.014422226697206497,0.999906063079834,1,0.0,True,12,5,13,15,8,fixed8,heuristic
True,True,15,15,4.125,4.125,False,0.078125,0.011947705410420895,0.9999293684959412,1,0.0,True,12,6,13,15,8,fixed8,heuristic
True,True,15,15,4.125,4.0625,False,0.0703125,0.012408716604113579,0.9999244809150696,1,0.0,True,12,7,13,15,8,fixed8,heuristic
True,True,51,51,0.125,0.0625,False,0.1015625,0.02390907146036625,0.9998351335525513,1,0.0,False,12,8,13,17,8,fixed8,heuristic
True,True,15,15,3.6875,3.6875,False,0.0625,0.012812535278499126,0.9999047517776489,1,0.0,True,12,9,13,15,8,fixed8,heuristic
True,True,15,15,3.9375,3.875,False,0.0625,0.009710650891065598,0.9999525547027588,1,0.0,True,12,10,13,15,8,fixed8,heuristic
True,True,15,15,3.6875,3.6875,False,0.078125,0.017715223133563995,0.9998691082000732,1,0.0,True,12,11,13,15,8,fixed8,heuristic
True,True,15,15,3.8125,3.75,False,0.078125,0.018324600532650948,0.9998643398284912,1,0.0,True,12,12,13,15,8,fixed8,heuristic
True,True,4,4,3.3125,3.3125,False,0.078125,0.011792670004069805,0.9999381899833679,1,0.0,True,12,13,13,15,8,fixed8,heuristic
True,True,15,15,2.875,2.8125,False,0.125,0.01404675841331482,0.9999067783355713,1,0.0,True,12,14,13,15,8,fixed8,heuristic
True,True,15,15,3.5,3.5,False,0.125,0.037302788347005844,0.9995118975639343,1,0.0,True,12,15,13,15,8,fixed8,heuristic
True,True,15,15,3.9375,4.0,False,0.0625,0.011150886304676533,0.9999338388442993,1,0.0,True,12,16,13,15,8,fixed8,heuristic
True,True,15,15,4.0,4.0,False,0.1015625,0.032300207763910294,0.9996808767318726,1,0.0,True,12,17,13,15,8,fixed8,heuristic
True,True,13,13,5.5,5.4375,False,0.140625,0.029946738854050636,0.999889612197876,1,0.0,True,12,18,13,21,8,fixed8,heuristic
True,True,2797,2797,1.125,1.25,False,0.25,0.0363437794148922,0.9999538064002991,1,0.0,True,12,19,13,264,8,fixed8,heuristic
True,True,14,14,1.125,1.0625,False,0.078125,0.012608681805431843,0.9999247789382935,1,0.0,True,12,20,13,20,8,fixed8,heuristic
True,True,15,15,3.9375,3.9375,False,0.109375,0.020870225504040718,0.9998236894607544,1,0.0,True,12,21,13,15,8,fixed8,heuristic
True,True,15,15,3.6875,3.6875,False,0.0703125,0.014684723690152168,0.9999077320098877,1,0.0,True,12,22,13,15,8,fixed8,heuristic
True,True,15,15,3.5625,3.625,False,0.0625,0.012354562990367413,0.9999274015426636,1,0.0,True,12,23,13,15,8,fixed8,heuristic
True,True,16,16,0.625,0.625,False,0.09375,0.013990577310323715,0.9999333024024963,1,0.0,True,12,24,13,51,8,fixed8,heuristic
True,True,15,15,3.4375,3.375,False,0.125,0.030056873336434364,0.999675989151001,1,0.0,True,12,25,13,15,8,fixed8,heuristic
True,True,15,15,4.125,4.1875,False,0.140625,0.04611571133136749,0.9992344379425049,1,0.0,True,12,26,13,15,8,fixed8,heuristic
True,False,19,17,0.125,0.0,False,0.125,0.020295411348342896,0.9999676942825317,2,0.125,False,12,27,13,16,8,fixed8,heuristic
True,True,15,15,4.5,4.5,False,0.0625,0.011865057982504368,0.9999268054962158,1,0.0,True,12,28,13,15,8,fixed8,heuristic
True,True,15,15,4.0,4.0,False,0.0625,0.010828835889697075,0.9999490976333618,1,0.0,True,12,29,13,15,8,fixed8,heuristic
True,True,15,15,3.0625,3.0,False,0.125,0.019629094749689102,0.9998433589935303,1,0.0,True,12,30,13,15,8,fixed8,heuristic
True,True,589,589,3.875,3.875,False,0.25,0.05328274518251419,0.9994304180145264,1,0.0,True,12,31,13,1141,8,fixed8,heuristic
True,True,15,15,4.0,3.9375,False,0.1015625,0.03942294418811798,0.9994500875473022,1,0.0,True,13,0,14,15,8,fixed8,heuristic
True,True,15,15,4.0625,4.0,False,0.0859375,0.018179848790168762,0.999867856502533,1,0.0,True,13,1,14,15,8,fixed8,heuristic
True,True,25,25,7.4375,7.4375,False,0.109375,0.019596947357058525,0.9999439716339111,1,0.0,True,13,2,14,19,8,fixed8,heuristic
True,True,15,15,3.875,3.875,False,0.0625,0.009500403888523579,0.9999525547027588,1,0.0,True,13,3,14,15,8,fixed8,heuristic
True,True,25,25,6.25,6.3125,False,0.125,0.018875032663345337,0.999950110912323,1,0.0,True,13,4,14,19,8,fixed8,heuristic
True,True,15,15,4.125,4.0625,False,0.125,0.010648990049958229,0.9999493360519409,1,0.0,True,13,5,14,15,8,fixed8,heuristic
True,True,15,15,4.125,4.0625,False,0.1015625,0.029197627678513527,0.9996796250343323,1,0.0,True,13,6,14,15,8,fixed8,heuristic
True,True,15,15,4.125,4.125,False,0.09375,0.014443102292716503,0.9998985528945923,1,0.0,True,13,7,14,15,8,fixed8,heuristic
True,True,16,16,1.0,1.0,False,0.09375,0.016516713425517082,0.9999011754989624,1,0.0,True,13,8,14,51,8,fixed8,heuristic
True,True,15,15,3.6875,3.6875,False,0.078125,0.011853394098579884,0.9999331831932068,1,0.0,True,13,9,14,15,8,fixed8,heuristic
True,True,15,15,4.0625,4.0625,False,0.09375,0.018287917599081993,0.9998534321784973,1,0.0,True,13,10,14,15,8,fixed8,heuristic
True,True,15,15,3.625,3.625,False,0.078125,0.013295463286340237,0.9999227523803711,1,0.0,True,13,11,14,15,8,fixed8,heuristic
True,True,15,15,3.8125,3.875,False,0.07421875,0.013028927147388458,0.9999116659164429,1,0.0,True,13,12,14,15,8,fixed8,heuristic
True,True,220,220,3.28125,3.3125,False,0.0625,0.010065740905702114,0.9999620914459229,1,0.0,True,13,13,14,4,8,fixed8,heuristic
True,True,15,15,3.3125,3.3125,False,0.09375,0.01947025954723358,0.9998438358306885,1,0.0,True,13,14,14,15,8,fixed8,heuristic
True,True,15,15,3.6875,3.6875,False,0.07421875,0.012607313692569733,0.999922513961792,1,0.0,True,13,15,14,15,8,fixed8,heuristic
True,True,15,15,4.3125,4.3125,False,0.09375,0.017382539808750153,0.9998641014099121,1,0.0,True,13,16,14,15,8,fixed8,heuristic
True,True,15,15,4.125,4.125,False,0.0625,0.012182937934994698,0.9999367594718933,1,0.0,True,13,17,14,15,8,fixed8,heuristic
True,True,22,22,6.4375,6.4375,False,0.09375,0.01660473644733429,0.9999337196350098,1,0.0,True,13,18,14,13,8,fixed8,heuristic
True,True,11,11,0.125,0.125,False,0.375,0.040519244968891144,0.99993896484375,1,0.0,False,13,19,14,2797,8,fixed8,heuristic
True,True,16,16,0.3125,0.375,False,0.125,0.024153530597686768,0.9999176859855652,1,0.0,True,13,20,14,14,8,fixed8,heuristic
True,True,15,15,3.9375,3.9375,False,0.078125,0.014130289666354656,0.9998955726623535,1,0.0,True,13,21,14,15,8,fixed8,heuristic
True,True,15,15,3.625,3.75,False,0.125,0.025107642635703087,0.9997797012329102,1,0.0,True,13,22,14,15,8,fixed8,heuristic
True,True,15,15,3.75,3.75,False,0.078125,0.013994117267429829,0.9999115467071533,1,0.0,True,13,23,14,15,8,fixed8,heuristic
True,True,17,17,0.25,0.25,False,0.125,0.02331290952861309,0.9999511241912842,1,0.0,False,13,24,14,16,8,fixed8,heuristic
True,True,15,15,3.625,3.625,False,0.078125,0.013649538159370422,0.9999114871025085,1,0.0,True,13,25,14,15,8,fixed8,heuristic
True,True,15,15,4.0625,4.0625,False,0.078125,0.017628779634833336,0.9998580813407898,1,0.0,True,13,26,14,15,8,fixed8,heuristic
True,True,25,25,7.25,7.25,False,0.125,0.027262015268206596,0.9999052286148071,1,0.0,True,13,27,14,19,8,fixed8,heuristic
True,True,15,15,4.4375,4.4375,False,0.1015625,0.03440231829881668,0.9995431900024414,1,0.0,True,13,28,14,15,8,fixed8,heuristic
True,True,15,15,4.1875,4.25,False,0.0859375,0.019872471690177917,0.9998304843902588,1,0.0,True,13,29,14,15,8,fixed8,heuristic
True,True,15,15,3.5625,3.5,False,0.0625,0.011234290897846222,0.9999392032623291,1,0.0,True,13,30,14,15,8,fixed8,heuristic
True,True,274,274,3.875,3.875,False,0.15625,0.031026581302285194,0.9998897314071655,1,0.0,True,13,31,14,589,8,fixed8,heuristic
True,True,15,15,4.25,4.375,False,0.125,0.014273488894104958,0.9999046921730042,1,0.0,True,14,0,15,15,8,fixed8,heuristic
True,True,15,15,4.25,4.1875,False,0.125,0.03550270199775696,0.9995644092559814,1,0.0,True,14,1,15,15,8,fixed8,heuristic
True,False,15,18,0.0,0.125,True,0.125,0.02801213599741459,0.9997343420982361,1,0.0,False,14,2,15,25,8,fixed8,heuristic
True,True,15,15,4.3125,4.375,False,0.125,0.043939631432294846,0.9993641376495361,1,0.0,True,14,3,15,15,8,fixed8,heuristic
True,True,15,15,0.125,0.125,False,0.09375,0.015854349359869957,0.9999149441719055,1,0.0,False,14,4,15,25,8,fixed8,heuristic
True,True,15,15,4.25,4.25,False,0.09375,0.024737805128097534,0.9997814893722534,1,0.0,True,14,5,15,15,8,fixed8,heuristic
True,True,15,15,4.4375,4.375,False,0.078125,0.017762858420610428,0.9998671412467957,1,0.0,True,14,6,15,15,8,fixed8,heuristic
True,True,15,15,4.5625,4.5,False,0.09375,0.021663295105099678,0.9998180866241455,1,0.0,True,14,7,15,15,8,fixed8,heuristic
True,True,17,17,0.25,0.125,False,0.125,0.02720032073557377,0.9999480843544006,1,0.0,False,14,8,15,16,8,fixed8,heuristic
True,True,15,15,3.9375,3.9375,False,0.078125,0.012894797138869762,0.9999170303344727,1,0.0,True,14,9,15,15,8,fixed8,heuristic
True,True,15,15,4.0625,4.0625,False,0.09375,0.0212047528475523,0.9998143315315247,1,0.0,True,14,10,15,15,8,fixed8,heuristic
True,True,15,15,3.9375,3.875,False,0.0625,0.008694034069776535,0.9999603033065796,1,0.0,True,14,11,15,15,8,fixed8,heuristic
True,True,15,15,3.875,3.8125,False,0.0625,0.011864588595926762,0.9999366402626038,1,0.0,True,14,12,15,15,8,fixed8,heuristic
True,True,16,16,3.875,3.75,False,0.125,0.01924225315451622,0.9999637603759766,1,0.0,True,14,13,15,220,8,fixed8,heuristic
True,True,15,15,3.5,3.5,False,0.0703125,0.015680622309446335,0.9998899698257446,1,0.0,True,14,14,15,15,8,fixed8,heuristic
True,True,15,15,3.6875,3.75,False,0.078125,0.014726836234331131,0.9998986721038818,1,0.0,True,14,15,15,15,8,fixed8,heuristic
True,True,15,15,4.25,4.25,False,0.09375,0.015698838979005814,0.999879777431488,1,0.0,True,14,16,15,15,8,fixed8,heuristic
True,True,15,15,4.1875,4.1875,False,0.09375,0.013170385733246803,0.9999368190765381,1,0.0,True,14,17,15,15,8,fixed8,heuristic
True,True,13,13,5.9375,5.9375,False,0.09375,0.012390128336846828,0.9999600648880005,1,0.0,True,14,18,15,22,8,fixed8,heuristic
True,True,63594,63594,2.375,2.375,False,0.25,0.0379287414252758,0.9999468326568604,1,0.0,True,14,19,15,11,8,fixed8,heuristic
True,True,17,17,0.5,0.375,False,0.125,0.017694994807243347,0.9999263882637024,1,0.0,True,14,20,15,16,8,fixed8,heuristic
True,True,15,15,4.3125,4.375,False,0.09375,0.018322885036468506,0.9998818039894104,1,0.0,True,14,21,15,15,8,fixed8,heuristic
True,True,15,15,3.9375,3.9375,False,0.078125,0.013816142454743385,0.9999083280563354,1,0.0,True,14,22,15,15,8,fixed8,heuristic
True,True,15,15,3.8125,3.8125,False,0.0859375,0.021996045485138893,0.9997884631156921,1,0.0,True,14,23,15,15,8,fixed8,heuristic
True,True,25,25,7.6875,7.625,False,0.1328125,0.020605720579624176,0.9999126195907593,1,0.0,True,14,24,15,17,8,fixed8,heuristic
True,True,15,15,3.6875,3.625,False,0.09375,0.018742738291621208,0.9998409152030945,1,0.0,True,14,25,15,15,8,fixed8,heuristic
True,True,15,15,4.5,4.5,False,0.0860595703125,0.021278563886880875,0.9997997879981995,1,0.0,True,14,26,15,15,8,fixed8,heuristic
True,True,18,18,0.125,0.125,False,0.09375,0.01598172076046467,0.9999114871025085,1,0.0,False,14,27,15,25,8,fixed8,heuristic
True,True,15,15,4.8125,4.8125,False,0.06640625,0.0121331587433815,0.9999245405197144,1,0.0,True,14,28,15,15,8,fixed8,heuristic
True,True,15,15,4.25,4.3125,False,0.078125,0.020023496821522713,0.9998689293861389,1,0.0,True,14,29,15,15,8,fixed8,heuristic
True,True,15,15,3.8125,3.8125,False,0.0703125,0.015334617346525192,0.999893844127655,1,0.0,True,14,30,15,15,8,fixed8,heuristic
True,True,1954,1954,1.75,1.75,False,0.1875,0.02127048932015896,0.9999338388442993,1,0.0,True,14,31,15,274,8,fixed8,heuristic
True,True,15,15,4.625,4.6875,False,0.09375,0.01648624800145626,0.9998766779899597,1,0.0,True,15,0,16,15,8,fixed8,heuristic
True,True,15,15,4.25,4.25,False,0.1015625,0.028097495436668396,0.9997274875640869,1,0.0,True,15,1,16,15,8,fixed8,heuristic
True,True,15,15,1.0,1.0,False,0.15625,0.05799746885895729,0.9993664622306824,1,0.0,True,15,2,16,15,8,fixed8,heuristic
True,True,15,15,4.5625,4.5,False,0.09375,0.02661391906440258,0.9997416138648987,1,0.0,True,15,3,16,15,8,fixed8,heuristic
True,True,15,15,2.25,2.25,False,0.1875,0.020180439576506615,0.9997818470001221,1,0.0,True,15,4,16,15,8,fixed8,heuristic
True,True,15,15,4.375,4.375,False,0.078125,0.018420642241835594,0.9998635053634644,1,0.0,True,15,5,16,15,8,fixed8,heuristic
True,True,15,15,4.6875,4.625,False,0.080078125,0.01707586646080017,0.9998698234558105,1,0.0,True,15,6,16,15,8,fixed8,heuristic
True,True,15,15,4.8125,4.875,False,0.080078125,0.012334270402789116,0.9999226331710815,1,0.0,True,15,7,16,15,8,fixed8,heuristic
True,True,25,25,7.0,6.9375,False,0.125,0.019860150292515755,0.9999583959579468,1,0.0,True,15,8,16,17,8,fixed8,heuristic
True,True,15,15,4.1875,4.1875,False,0.0625,0.01399185135960579,0.9999138116836548,1,0.0,True,15,9,16,15,8,fixed8,heuristic
True,True,15,15,4.5,4.5,False,0.0859375,0.01268084067851305,0.9999175071716309,1,0.0,True,15,10,16,15,8,fixed8,heuristic
True,True,15,15,4.0625,4.125,False,0.06591796875,0.012051406316459179,0.9999329447746277,1,0.0,True,15,11,16,15,8,fixed8,heuristic
True,True,15,15,4.1875,4.1875,False,0.078125,0.013583197258412838,0.9999118447303772,1,0.0,True,15,12,16,15,8,fixed8,heuristic
True,True,15,15,6.3125,6.3125,False,0.1796875,0.02938229590654373,0.9997692108154297,1,0.0,True,15,13,16,16,8,fixed8,heuristic
True,True,15,15,3.4375,3.4375,False,0.0625,0.009495205245912075,0.9999584555625916,1,0.0,True,15,14,16,15,8,fixed8,heuristic
True,True,15,15,3.875,3.9375,False,0.0703125,0.012388326227664948,0.9999219179153442,1,0.0,True,15,15,16,15,8,fixed8,heuristic
True,True,15,15,4.6875,4.75,False,0.125,0.012700875289738178,0.9999181628227234,1,0.0,True,15,16,16,15,8,fixed8,heuristic
True,True,15,15,4.5,4.5625,False,0.078125,0.02126079984009266,0.9998533725738525,1,0.0,True,15,17,16,15,8,fixed8,heuristic
True,True,23,23,6.625,6.6875,False,0.09375,0.014108655974268913,0.9999476671218872,1,0.0,True,15,18,16,13,8,fixed8,heuristic
True,True,11,11,2.375,2.5,False,0.375,0.05013440176844597,0.9999537467956543,1,0.0,True,15,19,16,63594,8,fixed8,heuristic
True,True,25,25,0.9375,0.875,False,0.125,0.020150957629084587,0.9999189972877502,1,0.0,True,15,20,16,17,8,fixed8,heuristic
True,True,15,15,4.5,4.5625,False,0.09375,0.018217764794826508,0.9998512268066406,1,0.0,True,15,21,16,15,8,fixed8,heuristic
True,True,15,15,4.1875,4.1875,False,0.0859375,0.019113196060061455,0.999855101108551,1,0.0,True,15,22,16,15,8,fixed8,heuristic
True,True,15,15,4.125,4.1875,False,0.08203125,0.017596052959561348,0.999860942363739,1,0.0,True,15,23,16,15,8,fixed8,heuristic
True,True,15,15,1.125,1.125,False,0.140625,0.03319285437464714,0.9998379945755005,1,0.0,True,15,24,16,25,8,fixed8,heuristic
True,True,15,15,3.9375,3.9375,False,0.0625,0.012685956433415413,0.9999222159385681,1,0.0,True,15,25,16,15,8,fixed8,heuristic
True,True,15,15,4.6875,4.625,False,0.0703125,0.012567592784762383,0.9999181628227234,1,0.0,True,15,26,16,15,8,fixed8,heuristic
True,True,15,15,0.25,0.25,False,0.2041015625,0.08109327405691147,0.9982019662857056,1,0.0,False,15,27,16,18,8,fixed8,heuristic
True,True,15,15,5.1875,5.0625,False,0.125,0.013676686212420464,0.9998994469642639,1,0.0,True,15,28,16,15,8,fixed8,heuristic
True,True,15,15,4.6875,4.625,False,0.078125,0.012897631153464317,0.9999294281005859,1,0.0,True,15,29,16,15,8,fixed8,heuristic
True,True,15,15,3.8125,3.8125,False,0.086669921875,0.013721260242164135,0.9999111294746399,1,0.0,True,15,30,16,15,8,fixed8,heuristic
True,True,861,861,3.0,3.0,False,0.125,0.01598847284913063,0.9999041557312012,1,0.0,True,15,31,16,1954,8,fixed8,heuristic
